race_id,candidate,party,direction,amount,date_paid,paid_to,what_for,image_number,cycle,filing_url
2026-H-AZ-01,Amish Shah,DEM,oppose,18660.00,2026-10-06,FUNDAMENTAL DIGITAL STRATEGY LLC,DIGITAL MEDIA,202610069908547197,2026,https://docquery.fec.gov/cgi-bin/fecimg/?202610069908547197
2026-H-AZ-01,Jay Feely,REP,support,18660.00,2026-10-06,FUNDAMENTAL DIGITAL STRATEGY LLC,DIGITAL MEDIA,202610069908547197,2026,https://docquery.fec.gov/cgi-bin/fecimg/?202610069908547197
2026-H-AZ-01,Jay Feely,REP,support,12220.20,2026-10-05,CALIBER CONTACT,PRINTING,202610059908536204,2026,https://docquery.fec.gov/cgi-bin/fecimg/?202610059908536204
2026-H-AZ-01,Amish Shah,DEM,oppose,29911.25,2026-10-02,IMGE LLC,DIGITAL MEDIA,202610029908511771,2026,https://docquery.fec.gov/cgi-bin/fecimg/?202610029908511771
2026-H-AZ-01,Jay Feely,REP,support,29911.25,2026-10-02,IMGE LLC,DIGITAL MEDIA,202610029908511771,2026,https://docquery.fec.gov/cgi-bin/fecimg/?202610029908511771
2026-H-AZ-01,Jay Feely,REP,support,52012.62,2026-09-30,CALIBER CONTACT,PRINTING/POSTAGE,202609309908498238,2026,https://docquery.fec.gov/cgi-bin/fecimg/?202609309908498238
2026-H-AZ-01,Jay Feely,REP,support,23816.10,2026-09-30,CONNECTION STRATEGY LLC,MESSAGE PHONE CALLS,202609309908498242,2026,https://docquery.fec.gov/cgi-bin/fecimg/?202609309908498242
2026-H-AZ-01,Jay Feely,REP,support,52012.62,2026-09-24,CALIBER CONTACT,PRINTING/POSTAGE,202609249908417835,2026,https://docquery.fec.gov/cgi-bin/fecimg/?202609249908417835
2026-H-AZ-01,Jay Feely,REP,support,52012.62,2026-09-21,CALIBER CONTACT,PRINTING/POSTAGE,202609219908383837,2026,https://docquery.fec.gov/cgi-bin/fecimg/?202609219908383837
2026-H-AZ-01,Jay Feely,REP,support,49695.42,2026-09-14,CALIBER CONTACT,PRINTING/POSTAGE,202609149904205608,2026,https://docquery.fec.gov/cgi-bin/fecimg/?202609149904205608
2026-H-AZ-01,Jay Feely,REP,support,39795.25,2026-09-10,CONNECTION STRATEGY LLC,MESSAGE PHONE CALLS,202609109904190235,2026,https://docquery.fec.gov/cgi-bin/fecimg/?202609109904190235
2026-H-AZ-01,Jay Feely,REP,support,12220.20,2026-09-03,CALIBER CONTACT,PRINTING,202609049904103641,2026,https://docquery.fec.gov/cgi-bin/fecimg/?202609049904103641
2026-H-AZ-06,JoAnna Mendoza,DEM,oppose,8222.50,2026-10-06,FUNDAMENTAL DIGITAL STRATEGY LLC,DIGITAL MEDIA,202610069908547196,2026,https://docquery.fec.gov/cgi-bin/fecimg/?202610069908547196
2026-H-AZ-06,Juan Ciscomani,REP,support,8222.50,2026-10-06,FUNDAMENTAL DIGITAL STRATEGY LLC,DIGITAL MEDIA,202610069908547196,2026,https://docquery.fec.gov/cgi-bin/fecimg/?202610069908547196
2026-H-AZ-06,Juan Ciscomani,REP,support,12220.20,2026-10-05,CALIBER CONTACT,PRINTING,202610059908536205,2026,https://docquery.fec.gov/cgi-bin/fecimg/?202610059908536205
2026-H-AZ-06,Juan Ciscomani,REP,support,24059.70,2026-10-02,CONNECTION STRATEGY LLC,MESSAGE PHONE CALLS,202610029908511767,2026,https://docquery.fec.gov/cgi-bin/fecimg/?202610029908511767
2026-H-AZ-06,JoAnna Mendoza,DEM,oppose,30041.78,2026-10-01,IMGE LLC,DIGITAL MEDIA,202610019908503265,2026,https://docquery.fec.gov/cgi-bin/fecimg/?202610019908503265
2026-H-AZ-06,Juan Ciscomani,REP,support,30041.78,2026-10-01,IMGE LLC,DIGITAL MEDIA,202610019908503265,2026,https://docquery.fec.gov/cgi-bin/fecimg/?202610019908503265
2026-H-AZ-06,Juan Ciscomani,REP,support,49730.47,2026-09-30,CALIBER CONTACT,PRINTING/POSTAGE,202609309908498239,2026,https://docquery.fec.gov/cgi-bin/fecimg/?202609309908498239
2026-H-AZ-06,Juan Ciscomani,REP,support,49147.70,2026-09-24,CALIBER CONTACT,PRINTING/POSTAGE,202609249908417835,2026,https://docquery.fec.gov/cgi-bin/fecimg/?202609249908417835
2026-H-AZ-06,Juan Ciscomani,REP,support,49147.70,2026-09-21,CALIBER CONTACT,PRINTING/POSTAGE,202609219908383837,2026,https://docquery.fec.gov/cgi-bin/fecimg/?202609219908383837
2026-H-AZ-06,Juan Ciscomani,REP,support,49147.70,2026-09-14,CALIBER CONTACT,PRINTING/POSTAGE,202609149904205607,2026,https://docquery.fec.gov/cgi-bin/fecimg/?202609149904205607
2026-H-AZ-06,Juan Ciscomani,REP,support,40122.50,2026-09-10,CONNECTION STRATEGY LLC,MESSAGE PHONE CALLS,202609109904190235,2026,https://docquery.fec.gov/cgi-bin/fecimg/?202609109904190235
2026-H-AZ-06,Juan Ciscomani,REP,support,12220.20,2026-09-03,CALIBER CONTACT,PRINTING,202609049904103641,2026,https://docquery.fec.gov/cgi-bin/fecimg/?202609049904103641
2026-H-CA-22,Randy Villegas,DEM,oppose,29695.00,2026-10-06,FUNDAMENTAL DIGITAL STRATEGY LLC,DIGITAL MEDIA,202610069908547195,2026,https://docquery.fec.gov/cgi-bin/fecimg/?202610069908547195
2026-H-CA-22,David G. Valadao,REP,support,28001.36,2026-10-05,CALIBER CONTACT,PRINTING/POSTAGE,202610059908536204,2026,https://docquery.fec.gov/cgi-bin/fecimg/?202610059908536204
2026-H-CA-22,David G. Valadao,REP,support,28001.36,2026-10-05,CALIBER CONTACT,PRINTING/POSTAGE,202610059908536207,2026,https://docquery.fec.gov/cgi-bin/fecimg/?202610059908536207
2026-H-CA-22,David G. Valadao,REP,support,8565.00,2026-10-05,CALIBER CONTACT,PRINTING,202610059908536205,2026,https://docquery.fec.gov/cgi-bin/fecimg/?202610059908536205
2026-H-CA-22,David G. Valadao,REP,support,17698.73,2026-10-01,IMGE LLC,DIGITAL MEDIA,202610019908503267,2026,https://docquery.fec.gov/cgi-bin/fecimg/?202610019908503267
2026-H-CA-22,Randy Villegas,DEM,oppose,17698.72,2026-10-01,IMGE LLC,DIGITAL MEDIA,202610019908503267,2026,https://docquery.fec.gov/cgi-bin/fecimg/?202610019908503267
2026-H-CA-22,David G. Valadao,REP,support,28037.76,2026-09-30,CALIBER CONTACT,PRINTING/POSTAGE,202609309908498239,2026,https://docquery.fec.gov/cgi-bin/fecimg/?202609309908498239
2026-H-CA-22,David G. Valadao,REP,support,11191.95,2026-09-30,CONNECTION STRATEGY LLC,MESSAGE PHONE CALLS,202609309908498243,2026,https://docquery.fec.gov/cgi-bin/fecimg/?202609309908498243
2026-H-CA-22,David G. Valadao,REP,support,30917.23,2026-09-24,CALIBER CONTACT,PRINTING/POSTAGE,202609249908417834,2026,https://docquery.fec.gov/cgi-bin/fecimg/?202609249908417834
2026-H-CA-22,David G. Valadao,REP,support,30917.23,2026-09-21,CALIBER CONTACT,PRINTING/POSTAGE,202609219908383838,2026,https://docquery.fec.gov/cgi-bin/fecimg/?202609219908383838
2026-H-CA-22,David G. Valadao,REP,support,30917.23,2026-09-14,CALIBER CONTACT,PRINTING,202609149904205607,2026,https://docquery.fec.gov/cgi-bin/fecimg/?202609149904205607
2026-H-CA-22,David G. Valadao,REP,support,20241.10,2026-09-10,CONNECTION STRATEGY LLC,MESSAGE PHONE CALLS,202609109904190234,2026,https://docquery.fec.gov/cgi-bin/fecimg/?202609109904190234
2026-H-CA-22,David G. Valadao,REP,support,12220.20,2026-09-03,CALIBER CONTACT,PRINTING,202609049904103642,2026,https://docquery.fec.gov/cgi-bin/fecimg/?202609049904103642
2026-H-CO-08,Manny Rutinel,DEM,oppose,16195.00,2026-10-06,FUNDAMENTAL DIGITAL STRATEGY LLC,DIGITAL MEDIA,202610069908547192,2026,https://docquery.fec.gov/cgi-bin/fecimg/?202610069908547192
2026-H-CO-08,Gabe Evans,REP,support,9820.00,2026-10-05,CALIBER CONTACT,PRINTING,202610059908536206,2026,https://docquery.fec.gov/cgi-bin/fecimg/?202610059908536206
2026-H-CO-08,Manny Rutinel,DEM,oppose,36213.01,2026-10-01,IMGE LLC,DIGITAL MEDIA,202610019908503264,2026,https://docquery.fec.gov/cgi-bin/fecimg/?202610019908503264
2026-H-CO-08,Gabe Evans,REP,support,28992.58,2026-09-30,CALIBER CONTACT,PRINTING/POSTAGE,202609309908498238,2026,https://docquery.fec.gov/cgi-bin/fecimg/?202609309908498238
2026-H-CO-08,Gabe Evans,REP,support,30241.88,2026-09-24,CALIBER CONTACT,PRINTING/POSTAGE,202609249908417833,2026,https://docquery.fec.gov/cgi-bin/fecimg/?202609249908417833
2026-H-CO-08,Gabe Evans,REP,support,30241.88,2026-09-21,CALIBER CONTACT,PRINTING/POSTAGE,202609219908383839,2026,https://docquery.fec.gov/cgi-bin/fecimg/?202609219908383839
2026-H-CO-08,Gabe Evans,REP,support,30241.88,2026-09-14,CALIBER CONTACT,PRINTING/POSTAGE,202609149904205606,2026,https://docquery.fec.gov/cgi-bin/fecimg/?202609149904205606
2026-H-CO-08,Gabe Evans,REP,support,21320.20,2026-09-10,CONNECTION STRATEGY LLC,MESSAGE PHONE CALLS,202609109904190232,2026,https://docquery.fec.gov/cgi-bin/fecimg/?202609109904190232
2026-H-CO-08,Gabe Evans,REP,support,12220.20,2026-09-03,CALIBER CONTACT,PRINTING,202609049904103643,2026,https://docquery.fec.gov/cgi-bin/fecimg/?202609049904103643
2026-H-FL-25,Jared Moskowitz,DEM,oppose,24559.59,2026-10-06,STORYTELLERS GROUP LLC,PRINTING/POSTAGE,202610069908547218,2026,https://docquery.fec.gov/cgi-bin/fecimg/?202610069908547218
2026-H-FL-25,Scott Singer,REP,support,24559.59,2026-10-06,STORYTELLERS GROUP LLC,PRINTING/POSTAGE,202610069908547218,2026,https://docquery.fec.gov/cgi-bin/fecimg/?202610069908547218
2026-H-FL-25,Jared Moskowitz,DEM,oppose,4250.00,2026-10-02,IMGE LLC,DIGITAL MEDIA,202610029908511770,2026,https://docquery.fec.gov/cgi-bin/fecimg/?202610029908511770
2026-H-FL-25,Scott Singer,REP,support,4250.00,2026-10-02,IMGE LLC,DIGITAL MEDIA,202610029908511770,2026,https://docquery.fec.gov/cgi-bin/fecimg/?202610029908511770
2026-H-FL-25,Jared Moskowitz,DEM,oppose,24559.59,2026-10-01,STORYTELLERS GROUP LLC,PRINTING/POSTAGE,202610019908503271,2026,https://docquery.fec.gov/cgi-bin/fecimg/?202610019908503271
2026-H-FL-25,Scott Singer,REP,support,24559.59,2026-10-01,STORYTELLERS GROUP LLC,PRINTING/POSTAGE,202610019908503270,2026,https://docquery.fec.gov/cgi-bin/fecimg/?202610019908503270
2026-H-FL-25,Jared Moskowitz,DEM,oppose,11363.10,2026-09-30,CONNECTION STRATEGY LLC,MESSAGE PHONE CALLS,202609309908498241,2026,https://docquery.fec.gov/cgi-bin/fecimg/?202609309908498241
2026-H-FL-25,Scott Singer,REP,support,11363.10,2026-09-30,CONNECTION STRATEGY LLC,MESSAGE PHONE CALLS,202609309908498240,2026,https://docquery.fec.gov/cgi-bin/fecimg/?202609309908498240
2026-H-FL-25,Jared Moskowitz,DEM,oppose,25828.96,2026-09-29,IMGE LLC,DIGITAL MEDIA,202609299908492896,2026,https://docquery.fec.gov/cgi-bin/fecimg/?202609299908492896
2026-H-FL-25,Scott Singer,REP,support,25828.96,2026-09-29,IMGE LLC,DIGITAL MEDIA,202609299908492895,2026,https://docquery.fec.gov/cgi-bin/fecimg/?202609299908492895
2026-H-FL-25,Jared Moskowitz,DEM,oppose,29365.50,2026-09-24,IMGE LLC,DIGITAL MEDIA,202609249908417857,2026,https://docquery.fec.gov/cgi-bin/fecimg/?202609249908417857
2026-H-FL-25,Jared Moskowitz,DEM,oppose,10728.75,2026-09-24,IMGE LLC,TEXTING SERVICE,202609249908417852,2026,https://docquery.fec.gov/cgi-bin/fecimg/?202609249908417852
2026-H-FL-25,Jared Moskowitz,DEM,oppose,10000.00,2026-09-24,IMGE LLC,DIGITAL MEDIA,202609249908417857,2026,https://docquery.fec.gov/cgi-bin/fecimg/?202609249908417857
2026-H-FL-25,Jared Moskowitz,DEM,oppose,335.00,2026-09-24,IMGE LLC,TEXTING SERVICE,202609249908417852,2026,https://docquery.fec.gov/cgi-bin/fecimg/?202609249908417852
2026-H-FL-25,Jared Moskowitz,DEM,oppose,4336.20,2026-09-15,STORYTELLERS GROUP LLC,PRINTING,202609159904217897,2026,https://docquery.fec.gov/cgi-bin/fecimg/?202609159904217897
2026-H-FL-25,Scott Singer,REP,support,4336.20,2026-09-15,STORYTELLERS GROUP LLC,PRINTING,202609159904217896,2026,https://docquery.fec.gov/cgi-bin/fecimg/?202609159904217896
2026-H-FL-25,Jared Moskowitz,DEM,oppose,19364.95,2026-09-10,CONNECTION STRATEGY LLC,MESSAGE PHONE CALLS,202609109904190232,2026,https://docquery.fec.gov/cgi-bin/fecimg/?202609109904190232
2026-H-FL-25,Scott Singer,REP,support,19364.95,2026-09-10,CONNECTION STRATEGY LLC,MESSAGE PHONE CALLS,202609109904190231,2026,https://docquery.fec.gov/cgi-bin/fecimg/?202609109904190231
2026-H-FL-25,Scott Singer,REP,support,2720.55,2026-09-09,IMGE LLC,TEXTING SERVICE,202609099904179072,2026,https://docquery.fec.gov/cgi-bin/fecimg/?202609099904179072
2026-H-FL-25,Jared Moskowitz,DEM,oppose,2720.54,2026-09-09,IMGE LLC,TEXTING SERVICE,202609099904179072,2026,https://docquery.fec.gov/cgi-bin/fecimg/?202609099904179072
2026-H-FL-25,Jared Moskowitz,DEM,oppose,1012.50,2026-09-09,IMGE LLC,TEXTING SERVICE,202609099904179073,2026,https://docquery.fec.gov/cgi-bin/fecimg/?202609099904179073
2026-H-FL-25,Scott Singer,REP,support,1012.50,2026-09-09,IMGE LLC,TEXTING SERVICE,202609099904179073,2026,https://docquery.fec.gov/cgi-bin/fecimg/?202609099904179073
2026-H-FL-25,Jared Moskowitz,DEM,oppose,4336.20,2026-08-31,STORYTELLERS GROUP LLC,PRINTING,202609029904082309,2026,https://docquery.fec.gov/cgi-bin/fecimg/?202609029904082309
2026-H-FL-25,Scott Singer,REP,support,4336.20,2026-08-31,STORYTELLERS GROUP LLC,PRINTING,202609029904082309,2026,https://docquery.fec.gov/cgi-bin/fecimg/?202609029904082309
2026-H-FL-25,Scott Singer,REP,support,500.00,2026-08-27,STORYTELLERS GROUP LLC,PRINTING,202609029904082301,2026,https://docquery.fec.gov/cgi-bin/fecimg/?202609029904082301
2026-H-IA-01,Mariannette Miller-Meeks,REP,support,4034.80,2026-10-06,CONNECTION STRATEGY LLC,MESSAGE PHONE CALLS,202610069908547179,2026,https://docquery.fec.gov/cgi-bin/fecimg/?202610069908547179
2026-H-IA-01,Christina Bohannan,DEM,oppose,10654.16,2026-10-01,THE BAKER GROUP LLC,PRINTING/POSTAGE,202610019908503273,2026,https://docquery.fec.gov/cgi-bin/fecimg/?202610019908503273
2026-H-IA-01,Christina Bohannan,DEM,oppose,1760.89,2026-10-01,IMGE LLC,TEXTING SERVICE,202610019908503254,2026,https://docquery.fec.gov/cgi-bin/fecimg/?202610019908503254
2026-H-IA-01,Christina Bohannan,DEM,oppose,28797.06,2026-09-29,IMGE LLC,DIGITAL MEDIA,202609299908492896,2026,https://docquery.fec.gov/cgi-bin/fecimg/?202609299908492896
2026-H-IA-01,Christina Bohannan,DEM,oppose,60500.00,2026-09-28,FULL REACH MEDIA GROUP LLC,DIGITAL MEDIA,202609289908481353,2026,https://docquery.fec.gov/cgi-bin/fecimg/?202609289908481353
2026-H-IA-01,Christina Bohannan,DEM,oppose,40282.00,2026-09-28,THE BAKER GROUP LLC,PRINTING/POSTAGE,202609289908481373,2026,https://docquery.fec.gov/cgi-bin/fecimg/?202609289908481373
2026-H-IA-01,Christina Bohannan,DEM,oppose,837.34,2026-09-24,IMGE LLC,TEXTING SERVICE,202609249908417850,2026,https://docquery.fec.gov/cgi-bin/fecimg/?202609249908417850
2026-H-IA-01,Christina Bohannan,DEM,oppose,9930.00,2026-09-18,THE BAKER GROUP LLC,PRINTING/POSTAGE,202609189904424535,2026,https://docquery.fec.gov/cgi-bin/fecimg/?202609189904424535
2026-H-IA-01,Mariannette Miller-Meeks,REP,support,15923.05,2026-09-09,CONNECTION STRATEGY LLC,MESSAGE PHONE CALLS,202609099904179036,2026,https://docquery.fec.gov/cgi-bin/fecimg/?202609099904179036
2026-H-IA-02,Joe Mitchell,REP,support,3734.33,2026-10-06,CONNECTION STRATEGY LLC,MESSAGE PHONE CALLS,202610069908547185,2026,https://docquery.fec.gov/cgi-bin/fecimg/?202610069908547185
2026-H-IA-02,Lindsay James,DEM,oppose,9559.87,2026-10-01,THE BAKER GROUP LLC,PRINTING/POSTAGE,202610019908503274,2026,https://docquery.fec.gov/cgi-bin/fecimg/?202610019908503274
2026-H-IA-02,Joe Mitchell,REP,support,814.58,2026-10-01,IMGE LLC,TEXTING SERVICE,202610019908503253,2026,https://docquery.fec.gov/cgi-bin/fecimg/?202610019908503253
2026-H-IA-02,Lindsay James,DEM,oppose,814.57,2026-10-01,IMGE LLC,TEXTING SERVICE,202610019908503254,2026,https://docquery.fec.gov/cgi-bin/fecimg/?202610019908503254
2026-H-IA-02,Lindsay James,DEM,oppose,26904.53,2026-09-29,IMGE LLC,DIGITAL MEDIA,202609299908492895,2026,https://docquery.fec.gov/cgi-bin/fecimg/?202609299908492895
2026-H-IA-02,Lindsay James,DEM,oppose,36037.00,2026-09-28,THE BAKER GROUP LLC,PRINTING/POSTAGE,202609289908481373,2026,https://docquery.fec.gov/cgi-bin/fecimg/?202609289908481373
2026-H-IA-02,Lindsay James,DEM,oppose,768.51,2026-09-24,IMGE LLC,TEXTING SERVICE,202609249908417849,2026,https://docquery.fec.gov/cgi-bin/fecimg/?202609249908417849
2026-H-IA-02,Lindsay James,DEM,oppose,8783.00,2026-09-18,THE BAKER GROUP LLC,PRINTING/POSTAGE,202609189904424535,2026,https://docquery.fec.gov/cgi-bin/fecimg/?202609189904424535
2026-H-IA-02,Joe Mitchell,REP,support,14792.70,2026-09-09,CONNECTION STRATEGY LLC,MESSAGE PHONE CALLS,202609099904179037,2026,https://docquery.fec.gov/cgi-bin/fecimg/?202609099904179037
2026-H-IA-03,Zachary Nunn,REP,support,4225.64,2026-10-06,CONNECTION STRATEGY LLC,MESSAGE PHONE CALLS,202610069908547178,2026,https://docquery.fec.gov/cgi-bin/fecimg/?202610069908547178
2026-H-IA-03,Sarah Trone Garriott,DEM,oppose,10757.54,2026-10-01,THE BAKER GROUP LLC,PRINTING/POSTAGE,202610019908503274,2026,https://docquery.fec.gov/cgi-bin/fecimg/?202610019908503274
2026-H-IA-03,Sarah Trone Garriott,DEM,oppose,918.34,2026-10-01,IMGE LLC,TEXTING SERVICE,202610019908503255,2026,https://docquery.fec.gov/cgi-bin/fecimg/?202610019908503255
2026-H-IA-03,Zachary Nunn,REP,support,918.34,2026-10-01,IMGE LLC,TEXTING SERVICE,202610019908503255,2026,https://docquery.fec.gov/cgi-bin/fecimg/?202610019908503255
2026-H-IA-03,Sarah Trone Garriott,DEM,oppose,28477.61,2026-09-29,IMGE LLC,DIGITAL MEDIA,202609299908492894,2026,https://docquery.fec.gov/cgi-bin/fecimg/?202609299908492894
2026-H-IA-03,Sarah Trone Garriott,DEM,oppose,40152.00,2026-09-28,THE BAKER GROUP LLC,PRINTING/POSTAGE,202609289908481374,2026,https://docquery.fec.gov/cgi-bin/fecimg/?202609289908481374
2026-H-IA-03,Sarah Trone Garriott,DEM,oppose,851.49,2026-09-24,IMGE LLC,TEXTING SERVICE,202609249908417845,2026,https://docquery.fec.gov/cgi-bin/fecimg/?202609249908417845
2026-H-IA-03,Sarah Trone Garriott,DEM,oppose,7033.00,2026-09-18,THE BAKER GROUP LLC,PRINTING/POSTAGE,202609189904424536,2026,https://docquery.fec.gov/cgi-bin/fecimg/?202609189904424536
2026-H-IA-03,Zachary Nunn,REP,support,16676.07,2026-09-09,CONNECTION STRATEGY LLC,MESSAGE PHONE CALLS,202609099904179038,2026,https://docquery.fec.gov/cgi-bin/fecimg/?202609099904179038
2026-H-ME-02,Matt Dunlap,DEM,oppose,41204.11,2026-10-05,IMGE LLC,DIGITAL MEDIA,202610059908536207,2026,https://docquery.fec.gov/cgi-bin/fecimg/?202610059908536207
2026-H-ME-02,Paul LePage,REP,support,28845.00,2026-10-05,RED MAVERICK MEDIA LLC,PRINTING/POSTAGE,202610059908536215,2026,https://docquery.fec.gov/cgi-bin/fecimg/?202610059908536215
2026-H-ME-02,Matt Dunlap,DEM,oppose,19500.00,2026-10-05,IMGE LLC,DIGITAL MEDIA,202610059908536215,2026,https://docquery.fec.gov/cgi-bin/fecimg/?202610059908536215
2026-H-ME-02,Matt Dunlap,DEM,oppose,9615.00,2026-10-05,RED MAVERICK MEDIA LLC,PRINTING/POSTAGE,202610059908536216,2026,https://docquery.fec.gov/cgi-bin/fecimg/?202610059908536216
2026-H-ME-02,Matt Dunlap,DEM,oppose,25145.07,2026-10-01,IMGE LLC,DIGITAL MEDIA,202610019908503256,2026,https://docquery.fec.gov/cgi-bin/fecimg/?202610019908503256
2026-H-ME-02,Paul LePage,REP,support,25145.07,2026-10-01,IMGE LLC,DIGITAL MEDIA,202610019908503256,2026,https://docquery.fec.gov/cgi-bin/fecimg/?202610019908503256
2026-H-ME-02,Matt Dunlap,DEM,oppose,10250.00,2026-10-01,IMGE LLC,DIGITAL MEDIA,202610019908503257,2026,https://docquery.fec.gov/cgi-bin/fecimg/?202610019908503257
2026-H-ME-02,Paul LePage,REP,support,10250.00,2026-10-01,IMGE LLC,DIGITAL MEDIA,202610019908503257,2026,https://docquery.fec.gov/cgi-bin/fecimg/?202610019908503257
2026-H-ME-02,Paul LePage,REP,support,1322.44,2026-09-24,IMGE LLC,TEXTING SERVICE,202609249908417859,2026,https://docquery.fec.gov/cgi-bin/fecimg/?202609249908417859
2026-H-ME-02,Matt Dunlap,DEM,oppose,1322.43,2026-09-24,IMGE LLC,TEXTING SERVICE,202609249908417859,2026,https://docquery.fec.gov/cgi-bin/fecimg/?202609249908417859
2026-H-ME-02,Matt Dunlap,DEM,oppose,24288.00,2026-09-21,RED MAVERICK MEDIA LLC,PRINTING/POSTAGE,202609219908383840,2026,https://docquery.fec.gov/cgi-bin/fecimg/?202609219908383840
2026-H-ME-02,Paul LePage,REP,support,24288.00,2026-09-21,RED MAVERICK MEDIA LLC,PRINTING/POSTAGE,202609219908383839,2026,https://docquery.fec.gov/cgi-bin/fecimg/?202609219908383839
2026-H-ME-02,Matt Dunlap,DEM,oppose,24288.00,2026-09-14,RED MAVERICK MEDIA LLC,PRINTING/POSTAGE,202609149904205612,2026,https://docquery.fec.gov/cgi-bin/fecimg/?202609149904205612
2026-H-ME-02,Paul LePage,REP,support,24288.00,2026-09-14,RED MAVERICK MEDIA LLC,PRINTING/POSTAGE,202609149904205611,2026,https://docquery.fec.gov/cgi-bin/fecimg/?202609149904205611
2026-H-ME-02,Matt Dunlap,DEM,oppose,48576.00,2026-09-10,RED MAVERICK MEDIA LLC,PRINTING/POSTAGE,202609109904190245,2026,https://docquery.fec.gov/cgi-bin/fecimg/?202609109904190245
2026-H-ME-02,Paul LePage,REP,support,15525.00,2026-09-09,CONNECTION STRATEGY LLC,MESSAGE PHONE CALLS,202609099904179040,2026,https://docquery.fec.gov/cgi-bin/fecimg/?202609099904179040
2026-H-ME-02,Matt Dunlap,DEM,oppose,2224.97,2026-09-09,IMGE LLC,TEXTING SERVICE,202609099904179070,2026,https://docquery.fec.gov/cgi-bin/fecimg/?202609099904179070
2026-H-ME-02,Paul LePage,REP,support,2224.97,2026-09-09,IMGE LLC,TEXTING SERVICE,202609099904179070,2026,https://docquery.fec.gov/cgi-bin/fecimg/?202609099904179070
2026-H-ME-02,Matt Dunlap,DEM,oppose,590.00,2026-09-09,IMGE LLC,TEXTING SERVICE,202609099904179074,2026,https://docquery.fec.gov/cgi-bin/fecimg/?202609099904179074
2026-H-ME-02,Paul LePage,REP,support,590.00,2026-09-09,IMGE LLC,TEXTING SERVICE,202609099904179074,2026,https://docquery.fec.gov/cgi-bin/fecimg/?202609099904179074
2026-H-MI-04,Bill Huizenga,REP,support,4849.70,2026-10-06,CONNECTION STRATEGY LLC,MESSAGE PHONE CALLS,202610069908547175,2026,https://docquery.fec.gov/cgi-bin/fecimg/?202610069908547175
2026-H-MI-04,Sean McCann,DEM,oppose,887.50,2026-10-05,RED ZONE STRATEGIC LLC,PRINTING,202610059908536223,2026,https://docquery.fec.gov/cgi-bin/fecimg/?202610059908536223
2026-H-MI-04,Bill Huizenga,REP,support,887.50,2026-10-05,RED ZONE STRATEGIC LLC,PRINTING,202610059908536222,2026,https://docquery.fec.gov/cgi-bin/fecimg/?202610059908536222
2026-H-MI-04,Sean McCann,DEM,oppose,8500.00,2026-10-02,IMGE LLC,DIGITAL MEDIA,202610029908511768,2026,https://docquery.fec.gov/cgi-bin/fecimg/?202610029908511768
2026-H-MI-04,Bill Huizenga,REP,support,23615.97,2026-10-01,IMGE LLC,DIGITAL MEDIA,202610019908503263,2026,https://docquery.fec.gov/cgi-bin/fecimg/?202610019908503263
2026-H-MI-04,Sean McCann,DEM,oppose,23615.96,2026-10-01,IMGE LLC,DIGITAL MEDIA,202610019908503263,2026,https://docquery.fec.gov/cgi-bin/fecimg/?202610019908503263
2026-H-MI-04,Sean McCann,DEM,oppose,9129.94,2026-09-30,RED ZONE STRATEGIC LLC,PRINTING/POSTAGE,202609309908498257,2026,https://docquery.fec.gov/cgi-bin/fecimg/?202609309908498257
2026-H-MI-04,Bill Huizenga,REP,support,9129.94,2026-09-30,RED ZONE STRATEGIC LLC,PRINTING/POSTAGE,202609309908498256,2026,https://docquery.fec.gov/cgi-bin/fecimg/?202609309908498256
2026-H-MI-04,Sean McCann,DEM,oppose,26161.05,2026-09-25,IMGE LLC,DIGITAL MEDIA,202609259908418862,2026,https://docquery.fec.gov/cgi-bin/fecimg/?202609259908418862
2026-H-MI-04,Sean McCann,DEM,oppose,37500.00,2026-09-24,IMGE LLC,DIGITAL MEDIA,202609249908417839,2026,https://docquery.fec.gov/cgi-bin/fecimg/?202609249908417839
2026-H-MI-04,Sean McCann,DEM,oppose,27531.99,2026-09-24,IMGE LLC,DIGITAL MEDIA,202609249908417837,2026,https://docquery.fec.gov/cgi-bin/fecimg/?202609249908417837
2026-H-MI-04,Sean McCann,DEM,oppose,5740.10,2026-09-24,IMGE LLC,TEXTING SERVICE,202609249908417854,2026,https://docquery.fec.gov/cgi-bin/fecimg/?202609249908417854
2026-H-MI-04,Sean McCann,DEM,oppose,1180.00,2026-09-24,IMGE LLC,TEXTING SERVICE,202609249908417856,2026,https://docquery.fec.gov/cgi-bin/fecimg/?202609249908417856
2026-H-MI-04,Bill Huizenga,REP,support,7398.95,2026-09-09,CONNECTION STRATEGY LLC,MESSAGE PHONE CALLS,202609099904179042,2026,https://docquery.fec.gov/cgi-bin/fecimg/?202609099904179042
2026-H-MI-04,Sean McCann,DEM,oppose,5448.63,2026-09-09,IMGE LLC,TEXTING SERVICE,202609099904179067,2026,https://docquery.fec.gov/cgi-bin/fecimg/?202609099904179067
2026-H-MI-04,Bill Huizenga,REP,support,5448.63,2026-09-09,IMGE LLC,TEXTING SERVICE,202609099904179067,2026,https://docquery.fec.gov/cgi-bin/fecimg/?202609099904179067
2026-H-MI-04,Sean McCann,DEM,oppose,1350.00,2026-09-09,IMGE LLC,TEXTING SERVICE,202609099904179063,2026,https://docquery.fec.gov/cgi-bin/fecimg/?202609099904179063
2026-H-MI-04,Bill Huizenga,REP,support,1350.00,2026-09-09,IMGE LLC,TEXTING SERVICE,202609099904179063,2026,https://docquery.fec.gov/cgi-bin/fecimg/?202609099904179063
2026-H-MI-07,Tom Barrett,REP,support,4754.94,2026-10-06,CONNECTION STRATEGY LLC,MESSAGE PHONE CALLS,202610069908547186,2026,https://docquery.fec.gov/cgi-bin/fecimg/?202610069908547186
2026-H-MI-07,William Lawrence,DEM,oppose,687.50,2026-10-05,RED ZONE STRATEGIC LLC,PRINTING,202610059908536227,2026,https://docquery.fec.gov/cgi-bin/fecimg/?202610059908536227
2026-H-MI-07,Tom Barrett,REP,support,687.50,2026-10-05,RED ZONE STRATEGIC LLC,PRINTING,202610059908536226,2026,https://docquery.fec.gov/cgi-bin/fecimg/?202610059908536226
2026-H-MI-07,William Lawrence,DEM,oppose,8500.00,2026-10-02,IMGE LLC,DIGITAL MEDIA,202610029908511769,2026,https://docquery.fec.gov/cgi-bin/fecimg/?202610029908511769
2026-H-MI-07,Tom Barrett,REP,support,24034.31,2026-10-01,IMGE LLC,DIGITAL MEDIA,202610019908503261,2026,https://docquery.fec.gov/cgi-bin/fecimg/?202610019908503261
2026-H-MI-07,William Lawrence,DEM,oppose,24034.30,2026-10-01,IMGE LLC,DIGITAL MEDIA,202610019908503261,2026,https://docquery.fec.gov/cgi-bin/fecimg/?202610019908503261
2026-H-MI-07,William Lawrence,DEM,oppose,12105.04,2026-09-30,RED ZONE STRATEGIC LLC,PRINTING/POSTAGE,202609309908498252,2026,https://docquery.fec.gov/cgi-bin/fecimg/?202609309908498252
2026-H-MI-07,Tom Barrett,REP,support,12105.04,2026-09-30,RED ZONE STRATEGIC LLC,PRINTING/POSTAGE,202609309908498253,2026,https://docquery.fec.gov/cgi-bin/fecimg/?202609309908498253
2026-H-MI-07,William Lawrence,DEM,oppose,26198.12,2026-09-24,IMGE LLC,DIGITAL MEDIA,202609249908417837,2026,https://docquery.fec.gov/cgi-bin/fecimg/?202609249908417837
2026-H-MI-07,William Lawrence,DEM,oppose,10000.00,2026-09-24,IMGE LLC,DIGITAL MEDIA,202609249908417840,2026,https://docquery.fec.gov/cgi-bin/fecimg/?202609249908417840
2026-H-MI-07,William Lawrence,DEM,oppose,5753.28,2026-09-24,IMGE LLC,TEXTING SERVICE,202609249908417855,2026,https://docquery.fec.gov/cgi-bin/fecimg/?202609249908417855
2026-H-MI-07,William Lawrence,DEM,oppose,845.00,2026-09-24,IMGE LLC,TEXTING SERVICE,202609249908417854,2026,https://docquery.fec.gov/cgi-bin/fecimg/?202609249908417854
2026-H-MI-07,Tom Barrett,REP,support,10955.32,2026-09-09,CONNECTION STRATEGY LLC,MESSAGE PHONE CALLS,202609099904179044,2026,https://docquery.fec.gov/cgi-bin/fecimg/?202609099904179044
2026-H-MI-07,Tom Barrett,REP,support,5875.08,2026-09-09,IMGE LLC,TEXTING SERVICE,202609099904179068,2026,https://docquery.fec.gov/cgi-bin/fecimg/?202609099904179068
2026-H-MI-07,William Lawrence,DEM,oppose,5875.07,2026-09-09,IMGE LLC,TEXTING SERVICE,202609099904179068,2026,https://docquery.fec.gov/cgi-bin/fecimg/?202609099904179068
2026-H-MI-07,William Lawrence,DEM,oppose,1350.00,2026-09-09,IMGE LLC,TEXTING SERVICE,202609099904179065,2026,https://docquery.fec.gov/cgi-bin/fecimg/?202609099904179065
2026-H-MI-07,Tom Barrett,REP,support,1350.00,2026-09-09,IMGE LLC,TEXTING SERVICE,202609099904179065,2026,https://docquery.fec.gov/cgi-bin/fecimg/?202609099904179065
2026-H-MI-08,Tom Smith,REP,support,5250.73,2026-10-06,CONNECTION STRATEGY LLC,MESSAGE PHONE CALLS,202610069908547174,2026,https://docquery.fec.gov/cgi-bin/fecimg/?202610069908547174
2026-H-MI-08,Kristen McDonald Rivet,DEM,oppose,13502.63,2026-10-05,RED ZONE STRATEGIC LLC,PRINTING/POSTAGE,202610059908536242,2026,https://docquery.fec.gov/cgi-bin/fecimg/?202610059908536242
2026-H-MI-08,Tom Smith,REP,support,13502.63,2026-10-05,RED ZONE STRATEGIC LLC,PRINTING/POSTAGE,202610059908536242,2026,https://docquery.fec.gov/cgi-bin/fecimg/?202610059908536242
2026-H-MI-08,Kristen McDonald Rivet,DEM,oppose,887.50,2026-10-05,RED ZONE STRATEGIC LLC,PRINTING,202610059908536229,2026,https://docquery.fec.gov/cgi-bin/fecimg/?202610059908536229
2026-H-MI-08,Tom Smith,REP,support,887.50,2026-10-05,RED ZONE STRATEGIC LLC,PRINTING,202610059908536228,2026,https://docquery.fec.gov/cgi-bin/fecimg/?202610059908536228
2026-H-MI-08,Kristen McDonald Rivet,DEM,oppose,8500.00,2026-10-02,IMGE LLC,DIGITAL MEDIA,202610029908511768,2026,https://docquery.fec.gov/cgi-bin/fecimg/?202610029908511768
2026-H-MI-08,Kristen McDonald Rivet,DEM,oppose,24853.54,2026-10-01,IMGE LLC,DIGITAL MEDIA,202610019908503262,2026,https://docquery.fec.gov/cgi-bin/fecimg/?202610019908503262
2026-H-MI-08,Tom Smith,REP,support,24853.54,2026-10-01,IMGE LLC,DIGITAL MEDIA,202610019908503262,2026,https://docquery.fec.gov/cgi-bin/fecimg/?202610019908503262
2026-H-MI-08,Kristen McDonald Rivet,DEM,oppose,13577.45,2026-09-30,RED ZONE STRATEGIC LLC,PRINTING/POSTAGE,202609309908498258,2026,https://docquery.fec.gov/cgi-bin/fecimg/?202609309908498258
2026-H-MI-08,Tom Smith,REP,support,13577.45,2026-09-30,RED ZONE STRATEGIC LLC,PRINTING/POSTAGE,202609309908498259,2026,https://docquery.fec.gov/cgi-bin/fecimg/?202609309908498259
2026-H-MI-08,Kristen McDonald Rivet,DEM,oppose,10000.00,2026-09-24,IMGE LLC,DIGITAL MEDIA,202609249908417840,2026,https://docquery.fec.gov/cgi-bin/fecimg/?202609249908417840
2026-H-MI-08,Kristen McDonald Rivet,DEM,oppose,5783.71,2026-09-24,IMGE LLC,TEXTING SERVICE,202609249908417855,2026,https://docquery.fec.gov/cgi-bin/fecimg/?202609249908417855
2026-H-MI-08,Kristen McDonald Rivet,DEM,oppose,1180.00,2026-09-24,IMGE LLC,TEXTING SERVICE,202609249908417856,2026,https://docquery.fec.gov/cgi-bin/fecimg/?202609249908417856
2026-H-MI-08,Tom Smith,REP,support,10395.23,2026-09-09,CONNECTION STRATEGY LLC,MESSAGE PHONE CALLS,202609099904179045,2026,https://docquery.fec.gov/cgi-bin/fecimg/?202609099904179045
2026-H-MI-08,Kristen McDonald Rivet,DEM,oppose,5849.35,2026-09-09,IMGE LLC,TEXTING SERVICE,202609099904179066,2026,https://docquery.fec.gov/cgi-bin/fecimg/?202609099904179066
2026-H-MI-08,Tom Smith,REP,support,5849.35,2026-09-09,IMGE LLC,TEXTING SERVICE,202609099904179066,2026,https://docquery.fec.gov/cgi-bin/fecimg/?202609099904179066
2026-H-MI-08,Kristen McDonald Rivet,DEM,oppose,1350.00,2026-09-09,IMGE LLC,TEXTING SERVICE,202609099904179062,2026,https://docquery.fec.gov/cgi-bin/fecimg/?202609099904179062
2026-H-MI-08,Tom Smith,REP,support,1350.00,2026-09-09,IMGE LLC,TEXTING SERVICE,202609099904179062,2026,https://docquery.fec.gov/cgi-bin/fecimg/?202609099904179062
2026-H-MI-10,Michael Bouchard,REP,support,3827.71,2026-10-06,CONNECTION STRATEGY LLC,MESSAGE PHONE CALLS,202610069908547183,2026,https://docquery.fec.gov/cgi-bin/fecimg/?202610069908547183
2026-H-MI-10,Michael Bouchard,REP,support,8062.88,2026-10-05,RED ZONE STRATEGIC LLC,PRINTING/POSTAGE,202610059908536240,2026,https://docquery.fec.gov/cgi-bin/fecimg/?202610059908536240
2026-H-MI-10,Christina Hines,DEM,oppose,8062.87,2026-10-05,RED ZONE STRATEGIC LLC,PRINTING/POSTAGE,202610059908536240,2026,https://docquery.fec.gov/cgi-bin/fecimg/?202610059908536240
2026-H-MI-10,Christina Hines,DEM,oppose,1225.00,2026-10-05,RED ZONE STRATEGIC LLC,PRINTING,202610059908536225,2026,https://docquery.fec.gov/cgi-bin/fecimg/?202610059908536225
2026-H-MI-10,Michael Bouchard,REP,support,1225.00,2026-10-05,RED ZONE STRATEGIC LLC,PRINTING,202610059908536224,2026,https://docquery.fec.gov/cgi-bin/fecimg/?202610059908536224
2026-H-MI-10,Christina Hines,DEM,oppose,40000.00,2026-10-02,IMGE LLC,DIGITAL MEDIA,202610029908511769,2026,https://docquery.fec.gov/cgi-bin/fecimg/?202610029908511769
2026-H-MI-10,Michael Bouchard,REP,support,15565.46,2026-10-01,IMGE LLC,DIGITAL MEDIA,202610019908503260,2026,https://docquery.fec.gov/cgi-bin/fecimg/?202610019908503260
2026-H-MI-10,Christina Hines,DEM,oppose,15565.45,2026-10-01,IMGE LLC,DIGITAL MEDIA,202610019908503260,2026,https://docquery.fec.gov/cgi-bin/fecimg/?202610019908503260
2026-H-MI-10,Christina Hines,DEM,oppose,8186.81,2026-09-30,RED ZONE STRATEGIC LLC,PRINTING/POSTAGE,202609309908498254,2026,https://docquery.fec.gov/cgi-bin/fecimg/?202609309908498254
2026-H-MI-10,Michael Bouchard,REP,support,8186.81,2026-09-30,RED ZONE STRATEGIC LLC,PRINTING/POSTAGE,202609309908498255,2026,https://docquery.fec.gov/cgi-bin/fecimg/?202609309908498255
2026-H-MI-10,Christina Hines,DEM,oppose,17242.94,2026-09-24,IMGE LLC,DIGITAL MEDIA,202609249908417838,2026,https://docquery.fec.gov/cgi-bin/fecimg/?202609249908417838
2026-H-MI-10,Christina Hines,DEM,oppose,10000.00,2026-09-24,IMGE LLC,DIGITAL MEDIA,202609249908417841,2026,https://docquery.fec.gov/cgi-bin/fecimg/?202609249908417841
2026-H-MI-10,Christina Hines,DEM,oppose,3820.40,2026-09-24,IMGE LLC,TEXTING SERVICE,202609249908417853,2026,https://docquery.fec.gov/cgi-bin/fecimg/?202609249908417853
2026-H-MI-10,Christina Hines,DEM,oppose,845.00,2026-09-24,IMGE LLC,TEXTING SERVICE,202609249908417853,2026,https://docquery.fec.gov/cgi-bin/fecimg/?202609249908417853
2026-H-MI-10,Michael Bouchard,REP,support,6712.55,2026-09-09,CONNECTION STRATEGY LLC,MESSAGE PHONE CALLS,202609099904179047,2026,https://docquery.fec.gov/cgi-bin/fecimg/?202609099904179047
2026-H-MI-10,Christina Hines,DEM,oppose,3538.29,2026-09-09,IMGE LLC,TEXTING SERVICE,202609099904179069,2026,https://docquery.fec.gov/cgi-bin/fecimg/?202609099904179069
2026-H-MI-10,Michael Bouchard,REP,support,3538.29,2026-09-09,IMGE LLC,TEXTING SERVICE,202609099904179069,2026,https://docquery.fec.gov/cgi-bin/fecimg/?202609099904179069
2026-H-MI-10,Christina Hines,DEM,oppose,1435.00,2026-09-09,IMGE LLC,TEXTING SERVICE,202609099904179064,2026,https://docquery.fec.gov/cgi-bin/fecimg/?202609099904179064
2026-H-MI-10,Michael Bouchard,REP,support,1435.00,2026-09-09,IMGE LLC,TEXTING SERVICE,202609099904179064,2026,https://docquery.fec.gov/cgi-bin/fecimg/?202609099904179064
2026-H-NH-01,Stefany Shaheen,DEM,oppose,28665.75,2026-10-06,IMGE LLC,DIGITAL MEDIA,202610069908547198,2026,https://docquery.fec.gov/cgi-bin/fecimg/?202610069908547198
2026-H-NH-01,Stefany Shaheen,DEM,oppose,19500.00,2026-10-05,IMGE LLC,DIGITAL MEDIA,202610059908536208,2026,https://docquery.fec.gov/cgi-bin/fecimg/?202610059908536208
2026-H-NH-01,Anthony DiLorenzo,REP,support,19511.94,2026-10-01,IMGE LLC,DIGITAL MEDIA,202610019908503258,2026,https://docquery.fec.gov/cgi-bin/fecimg/?202610019908503258
2026-H-NH-01,Stefany Shaheen,DEM,oppose,19511.93,2026-10-01,IMGE LLC,DIGITAL MEDIA,202610019908503258,2026,https://docquery.fec.gov/cgi-bin/fecimg/?202610019908503258
2026-H-NH-01,Stefany Shaheen,DEM,oppose,10250.00,2026-10-01,IMGE LLC,DIGITAL MEDIA,202610019908503259,2026,https://docquery.fec.gov/cgi-bin/fecimg/?202610019908503259
2026-H-NH-01,Anthony DiLorenzo,REP,support,10250.00,2026-10-01,IMGE LLC,DIGITAL MEDIA,202610019908503259,2026,https://docquery.fec.gov/cgi-bin/fecimg/?202610019908503259
2026-H-NH-01,Anthony DiLorenzo,REP,support,25288.50,2026-09-28,RED MAVERICK MEDIA LLC,PRINTING/POSTAGE,202609289908481361,2026,https://docquery.fec.gov/cgi-bin/fecimg/?202609289908481361
2026-H-NH-01,Stefany Shaheen,DEM,oppose,8429.50,2026-09-28,RED MAVERICK MEDIA LLC,PRINTING/POSTAGE,202609289908481362,2026,https://docquery.fec.gov/cgi-bin/fecimg/?202609289908481362
2026-H-NH-01,Stefany Shaheen,DEM,oppose,21137.00,2026-09-21,RED MAVERICK MEDIA LLC,PRINTING/POSTAGE,202609219908383841,2026,https://docquery.fec.gov/cgi-bin/fecimg/?202609219908383841
2026-H-NH-01,Anthony DiLorenzo,REP,support,21137.00,2026-09-21,RED MAVERICK MEDIA LLC,PRINTING/POSTAGE,202609219908383840,2026,https://docquery.fec.gov/cgi-bin/fecimg/?202609219908383840
2026-H-NH-01,Stefany Shaheen,DEM,oppose,42274.00,2026-09-14,RED MAVERICK MEDIA LLC,PRINTING/POSTAGE,202609149904205612,2026,https://docquery.fec.gov/cgi-bin/fecimg/?202609149904205612
2026-H-NH-01,Stefany Shaheen,DEM,oppose,21137.00,2026-09-14,RED MAVERICK MEDIA LLC,PRINTING/POSTAGE,202609149904205611,2026,https://docquery.fec.gov/cgi-bin/fecimg/?202609149904205611
2026-H-NH-01,Anthony DiLorenzo,REP,support,21137.00,2026-09-14,RED MAVERICK MEDIA LLC,PRINTING/POSTAGE,202609149904205610,2026,https://docquery.fec.gov/cgi-bin/fecimg/?202609149904205610
2026-H-NH-01,Anthony DiLorenzo,REP,support,8401.68,2026-09-10,CONNECTION STRATEGY LLC,MESSAGE PHONE CALLS,202609109904190229,2026,https://docquery.fec.gov/cgi-bin/fecimg/?202609109904190229
2026-H-NH-02,Maggie Goodlander,DEM,oppose,1810.76,2026-09-28,IMGE LLC,TEXTING SERVICE,202609289908481359,2026,https://docquery.fec.gov/cgi-bin/fecimg/?202609289908481359
2026-H-NH-02,Lily Tang Williams,REP,support,8016.23,2026-09-10,CONNECTION STRATEGY LLC,MESSAGE PHONE CALLS,202609109904190230,2026,https://docquery.fec.gov/cgi-bin/fecimg/?202609109904190230
2026-H-NJ-07,Rebecca Bennett,DEM,oppose,48390.00,2026-10-06,FUNDAMENTAL DIGITAL STRATEGY LLC,DIGITAL MEDIA,202610069908547193,2026,https://docquery.fec.gov/cgi-bin/fecimg/?202610069908547193
2026-H-NJ-07,Rebecca Bennett,DEM,oppose,36152.74,2026-10-06,IMGE LLC,DIGITAL MEDIA,202610069908547208,2026,https://docquery.fec.gov/cgi-bin/fecimg/?202610069908547208
2026-H-NJ-07,Rebecca Bennett,DEM,oppose,6263.54,2026-10-06,IMGE LLC,TEXTING SERVICE,202610069908547200,2026,https://docquery.fec.gov/cgi-bin/fecimg/?202610069908547200
2026-H-NJ-07,Rebecca Bennett,DEM,oppose,4500.00,2026-10-06,FUNDAMENTAL DIGITAL STRATEGY LLC,TEXTING SERVICE,202610069908547190,2026,https://docquery.fec.gov/cgi-bin/fecimg/?202610069908547190
2026-H-NJ-07,"Thomas H. Kean, Jr.",REP,support,10815.75,2026-10-05,STORYTELLERS GROUP LLC,PRINTING,202610059908536245,2026,https://docquery.fec.gov/cgi-bin/fecimg/?202610059908536245
2026-H-NJ-07,Rebecca Bennett,DEM,oppose,32775.83,2026-10-01,IMGE LLC,DIGITAL MEDIA,202610019908503266,2026,https://docquery.fec.gov/cgi-bin/fecimg/?202610019908503266
2026-H-NJ-07,"Thomas H. Kean, Jr.",REP,support,32775.83,2026-10-01,IMGE LLC,DIGITAL MEDIA,202610019908503266,2026,https://docquery.fec.gov/cgi-bin/fecimg/?202610019908503266
2026-H-NJ-07,Rebecca Bennett,DEM,oppose,23920.00,2026-10-01,STORYTELLERS GROUP LLC,PRINTING/POSTAGE,202610019908503273,2026,https://docquery.fec.gov/cgi-bin/fecimg/?202610019908503273
2026-H-NJ-07,"Thomas H. Kean, Jr.",REP,support,23920.00,2026-10-01,STORYTELLERS GROUP LLC,PRINTING/POSTAGE,202610019908503272,2026,https://docquery.fec.gov/cgi-bin/fecimg/?202610019908503272
2026-H-NJ-07,Rebecca Bennett,DEM,oppose,23920.00,2026-09-29,STORYTELLERS GROUP LLC,PRINTING/POSTAGE,202609299908492899,2026,https://docquery.fec.gov/cgi-bin/fecimg/?202609299908492899
2026-H-NJ-07,"Thomas H. Kean, Jr.",REP,support,23920.00,2026-09-29,STORYTELLERS GROUP LLC,PRINTING/POSTAGE,202609299908492898,2026,https://docquery.fec.gov/cgi-bin/fecimg/?202609299908492898
2026-H-NJ-07,Rebecca Bennett,DEM,oppose,3575.15,2026-09-29,IMGE LLC,TEXTING SERVICE,202609299908492891,2026,https://docquery.fec.gov/cgi-bin/fecimg/?202609299908492891
2026-H-NJ-07,Rebecca Bennett,DEM,oppose,14647.72,2026-09-24,IMGE LLC,DIGITAL MEDIA,202609249908417845,2026,https://docquery.fec.gov/cgi-bin/fecimg/?202609249908417845
2026-H-NJ-07,Rebecca Bennett,DEM,oppose,1138.22,2026-09-24,IMGE LLC,TEXTING SERVICE,202609249908417860,2026,https://docquery.fec.gov/cgi-bin/fecimg/?202609249908417860
2026-H-NJ-07,"Thomas H. Kean, Jr.",REP,support,42754.80,2026-09-10,CONNECTION STRATEGY LLC,MESSAGE PHONE CALLS,202609109904190234,2026,https://docquery.fec.gov/cgi-bin/fecimg/?202609109904190234
2026-H-NJ-07,"Thomas H. Kean, Jr.",REP,support,500.00,2026-08-27,STORYTELLERS GROUP LLC,PRINTING,202609029904082302,2026,https://docquery.fec.gov/cgi-bin/fecimg/?202609029904082302
2026-H-NJ-07,"Thomas H. Kean, Jr.",REP,support,5407.88,2026-08-21,STORYTELLERS GROUP LLC,PRINTING,202609029904082292,2026,https://docquery.fec.gov/cgi-bin/fecimg/?202609029904082292
2026-H-NJ-07,Rebecca Bennett,DEM,oppose,5407.87,2026-08-21,STORYTELLERS GROUP LLC,PRINTING,202609029904082292,2026,https://docquery.fec.gov/cgi-bin/fecimg/?202609029904082292
2026-H-NY-17,Cait Conley,DEM,oppose,42390.00,2026-10-06,FUNDAMENTAL DIGITAL STRATEGY LLC,DIGITAL MEDIA,202610069908547192,2026,https://docquery.fec.gov/cgi-bin/fecimg/?202610069908547192
2026-H-NY-17,Cait Conley,DEM,oppose,30104.40,2026-10-06,IMGE LLC,DIGITAL MEDIA,202610069908547209,2026,https://docquery.fec.gov/cgi-bin/fecimg/?202610069908547209
2026-H-NY-17,Cait Conley,DEM,oppose,8628.10,2026-10-06,IMGE LLC,TEXTING SERVICE,202610069908547203,2026,https://docquery.fec.gov/cgi-bin/fecimg/?202610069908547203
2026-H-NY-17,Cait Conley,DEM,oppose,1125.00,2026-10-06,FUNDAMENTAL DIGITAL STRATEGY LLC,TEXTING SERVICE,202610069908547193,2026,https://docquery.fec.gov/cgi-bin/fecimg/?202610069908547193
2026-H-NY-17,Michael Lawler,REP,support,10126.65,2026-10-05,STORYTELLERS GROUP LLC,PRINTING,202610059908536245,2026,https://docquery.fec.gov/cgi-bin/fecimg/?202610059908536245
2026-H-NY-17,Michael Lawler,REP,support,30249.14,2026-10-01,IMGE LLC,DIGITAL MEDIA,202610019908503269,2026,https://docquery.fec.gov/cgi-bin/fecimg/?202610019908503269
2026-H-NY-17,Cait Conley,DEM,oppose,30249.13,2026-10-01,IMGE LLC,DIGITAL MEDIA,202610019908503269,2026,https://docquery.fec.gov/cgi-bin/fecimg/?202610019908503269
2026-H-NY-17,Cait Conley,DEM,oppose,22949.17,2026-10-01,STORYTELLERS GROUP LLC,PRINTING/POSTAGE,202610019908503272,2026,https://docquery.fec.gov/cgi-bin/fecimg/?202610019908503272
2026-H-NY-17,Michael Lawler,REP,support,22949.17,2026-10-01,STORYTELLERS GROUP LLC,PRINTING/POSTAGE,202610019908503271,2026,https://docquery.fec.gov/cgi-bin/fecimg/?202610019908503271
2026-H-NY-17,Cait Conley,DEM,oppose,22949.17,2026-09-29,STORYTELLERS GROUP LLC,PRINTING/POSTAGE,202609299908492900,2026,https://docquery.fec.gov/cgi-bin/fecimg/?202609299908492900
2026-H-NY-17,Michael Lawler,REP,support,22949.17,2026-09-29,STORYTELLERS GROUP LLC,PRINTING/POSTAGE,202609299908492899,2026,https://docquery.fec.gov/cgi-bin/fecimg/?202609299908492899
2026-H-NY-17,Cait Conley,DEM,oppose,7140.44,2026-09-29,IMGE LLC,TEXTING SERVICE,202609299908492892,2026,https://docquery.fec.gov/cgi-bin/fecimg/?202609299908492892
2026-H-NY-17,Cait Conley,DEM,oppose,3575.15,2026-09-29,IMGE LLC,TEXTING SERVICE,202609299908492892,2026,https://docquery.fec.gov/cgi-bin/fecimg/?202609299908492892
2026-H-NY-17,Cait Conley,DEM,oppose,1133.61,2026-09-25,IMGE LLC,TEXTING SERVICE,202609259908418862,2026,https://docquery.fec.gov/cgi-bin/fecimg/?202609259908418862
2026-H-NY-17,Cait Conley,DEM,oppose,9012.35,2026-09-24,IMGE LLC,DIGITAL MEDIA,202609249908417843,2026,https://docquery.fec.gov/cgi-bin/fecimg/?202609249908417843
2026-H-NY-17,Michael Lawler,REP,support,42170.70,2026-09-10,CONNECTION STRATEGY LLC,MESSAGE PHONE CALLS,202609109904190231,2026,https://docquery.fec.gov/cgi-bin/fecimg/?202609109904190231
2026-H-NY-17,Michael Lawler,REP,support,500.00,2026-08-27,STORYTELLERS GROUP LLC,PRINTING,202609029904082302,2026,https://docquery.fec.gov/cgi-bin/fecimg/?202609029904082302
2026-H-NY-17,Michael Lawler,REP,support,5063.33,2026-08-21,STORYTELLERS GROUP LLC,PRINTING,202609029904082293,2026,https://docquery.fec.gov/cgi-bin/fecimg/?202609029904082293
2026-H-NY-17,Cait Conley,DEM,oppose,5063.32,2026-08-21,STORYTELLERS GROUP LLC,PRINTING,202609029904082293,2026,https://docquery.fec.gov/cgi-bin/fecimg/?202609029904082293
2026-H-OH-01,Eric Conroy,REP,support,4480.35,2026-10-06,CONNECTION STRATEGY LLC,MESSAGE PHONE CALLS,202610069908547188,2026,https://docquery.fec.gov/cgi-bin/fecimg/?202610069908547188
2026-H-OH-01,Eric Conroy,REP,support,9085.13,2026-10-05,RED ZONE STRATEGIC LLC,PRINTING/POSTAGE,202610059908536234,2026,https://docquery.fec.gov/cgi-bin/fecimg/?202610059908536234
2026-H-OH-01,Greg Landsman,DEM,oppose,9085.12,2026-10-05,RED ZONE STRATEGIC LLC,PRINTING/POSTAGE,202610059908536235,2026,https://docquery.fec.gov/cgi-bin/fecimg/?202610059908536235
2026-H-OH-01,Greg Landsman,DEM,oppose,1523.56,2026-09-30,IMGE LLC,TEXTING SERVICE,202609309908498248,2026,https://docquery.fec.gov/cgi-bin/fecimg/?202609309908498248
2026-H-OH-01,Greg Landsman,DEM,oppose,58500.00,2026-09-28,FULL REACH MEDIA GROUP LLC,DIGITAL MEDIA,202609289908481354,2026,https://docquery.fec.gov/cgi-bin/fecimg/?202609289908481354
2026-H-OH-01,Eric Conroy,REP,support,9150.38,2026-09-28,RED ZONE STRATEGIC LLC,PRINTING/POSTAGE,202609289908481368,2026,https://docquery.fec.gov/cgi-bin/fecimg/?202609289908481368
2026-H-OH-01,Greg Landsman,DEM,oppose,9150.37,2026-09-28,RED ZONE STRATEGIC LLC,PRINTING/POSTAGE,202609289908481369,2026,https://docquery.fec.gov/cgi-bin/fecimg/?202609289908481369
2026-H-OH-01,Greg Landsman,DEM,oppose,977.33,2026-09-24,IMGE LLC,TEXTING SERVICE,202609249908417850,2026,https://docquery.fec.gov/cgi-bin/fecimg/?202609249908417850
2026-H-OH-01,Greg Landsman,DEM,oppose,2193.75,2026-09-23,RED ZONE STRATEGIC LLC,PRINTING,202609249908417825,2026,https://docquery.fec.gov/cgi-bin/fecimg/?202609249908417825
2026-H-OH-01,Eric Conroy,REP,support,2193.75,2026-09-23,RED ZONE STRATEGIC LLC,PRINTING,202609249908417825,2026,https://docquery.fec.gov/cgi-bin/fecimg/?202609249908417825
2026-H-OH-01,Eric Conroy,REP,support,12480.97,2026-09-09,CONNECTION STRATEGY LLC,MESSAGE PHONE CALLS,202609099904179049,2026,https://docquery.fec.gov/cgi-bin/fecimg/?202609099904179049
2026-H-OH-05,Bob Latta,REP,support,8724.94,2026-10-05,RED ZONE STRATEGIC LLC,PRINTING/POSTAGE,202610059908536230,2026,https://docquery.fec.gov/cgi-bin/fecimg/?202610059908536230
2026-H-OH-05,Brian Shaver,DEM,oppose,8724.93,2026-10-05,RED ZONE STRATEGIC LLC,PRINTING/POSTAGE,202610059908536231,2026,https://docquery.fec.gov/cgi-bin/fecimg/?202610059908536231
2026-H-OH-05,Brian Shaver,DEM,oppose,1960.73,2026-09-30,IMGE LLC,TEXTING SERVICE,202609309908498249,2026,https://docquery.fec.gov/cgi-bin/fecimg/?202609309908498249
2026-H-OH-05,Brian Shaver,DEM,oppose,8799.94,2026-09-28,RED ZONE STRATEGIC LLC,PRINTING/POSTAGE,202609289908481371,2026,https://docquery.fec.gov/cgi-bin/fecimg/?202609289908481371
2026-H-OH-05,Bob Latta,REP,support,8799.94,2026-09-28,RED ZONE STRATEGIC LLC,PRINTING/POSTAGE,202609289908481370,2026,https://docquery.fec.gov/cgi-bin/fecimg/?202609289908481370
2026-H-OH-05,Brian Shaver,DEM,oppose,1417.98,2026-09-24,IMGE LLC,TEXTING SERVICE,202609249908417848,2026,https://docquery.fec.gov/cgi-bin/fecimg/?202609249908417848
2026-H-OH-05,Brian Shaver,DEM,oppose,2632.50,2026-09-23,RED ZONE STRATEGIC LLC,PRINTING,202609249908417827,2026,https://docquery.fec.gov/cgi-bin/fecimg/?202609249908417827
2026-H-OH-05,Bob Latta,REP,support,2632.50,2026-09-23,RED ZONE STRATEGIC LLC,PRINTING,202609249908417827,2026,https://docquery.fec.gov/cgi-bin/fecimg/?202609249908417827
2026-H-OH-05,Bob Latta,REP,support,11479.32,2026-09-09,CONNECTION STRATEGY LLC,MESSAGE PHONE CALLS,202609099904179050,2026,https://docquery.fec.gov/cgi-bin/fecimg/?202609099904179050
2026-H-OH-07,Max Miller,REP,support,4503.89,2026-10-06,CONNECTION STRATEGY LLC,MESSAGE PHONE CALLS,202610069908547182,2026,https://docquery.fec.gov/cgi-bin/fecimg/?202610069908547182
2026-H-OH-07,Brian Poindexter,DEM,oppose,9231.75,2026-10-05,RED ZONE STRATEGIC LLC,PRINTING/POSTAGE,202610059908536236,2026,https://docquery.fec.gov/cgi-bin/fecimg/?202610059908536236
2026-H-OH-07,Brian Poindexter,DEM,oppose,2149.18,2026-09-30,IMGE LLC,TEXTING SERVICE,202609309908498250,2026,https://docquery.fec.gov/cgi-bin/fecimg/?202609309908498250
2026-H-OH-07,Brian Poindexter,DEM,oppose,8805.56,2026-09-28,RED ZONE STRATEGIC LLC,PRINTING/POSTAGE,202609289908481372,2026,https://docquery.fec.gov/cgi-bin/fecimg/?202609289908481372
2026-H-OH-07,Brian Poindexter,DEM,oppose,2432.50,2026-09-24,RED ZONE STRATEGIC LLC,PRINTING,202609249908417863,2026,https://docquery.fec.gov/cgi-bin/fecimg/?202609249908417863
2026-H-OH-07,Brian Poindexter,DEM,oppose,1007.31,2026-09-24,IMGE LLC,TEXTING SERVICE,202609249908417847,2026,https://docquery.fec.gov/cgi-bin/fecimg/?202609249908417847
2026-H-OH-07,Max Miller,REP,support,12546.30,2026-09-09,CONNECTION STRATEGY LLC,MESSAGE PHONE CALLS,202609099904179051,2026,https://docquery.fec.gov/cgi-bin/fecimg/?202609099904179051
2026-H-OH-09,Derek Merrin,REP,support,4011.53,2026-10-06,CONNECTION STRATEGY LLC,MESSAGE PHONE CALLS,202610069908547165,2026,https://docquery.fec.gov/cgi-bin/fecimg/?202610069908547165
2026-H-OH-09,Marcy Kaptur,DEM,oppose,8408.25,2026-10-05,RED ZONE STRATEGIC LLC,PRINTING/POSTAGE,202610059908536238,2026,https://docquery.fec.gov/cgi-bin/fecimg/?202610059908536238
2026-H-OH-09,Derek Merrin,REP,support,8408.25,2026-10-05,RED ZONE STRATEGIC LLC,PRINTING/POSTAGE,202610059908536238,2026,https://docquery.fec.gov/cgi-bin/fecimg/?202610059908536238
2026-H-OH-09,Marcy Kaptur,DEM,oppose,2001.43,2026-09-30,IMGE LLC,TEXTING SERVICE,202609309908498246,2026,https://docquery.fec.gov/cgi-bin/fecimg/?202609309908498246
2026-H-OH-09,Derek Merrin,REP,support,8463.19,2026-09-28,RED ZONE STRATEGIC LLC,PRINTING/POSTAGE,202609289908481364,2026,https://docquery.fec.gov/cgi-bin/fecimg/?202609289908481364
2026-H-OH-09,Marcy Kaptur,DEM,oppose,8463.18,2026-09-28,RED ZONE STRATEGIC LLC,PRINTING/POSTAGE,202609289908481365,2026,https://docquery.fec.gov/cgi-bin/fecimg/?202609289908481365
2026-H-OH-09,Marcy Kaptur,DEM,oppose,1047.42,2026-09-24,IMGE LLC,TEXTING SERVICE,202609249908417851,2026,https://docquery.fec.gov/cgi-bin/fecimg/?202609249908417851
2026-H-OH-09,Marcy Kaptur,DEM,oppose,2043.75,2026-09-23,RED ZONE STRATEGIC LLC,PRINTING,202609249908417830,2026,https://docquery.fec.gov/cgi-bin/fecimg/?202609249908417830
2026-H-OH-09,Derek Merrin,REP,support,2043.75,2026-09-23,RED ZONE STRATEGIC LLC,PRINTING,202609249908417829,2026,https://docquery.fec.gov/cgi-bin/fecimg/?202609249908417829
2026-H-OH-09,Derek Merrin,REP,support,11174.80,2026-09-09,CONNECTION STRATEGY LLC,MESSAGE PHONE CALLS,202609099904179052,2026,https://docquery.fec.gov/cgi-bin/fecimg/?202609099904179052
2026-H-OH-13,Carey Coleman,REP,support,3920.35,2026-10-06,CONNECTION STRATEGY LLC,MESSAGE PHONE CALLS,202610069908547163,2026,https://docquery.fec.gov/cgi-bin/fecimg/?202610069908547163
2026-H-OH-13,Emilia Sykes,DEM,oppose,8406.75,2026-10-05,RED ZONE STRATEGIC LLC,PRINTING/POSTAGE,202610059908536233,2026,https://docquery.fec.gov/cgi-bin/fecimg/?202610059908536233
2026-H-OH-13,Carey Coleman,REP,support,8406.75,2026-10-05,RED ZONE STRATEGIC LLC,PRINTING/POSTAGE,202610059908536232,2026,https://docquery.fec.gov/cgi-bin/fecimg/?202610059908536232
2026-H-OH-13,Emilia Sykes,DEM,oppose,1655.91,2026-09-30,IMGE LLC,TEXTING SERVICE,202609309908498251,2026,https://docquery.fec.gov/cgi-bin/fecimg/?202609309908498251
2026-H-OH-13,Emilia Sykes,DEM,oppose,8472.00,2026-09-28,RED ZONE STRATEGIC LLC,PRINTING/POSTAGE,202609289908481367,2026,https://docquery.fec.gov/cgi-bin/fecimg/?202609289908481367
2026-H-OH-13,Carey Coleman,REP,support,8472.00,2026-09-28,RED ZONE STRATEGIC LLC,PRINTING/POSTAGE,202609289908481366,2026,https://docquery.fec.gov/cgi-bin/fecimg/?202609289908481366
2026-H-OH-13,Emilia Sykes,DEM,oppose,1236.37,2026-09-24,IMGE LLC,TEXTING SERVICE,202609249908417846,2026,https://docquery.fec.gov/cgi-bin/fecimg/?202609249908417846
2026-H-OH-13,Emilia Sykes,DEM,oppose,2043.75,2026-09-23,RED ZONE STRATEGIC LLC,PRINTING,202609249908417832,2026,https://docquery.fec.gov/cgi-bin/fecimg/?202609249908417832
2026-H-OH-13,Carey Coleman,REP,support,2043.75,2026-09-23,RED ZONE STRATEGIC LLC,PRINTING,202609249908417831,2026,https://docquery.fec.gov/cgi-bin/fecimg/?202609249908417831
2026-H-OH-13,Carey Coleman,REP,support,10920.97,2026-09-09,CONNECTION STRATEGY LLC,MESSAGE PHONE CALLS,202609099904179053,2026,https://docquery.fec.gov/cgi-bin/fecimg/?202609099904179053
2026-H-PA-07,Ryan Mackenzie,REP,support,49043.00,2026-10-06,STORYTELLERS GROUP LLC,PRINTING/POSTAGE,202610069908547211,2026,https://docquery.fec.gov/cgi-bin/fecimg/?202610069908547211
2026-H-PA-07,Bob Brooks,DEM,oppose,46140.00,2026-10-06,FUNDAMENTAL DIGITAL STRATEGY LLC,DIGITAL MEDIA,202610069908547191,2026,https://docquery.fec.gov/cgi-bin/fecimg/?202610069908547191
2026-H-PA-07,Bob Brooks,DEM,oppose,29085.64,2026-10-06,IMGE LLC,DIGITAL MEDIA,202610069908547208,2026,https://docquery.fec.gov/cgi-bin/fecimg/?202610069908547208
2026-H-PA-07,Bob Brooks,DEM,oppose,24521.50,2026-10-06,STORYTELLERS GROUP LLC,PRINTING/POSTAGE,202610069908547213,2026,https://docquery.fec.gov/cgi-bin/fecimg/?202610069908547213
2026-H-PA-07,Ryan Mackenzie,REP,support,24521.50,2026-10-06,STORYTELLERS GROUP LLC,PRINTING/POSTAGE,202610069908547213,2026,https://docquery.fec.gov/cgi-bin/fecimg/?202610069908547213
2026-H-PA-07,Bob Brooks,DEM,oppose,1875.00,2026-10-06,FUNDAMENTAL DIGITAL STRATEGY LLC,TEXTING SERVICE,202610069908547194,2026,https://docquery.fec.gov/cgi-bin/fecimg/?202610069908547194
2026-H-PA-07,Ryan Mackenzie,REP,support,11775.30,2026-10-05,STORYTELLERS GROUP LLC,PRINTING,202610059908536244,2026,https://docquery.fec.gov/cgi-bin/fecimg/?202610059908536244
2026-H-PA-07,Bob Brooks,DEM,oppose,70476.74,2026-10-01,IMGE LLC,DIGITAL MEDIA,202610019908503270,2026,https://docquery.fec.gov/cgi-bin/fecimg/?202610019908503270
2026-H-PA-07,Bob Brooks,DEM,oppose,7778.75,2026-09-29,IMGE LLC,TEXTING SERVICE,202609299908492890,2026,https://docquery.fec.gov/cgi-bin/fecimg/?202609299908492890
2026-H-PA-07,Bob Brooks,DEM,oppose,29085.64,2026-09-24,IMGE LLC,DIGITAL MEDIA,202609249908417843,2026,https://docquery.fec.gov/cgi-bin/fecimg/?202609249908417843
2026-H-PA-07,Bob Brooks,DEM,oppose,2658.43,2026-09-24,IMGE LLC,TEXTING SERVICE,202609249908417860,2026,https://docquery.fec.gov/cgi-bin/fecimg/?202609249908417860
2026-H-PA-07,Bob Brooks,DEM,oppose,24521.50,2026-09-18,STORYTELLERS GROUP LLC,PRINTING/POSTAGE,202609189904424532,2026,https://docquery.fec.gov/cgi-bin/fecimg/?202609189904424532
2026-H-PA-07,Ryan Mackenzie,,support,24521.50,2026-09-18,STORYTELLERS GROUP LLC,PRINTING/POSTAGE,202609189904424532,2026,https://docquery.fec.gov/cgi-bin/fecimg/?202609189904424532
2026-H-PA-07,Ryan Mackenzie,REP,support,47089.90,2026-09-10,CONNECTION STRATEGY LLC,MESSAGE PHONE CALLS,202609109904190236,2026,https://docquery.fec.gov/cgi-bin/fecimg/?202609109904190236
2026-H-PA-07,Ryan Mackenzie,REP,support,500.00,2026-08-27,STORYTELLERS GROUP LLC,PRINTING,202609029904082303,2026,https://docquery.fec.gov/cgi-bin/fecimg/?202609029904082303
2026-H-PA-07,Bob Brooks,DEM,oppose,5887.65,2026-08-21,STORYTELLERS GROUP LLC,PRINTING,202609029904082294,2026,https://docquery.fec.gov/cgi-bin/fecimg/?202609029904082294
2026-H-PA-07,Ryan Mackenzie,REP,support,5887.65,2026-08-21,STORYTELLERS GROUP LLC,PRINTING,202609029904082294,2026,https://docquery.fec.gov/cgi-bin/fecimg/?202609029904082294
2026-H-PA-08,Rob Bresnahan,REP,support,54748.00,2026-10-06,STORYTELLERS GROUP LLC,PRINTING/POSTAGE,202610069908547212,2026,https://docquery.fec.gov/cgi-bin/fecimg/?202610069908547212
2026-H-PA-08,Paige Cognetti,DEM,oppose,36515.00,2026-10-06,FUNDAMENTAL DIGITAL STRATEGY LLC,DIGITAL MEDIA,202610069908547191,2026,https://docquery.fec.gov/cgi-bin/fecimg/?202610069908547191
2026-H-PA-08,Paige Cognetti,DEM,oppose,31663.71,2026-10-06,IMGE LLC,DIGITAL MEDIA,202610069908547198,2026,https://docquery.fec.gov/cgi-bin/fecimg/?202610069908547198
2026-H-PA-08,Paige Cognetti,DEM,oppose,27374.00,2026-10-06,STORYTELLERS GROUP LLC,PRINTING/POSTAGE,202610069908547214,2026,https://docquery.fec.gov/cgi-bin/fecimg/?202610069908547214
2026-H-PA-08,Rob Bresnahan,REP,support,27374.00,2026-10-06,STORYTELLERS GROUP LLC,PRINTING/POSTAGE,202610069908547214,2026,https://docquery.fec.gov/cgi-bin/fecimg/?202610069908547214
2026-H-PA-08,Paige Cognetti,DEM,oppose,375.00,2026-10-06,FUNDAMENTAL DIGITAL STRATEGY LLC,TEXTING SERVICE,202610069908547194,2026,https://docquery.fec.gov/cgi-bin/fecimg/?202610069908547194
2026-H-PA-08,Rob Bresnahan,REP,support,12379.80,2026-10-05,STORYTELLERS GROUP LLC,PRINTING,202610059908536243,2026,https://docquery.fec.gov/cgi-bin/fecimg/?202610059908536243
2026-H-PA-08,Paige Cognetti,DEM,oppose,76723.61,2026-10-01,IMGE LLC,DIGITAL MEDIA,202610019908503268,2026,https://docquery.fec.gov/cgi-bin/fecimg/?202610019908503268
2026-H-PA-08,Paige Cognetti,DEM,oppose,8132.65,2026-09-29,IMGE LLC,TEXTING SERVICE,202609299908492890,2026,https://docquery.fec.gov/cgi-bin/fecimg/?202609299908492890
2026-H-PA-08,Paige Cognetti,DEM,oppose,31663.71,2026-09-24,IMGE LLC,DIGITAL MEDIA,202609249908417844,2026,https://docquery.fec.gov/cgi-bin/fecimg/?202609249908417844
2026-H-PA-08,Paige Cognetti,DEM,oppose,2780.24,2026-09-24,IMGE LLC,TEXTING SERVICE,202609249908417861,2026,https://docquery.fec.gov/cgi-bin/fecimg/?202609249908417861
2026-H-PA-08,Paige Cognetti,DEM,oppose,27374.00,2026-09-18,STORYTELLERS GROUP LLC,PRINTING/POSTAGE,202609189904424533,2026,https://docquery.fec.gov/cgi-bin/fecimg/?202609189904424533
2026-H-PA-08,Rob Bresnahan,REP,support,27374.00,2026-09-18,STORYTELLERS GROUP LLC,PRINTING/POSTAGE,202609189904424533,2026,https://docquery.fec.gov/cgi-bin/fecimg/?202609189904424533
2026-H-PA-08,Rob Bresnahan,REP,support,49787.65,2026-09-10,CONNECTION STRATEGY LLC,MESSAGE PHONE CALLS,202609109904190236,2026,https://docquery.fec.gov/cgi-bin/fecimg/?202609109904190236
2026-H-PA-08,Paige Cognetti,DEM,oppose,6189.90,2026-08-31,STORYTELLERS GROUP LLC,PRINTING,202609029904082308,2026,https://docquery.fec.gov/cgi-bin/fecimg/?202609029904082308
2026-H-PA-08,Rob Bresnahan,REP,support,6189.90,2026-08-31,STORYTELLERS GROUP LLC,PRINTING,202609029904082308,2026,https://docquery.fec.gov/cgi-bin/fecimg/?202609029904082308
2026-H-PA-08,Rob Bresnahan,REP,support,500.00,2026-08-27,STORYTELLERS GROUP LLC,PRINTING,202609029904082304,2026,https://docquery.fec.gov/cgi-bin/fecimg/?202609029904082304
2026-H-PA-10,Scott Perry,REP,support,52087.00,2026-10-06,STORYTELLERS GROUP LLC,PRINTING/POSTAGE,202610069908547212,2026,https://docquery.fec.gov/cgi-bin/fecimg/?202610069908547212
2026-H-PA-10,Janelle Stelson,DEM,oppose,28890.00,2026-10-06,FUNDAMENTAL DIGITAL STRATEGY LLC,DIGITAL MEDIA,202610069908547190,2026,https://docquery.fec.gov/cgi-bin/fecimg/?202610069908547190
2026-H-PA-10,Janelle Stelson,DEM,oppose,26668.35,2026-10-06,IMGE LLC,DIGITAL MEDIA,202610069908547207,2026,https://docquery.fec.gov/cgi-bin/fecimg/?202610069908547207
2026-H-PA-10,Janelle Stelson,DEM,oppose,26043.50,2026-10-06,STORYTELLERS GROUP LLC,PRINTING/POSTAGE,202610069908547215,2026,https://docquery.fec.gov/cgi-bin/fecimg/?202610069908547215
2026-H-PA-10,Scott Perry,REP,support,26043.50,2026-10-06,STORYTELLERS GROUP LLC,PRINTING/POSTAGE,202610069908547215,2026,https://docquery.fec.gov/cgi-bin/fecimg/?202610069908547215
2026-H-PA-10,Janelle Stelson,DEM,oppose,1125.00,2026-10-06,FUNDAMENTAL DIGITAL STRATEGY LLC,TEXTING SERVICE,202610069908547195,2026,https://docquery.fec.gov/cgi-bin/fecimg/?202610069908547195
2026-H-PA-10,Scott Perry,REP,support,11862.75,2026-10-05,STORYTELLERS GROUP LLC,PRINTING,202610059908536244,2026,https://docquery.fec.gov/cgi-bin/fecimg/?202610059908536244
2026-H-PA-10,Janelle Stelson,DEM,oppose,71799.41,2026-10-01,IMGE LLC,DIGITAL MEDIA,202610019908503268,2026,https://docquery.fec.gov/cgi-bin/fecimg/?202610019908503268
2026-H-PA-10,Janelle Stelson,DEM,oppose,7764.94,2026-09-29,IMGE LLC,TEXTING SERVICE,202609299908492891,2026,https://docquery.fec.gov/cgi-bin/fecimg/?202609299908492891
2026-H-PA-10,Janelle Stelson,DEM,oppose,29631.50,2026-09-24,IMGE LLC,DIGITAL MEDIA,202609249908417844,2026,https://docquery.fec.gov/cgi-bin/fecimg/?202609249908417844
2026-H-PA-10,Janelle Stelson,DEM,oppose,2653.08,2026-09-24,IMGE LLC,TEXTING SERVICE,202609249908417861,2026,https://docquery.fec.gov/cgi-bin/fecimg/?202609249908417861
2026-H-PA-10,Janelle Stelson,DEM,oppose,26043.50,2026-09-18,STORYTELLERS GROUP LLC,PRINTING/POSTAGE,202609189904424534,2026,https://docquery.fec.gov/cgi-bin/fecimg/?202609189904424534
2026-H-PA-10,Scott Perry,REP,support,26043.50,2026-09-18,STORYTELLERS GROUP LLC,PRINTING/POSTAGE,202609189904424534,2026,https://docquery.fec.gov/cgi-bin/fecimg/?202609189904424534
2026-H-PA-10,Scott Perry,REP,support,47089.90,2026-09-10,CONNECTION STRATEGY LLC,MESSAGE PHONE CALLS,202609109904190237,2026,https://docquery.fec.gov/cgi-bin/fecimg/?202609109904190237
2026-H-PA-10,Scott Perry,REP,support,500.00,2026-08-27,STORYTELLERS GROUP LLC,PRINTING,202609029904082303,2026,https://docquery.fec.gov/cgi-bin/fecimg/?202609029904082303
2026-H-PA-10,Scott Perry,REP,support,5931.38,2026-08-21,STORYTELLERS GROUP LLC,PRINTING,202609029904082295,2026,https://docquery.fec.gov/cgi-bin/fecimg/?202609029904082295
2026-H-PA-10,Janelle Stelson,DEM,oppose,5931.37,2026-08-21,STORYTELLERS GROUP LLC,PRINTING,202609029904082295,2026,https://docquery.fec.gov/cgi-bin/fecimg/?202609029904082295
2026-H-TX-15,Monica De La Cruz,REP,support,2864.50,2026-10-06,CONNECTION STRATEGY LLC,MESSAGE PHONE CALLS,202610069908547170,2026,https://docquery.fec.gov/cgi-bin/fecimg/?202610069908547170
2026-H-TX-15,Bobby Pulido,DEM,oppose,16263.41,2026-10-05,IMGE LLC,DIGITAL MEDIA,202610059908536208,2026,https://docquery.fec.gov/cgi-bin/fecimg/?202610059908536208
2026-H-TX-15,Monica De La Cruz,REP,support,1317.29,2026-10-02,IMGE LLC,TEXTING SERVICE,202610029908511775,2026,https://docquery.fec.gov/cgi-bin/fecimg/?202610029908511775
2026-H-TX-15,Bobby Pulido,DEM,oppose,1317.28,2026-10-02,IMGE LLC,TEXTING SERVICE,202610029908511775,2026,https://docquery.fec.gov/cgi-bin/fecimg/?202610029908511775
2026-H-TX-15,Bobby Pulido,DEM,oppose,53500.00,2026-09-28,FULL REACH MEDIA GROUP LLC,DIGITAL MEDIA,202609289908481355,2026,https://docquery.fec.gov/cgi-bin/fecimg/?202609289908481355
2026-H-TX-15,Bobby Pulido,DEM,oppose,1832.46,2026-09-28,IMGE LLC,TEXTING SERVICE,202609289908481357,2026,https://docquery.fec.gov/cgi-bin/fecimg/?202609289908481357
2026-H-TX-15,Bobby Pulido,DEM,oppose,27938.00,2026-09-24,STORYTELLERS GROUP LLC,PRINTING/POSTAGE,202609249908417865,2026,https://docquery.fec.gov/cgi-bin/fecimg/?202609249908417865
2026-H-TX-15,Bobby Pulido,DEM,oppose,9758.05,2026-09-18,IMGE LLC,DIGITAL MEDIA,202609189904424526,2026,https://docquery.fec.gov/cgi-bin/fecimg/?202609189904424526
2026-H-TX-15,Monica De La Cruz,REP,support,9758.05,2026-09-18,IMGE LLC,DIGITAL MEDIA,202609189904424526,2026,https://docquery.fec.gov/cgi-bin/fecimg/?202609189904424526
2026-H-TX-15,Bobby Pulido,DEM,oppose,13969.00,2026-09-16,STORYTELLERS GROUP LLC,PRINTING/POSTAGE,202609169904267681,2026,https://docquery.fec.gov/cgi-bin/fecimg/?202609169904267681
2026-H-TX-15,Monica De La Cruz,REP,support,13969.00,2026-09-16,STORYTELLERS GROUP LLC,PRINTING/POSTAGE,202609169904267681,2026,https://docquery.fec.gov/cgi-bin/fecimg/?202609169904267681
2026-H-TX-15,Bobby Pulido,DEM,oppose,5000.00,2026-09-15,FULL REACH MEDIA GROUP LLC,DIGITAL MEDIA,202609159904217892,2026,https://docquery.fec.gov/cgi-bin/fecimg/?202609159904217892
2026-H-TX-15,Monica De La Cruz,REP,support,5910.88,2026-09-09,CONNECTION STRATEGY LLC,MESSAGE PHONE CALLS,202609099904179055,2026,https://docquery.fec.gov/cgi-bin/fecimg/?202609099904179055
2026-H-TX-23,Brandon Herrera,REP,support,4424.61,2026-10-06,CONNECTION STRATEGY LLC,MESSAGE PHONE CALLS,202610069908547189,2026,https://docquery.fec.gov/cgi-bin/fecimg/?202610069908547189
2026-H-TX-23,Brandon Herrera,REP,support,11222.12,2026-10-05,IMGE LLC,DIGITAL MEDIA,202610059908536209,2026,https://docquery.fec.gov/cgi-bin/fecimg/?202610059908536209
2026-H-TX-23,Katy Padilla Stout,DEM,oppose,11222.11,2026-10-05,IMGE LLC,DIGITAL MEDIA,202610059908536209,2026,https://docquery.fec.gov/cgi-bin/fecimg/?202610059908536209
2026-H-TX-23,Brandon Herrera,REP,support,1746.08,2026-10-02,IMGE LLC,TEXTING SERVICE,202610029908511774,2026,https://docquery.fec.gov/cgi-bin/fecimg/?202610029908511774
2026-H-TX-23,Katy Padilla Stout,DEM,oppose,1746.07,2026-10-02,IMGE LLC,TEXTING SERVICE,202610029908511774,2026,https://docquery.fec.gov/cgi-bin/fecimg/?202610029908511774
2026-H-TX-23,Katy Padilla Stout,DEM,oppose,2524.20,2026-09-28,IMGE LLC,TEXTING SERVICE,202609289908481357,2026,https://docquery.fec.gov/cgi-bin/fecimg/?202609289908481357
2026-H-TX-23,Katy Padilla Stout,DEM,oppose,41968.00,2026-09-24,STORYTELLERS GROUP LLC,PRINTING/POSTAGE,202609249908417867,2026,https://docquery.fec.gov/cgi-bin/fecimg/?202609249908417867
2026-H-TX-23,Katy Padilla Stout,DEM,oppose,13466.54,2026-09-18,IMGE LLC,DIGITAL MEDIA,202609189904424527,2026,https://docquery.fec.gov/cgi-bin/fecimg/?202609189904424527
2026-H-TX-23,Brandon Herrera,REP,support,13466.54,2026-09-18,IMGE LLC,DIGITAL MEDIA,202609189904424527,2026,https://docquery.fec.gov/cgi-bin/fecimg/?202609189904424527
2026-H-TX-23,Brandon Herrera,REP,support,20984.00,2026-09-16,STORYTELLERS GROUP LLC,PRINTING/POSTAGE,202609169904267679,2026,https://docquery.fec.gov/cgi-bin/fecimg/?202609169904267679
2026-H-TX-23,Katy Padilla Stout,DEM,oppose,10492.00,2026-09-16,STORYTELLERS GROUP LLC,PRINTING/POSTAGE,202609169904267680,2026,https://docquery.fec.gov/cgi-bin/fecimg/?202609169904267680
2026-H-TX-23,Katy Padilla Stout,DEM,oppose,5000.00,2026-09-15,FULL REACH MEDIA GROUP LLC,DIGITAL MEDIA,202609159904217892,2026,https://docquery.fec.gov/cgi-bin/fecimg/?202609159904217892
2026-H-TX-23,Brandon Herrera,REP,support,9130.12,2026-09-09,CONNECTION STRATEGY LLC,MESSAGE PHONE CALLS,202609099904179057,2026,https://docquery.fec.gov/cgi-bin/fecimg/?202609099904179057
2026-H-TX-28,Tano Tijerina,REP,support,3721.55,2026-10-06,CONNECTION STRATEGY LLC,MESSAGE PHONE CALLS,202610069908547168,2026,https://docquery.fec.gov/cgi-bin/fecimg/?202610069908547168
2026-H-TX-28,Tano Tijerina,REP,support,11212.95,2026-10-05,IMGE LLC,DIGITAL MEDIA,202610059908536210,2026,https://docquery.fec.gov/cgi-bin/fecimg/?202610059908536210
2026-H-TX-28,Henry Cuellar,DEM,oppose,11212.94,2026-10-05,IMGE LLC,DIGITAL MEDIA,202610059908536210,2026,https://docquery.fec.gov/cgi-bin/fecimg/?202610059908536210
2026-H-TX-28,Tano Tijerina,REP,support,1073.95,2026-10-02,IMGE LLC,TEXTING SERVICE,202610029908511773,2026,https://docquery.fec.gov/cgi-bin/fecimg/?202610029908511773
2026-H-TX-28,Henry Cuellar,DEM,oppose,1073.94,2026-10-02,IMGE LLC,TEXTING SERVICE,202610029908511773,2026,https://docquery.fec.gov/cgi-bin/fecimg/?202610029908511773
2026-H-TX-28,Henry Cuellar,DEM,oppose,2530.88,2026-09-28,IMGE LLC,TEXTING SERVICE,202609289908481358,2026,https://docquery.fec.gov/cgi-bin/fecimg/?202609289908481358
2026-H-TX-28,Henry Cuellar,DEM,oppose,37665.00,2026-09-24,STORYTELLERS GROUP LLC,PRINTING/POSTAGE,202609249908417866,2026,https://docquery.fec.gov/cgi-bin/fecimg/?202609249908417866
2026-H-TX-28,Henry Cuellar,DEM,oppose,1727.36,2026-09-24,IMGE LLC,TEXTING SERVICE,202609249908417846,2026,https://docquery.fec.gov/cgi-bin/fecimg/?202609249908417846
2026-H-TX-28,Tano Tijerina,REP,support,13455.54,2026-09-18,IMGE LLC,DIGITAL MEDIA,202609189904424528,2026,https://docquery.fec.gov/cgi-bin/fecimg/?202609189904424528
2026-H-TX-28,Henry Cuellar,DEM,oppose,13455.53,2026-09-18,IMGE LLC,DIGITAL MEDIA,202609189904424528,2026,https://docquery.fec.gov/cgi-bin/fecimg/?202609189904424528
2026-H-TX-28,Henry Cuellar,DEM,oppose,18832.50,2026-09-16,STORYTELLERS GROUP LLC,PRINTING/POSTAGE,202609169904267679,2026,https://docquery.fec.gov/cgi-bin/fecimg/?202609169904267679
2026-H-TX-28,Tano Tijerina,REP,support,18832.50,2026-09-16,STORYTELLERS GROUP LLC,PRINTING/POSTAGE,202609169904267678,2026,https://docquery.fec.gov/cgi-bin/fecimg/?202609169904267678
2026-H-TX-28,Henry Cuellar,DEM,oppose,5000.00,2026-09-15,FULL REACH MEDIA GROUP LLC,DIGITAL MEDIA,202609159904217893,2026,https://docquery.fec.gov/cgi-bin/fecimg/?202609159904217893
2026-H-TX-28,Tano Tijerina,REP,support,7679.53,2026-09-09,CONNECTION STRATEGY LLC,MESSAGE PHONE CALLS,202609099904179058,2026,https://docquery.fec.gov/cgi-bin/fecimg/?202609099904179058
2026-H-TX-34,Eric Flores,REP,support,2645.21,2026-10-06,CONNECTION STRATEGY LLC,MESSAGE PHONE CALLS,202610069908547171,2026,https://docquery.fec.gov/cgi-bin/fecimg/?202610069908547171
2026-H-TX-34,Vicente Gonzalez,DEM,oppose,7612.47,2026-10-05,IMGE LLC,DIGITAL MEDIA,202610059908536211,2026,https://docquery.fec.gov/cgi-bin/fecimg/?202610059908536211
2026-H-TX-34,Eric Flores,REP,support,7612.47,2026-10-05,IMGE LLC,DIGITAL MEDIA,202610059908536211,2026,https://docquery.fec.gov/cgi-bin/fecimg/?202610059908536211
2026-H-TX-34,Eric Flores,REP,support,1326.51,2026-10-02,IMGE LLC,TEXTING SERVICE,202610029908511772,2026,https://docquery.fec.gov/cgi-bin/fecimg/?202610029908511772
2026-H-TX-34,Vicente Gonzalez,DEM,oppose,1326.50,2026-10-02,IMGE LLC,TEXTING SERVICE,202610029908511772,2026,https://docquery.fec.gov/cgi-bin/fecimg/?202610029908511772
2026-H-TX-34,Vicente Gonzalez,DEM,oppose,1690.85,2026-09-28,IMGE LLC,TEXTING SERVICE,202609289908481359,2026,https://docquery.fec.gov/cgi-bin/fecimg/?202609289908481359
2026-H-TX-34,Vicente Gonzalez,DEM,oppose,25204.00,2026-09-24,STORYTELLERS GROUP LLC,PRINTING/POSTAGE,202609249908417866,2026,https://docquery.fec.gov/cgi-bin/fecimg/?202609249908417866
2026-H-TX-34,Vicente Gonzalez,DEM,oppose,9134.96,2026-09-18,IMGE LLC,DIGITAL MEDIA,202609189904424529,2026,https://docquery.fec.gov/cgi-bin/fecimg/?202609189904424529
2026-H-TX-34,Eric Flores,REP,support,9134.96,2026-09-18,IMGE LLC,DIGITAL MEDIA,202609189904424529,2026,https://docquery.fec.gov/cgi-bin/fecimg/?202609189904424529
2026-H-TX-34,Vicente Gonzalez,DEM,oppose,12602.00,2026-09-16,STORYTELLERS GROUP LLC,PRINTING/POSTAGE,202609169904267678,2026,https://docquery.fec.gov/cgi-bin/fecimg/?202609169904267678
2026-H-TX-34,Eric Flores,REP,support,12602.00,2026-09-16,STORYTELLERS GROUP LLC,PRINTING/POSTAGE,202609169904267677,2026,https://docquery.fec.gov/cgi-bin/fecimg/?202609169904267677
2026-H-TX-34,Vicente Gonzalez,DEM,oppose,5000.00,2026-09-15,FULL REACH MEDIA GROUP LLC,DIGITAL MEDIA,202609159904217893,2026,https://docquery.fec.gov/cgi-bin/fecimg/?202609159904217893
2026-H-TX-34,Eric Flores,REP,support,5458.48,2026-09-09,CONNECTION STRATEGY LLC,MESSAGE PHONE CALLS,202609099904179060,2026,https://docquery.fec.gov/cgi-bin/fecimg/?202609099904179060
2026-H-TX-35,Carlos De La Cruz,REP,support,3477.51,2026-10-06,CONNECTION STRATEGY LLC,MESSAGE PHONE CALLS,202610069908547167,2026,https://docquery.fec.gov/cgi-bin/fecimg/?202610069908547167
2026-H-TX-35,Carlos De La Cruz,REP,support,9440.66,2026-10-05,IMGE LLC,DIGITAL MEDIA,202610059908536212,2026,https://docquery.fec.gov/cgi-bin/fecimg/?202610059908536212
2026-H-TX-35,Johnny Garcia,DEM,oppose,9440.65,2026-10-05,IMGE LLC,DIGITAL MEDIA,202610059908536212,2026,https://docquery.fec.gov/cgi-bin/fecimg/?202610059908536212
2026-H-TX-35,Carlos De La Cruz,REP,support,1495.10,2026-10-02,IMGE LLC,TEXTING SERVICE,202610029908511776,2026,https://docquery.fec.gov/cgi-bin/fecimg/?202610029908511776
2026-H-TX-35,Johnny Garcia,DEM,oppose,1495.09,2026-10-02,IMGE LLC,TEXTING SERVICE,202610029908511777,2026,https://docquery.fec.gov/cgi-bin/fecimg/?202610029908511777
2026-H-TX-35,Johnny Garcia,DEM,oppose,43500.00,2026-09-28,FULL REACH MEDIA GROUP LLC,DIGITAL MEDIA,202609289908481356,2026,https://docquery.fec.gov/cgi-bin/fecimg/?202609289908481356
2026-H-TX-35,Carlos De La Cruz,REP,support,2500.00,2026-09-28,FULL REACH MEDIA GROUP LLC,DIGITAL MEDIA,202609289908481356,2026,https://docquery.fec.gov/cgi-bin/fecimg/?202609289908481356
2026-H-TX-35,Johnny Garcia,DEM,oppose,2183.23,2026-09-28,IMGE LLC,TEXTING SERVICE,202609289908481358,2026,https://docquery.fec.gov/cgi-bin/fecimg/?202609289908481358
2026-H-TX-35,Johnny Garcia,DEM,oppose,31470.00,2026-09-24,STORYTELLERS GROUP LLC,PRINTING/POSTAGE,202609249908417865,2026,https://docquery.fec.gov/cgi-bin/fecimg/?202609249908417865
2026-H-TX-35,Carlos De La Cruz,REP,support,11328.79,2026-09-18,IMGE LLC,DIGITAL MEDIA,202609189904424530,2026,https://docquery.fec.gov/cgi-bin/fecimg/?202609189904424530
2026-H-TX-35,Johnny Garcia,DEM,oppose,11328.78,2026-09-18,IMGE LLC,DIGITAL MEDIA,202609189904424530,2026,https://docquery.fec.gov/cgi-bin/fecimg/?202609189904424530
2026-H-TX-35,Johnny Garcia,DEM,oppose,15735.00,2026-09-16,STORYTELLERS GROUP LLC,PRINTING/POSTAGE,202609169904267677,2026,https://docquery.fec.gov/cgi-bin/fecimg/?202609169904267677
2026-H-TX-35,Carlos De La Cruz,REP,support,15735.00,2026-09-16,STORYTELLERS GROUP LLC,PRINTING/POSTAGE,202609169904267676,2026,https://docquery.fec.gov/cgi-bin/fecimg/?202609169904267676
2026-H-TX-35,Johnny Garcia,DEM,oppose,63500.00,2026-09-15,FULL REACH MEDIA GROUP LLC,DIGITAL MEDIA,202609159904217891,2026,https://docquery.fec.gov/cgi-bin/fecimg/?202609159904217891
2026-H-TX-35,Carlos De La Cruz,REP,support,2500.00,2026-09-15,FULL REACH MEDIA GROUP LLC,DIGITAL MEDIA,202609159904217891,2026,https://docquery.fec.gov/cgi-bin/fecimg/?202609159904217891
2026-H-TX-35,Carlos De La Cruz,REP,support,7175.78,2026-09-09,CONNECTION STRATEGY LLC,MESSAGE PHONE CALLS,202609099904179061,2026,https://docquery.fec.gov/cgi-bin/fecimg/?202609099904179061
2026-H-VA-02,Jen Kiggans,REP,support,15843.00,2026-10-06,STORYTELLERS GROUP LLC,PRINTING/POSTAGE,202610069908547216,2026,https://docquery.fec.gov/cgi-bin/fecimg/?202610069908547216
2026-H-VA-02,Jen Kiggans,REP,support,3190.00,2026-10-06,STORYTELLERS GROUP LLC,PRINTING/POSTAGE,202610069908547216,2026,https://docquery.fec.gov/cgi-bin/fecimg/?202610069908547216
2026-H-VA-02,Jen Kiggans,REP,support,9000.00,2026-10-05,STORYTELLERS GROUP LLC,PRINTING,202610059908536243,2026,https://docquery.fec.gov/cgi-bin/fecimg/?202610059908536243
2026-H-VA-02,Jen Kiggans,REP,support,18362.75,2026-10-02,CONNECTION STRATEGY LLC,MESSAGE PHONE CALLS,202610029908511767,2026,https://docquery.fec.gov/cgi-bin/fecimg/?202610029908511767
2026-H-VA-02,Jen Kiggans,REP,support,5594.48,2026-10-02,IMGE LLC,TEXTING SERVICE,202610029908511776,2026,https://docquery.fec.gov/cgi-bin/fecimg/?202610029908511776
2026-H-VA-02,Elaine Luria,DEM,oppose,13500.00,2026-09-30,FULL REACH MEDIA GROUP LLC,DIGITAL MEDIA,202609309908498244,2026,https://docquery.fec.gov/cgi-bin/fecimg/?202609309908498244
2026-H-VA-02,Elaine Luria,DEM,oppose,40606.39,2026-09-29,IMGE LLC,DIGITAL MEDIA,202609299908492897,2026,https://docquery.fec.gov/cgi-bin/fecimg/?202609299908492897
2026-H-VA-02,Elaine Luria,DEM,oppose,40928.00,2026-09-25,STORYTELLERS GROUP LLC,PRINTING/POSTAGE,202609259908418863,2026,https://docquery.fec.gov/cgi-bin/fecimg/?202609259908418863
2026-H-VA-02,Jen Kiggans,REP,support,8713.71,2026-09-24,STORYTELLERS GROUP LLC,PRINTING/POSTAGE,202609249908417868,2026,https://docquery.fec.gov/cgi-bin/fecimg/?202609249908417868
2026-H-VA-02,Elaine Luria,DEM,oppose,3130.67,2026-09-17,IMGE LLC,TEXTING SERVICE,202609179904302340,2026,https://docquery.fec.gov/cgi-bin/fecimg/?202609179904302340
2026-H-VA-02,Elaine Luria,DEM,oppose,20464.00,2026-09-15,STORYTELLERS GROUP LLC,PRINTING/POSTAGE,202609159904217896,2026,https://docquery.fec.gov/cgi-bin/fecimg/?202609159904217896
2026-H-VA-02,Jen Kiggans,REP,support,20464.00,2026-09-15,STORYTELLERS GROUP LLC,PRINTING/POSTAGE,202609159904217895,2026,https://docquery.fec.gov/cgi-bin/fecimg/?202609159904217895
2026-H-VA-02,Elaine Luria,DEM,oppose,48500.00,2026-09-14,FULL REACH MEDIA GROUP LLC,DIGITAL MEDIA,202609149904205608,2026,https://docquery.fec.gov/cgi-bin/fecimg/?202609149904205608
2026-H-VA-02,Elaine Luria,DEM,oppose,42837.51,2026-09-14,IMGE LLC,DIGITAL MEDIA,202609149904205609,2026,https://docquery.fec.gov/cgi-bin/fecimg/?202609149904205609
2026-H-VA-02,Jen Kiggans,REP,support,30759.85,2026-09-10,CONNECTION STRATEGY LLC,MESSAGE PHONE CALLS,202609109904190237,2026,https://docquery.fec.gov/cgi-bin/fecimg/?202609109904190237
2026-H-VA-02,Elaine Luria,DEM,oppose,4500.00,2026-09-10,STORYTELLERS GROUP LLC,PRINTING,202609109904190247,2026,https://docquery.fec.gov/cgi-bin/fecimg/?202609109904190247
2026-H-VA-02,Jen Kiggans,REP,support,4500.00,2026-09-10,STORYTELLERS GROUP LLC,PRINTING,202609109904190246,2026,https://docquery.fec.gov/cgi-bin/fecimg/?202609109904190246
2026-H-VA-02,Jen Kiggans,REP,support,500.00,2026-08-27,STORYTELLERS GROUP LLC,PRINTING,202609029904082304,2026,https://docquery.fec.gov/cgi-bin/fecimg/?202609029904082304
2026-H-VA-02,Elaine Luria,DEM,oppose,4500.00,2026-08-20,STORYTELLERS GROUP LLC,PRINTING,202609029904082291,2026,https://docquery.fec.gov/cgi-bin/fecimg/?202609029904082291
2026-H-VA-02,Jen Kiggans,REP,support,4500.00,2026-08-20,STORYTELLERS GROUP LLC,PRINTING,202609029904082291,2026,https://docquery.fec.gov/cgi-bin/fecimg/?202609029904082291
2026-H-WA-03,John Braun,REP,support,9150.00,2026-10-05,CALIBER CONTACT,PRINTING,202610059908536206,2026,https://docquery.fec.gov/cgi-bin/fecimg/?202610059908536206
2026-H-WA-03,John Braun,REP,support,44419.33,2026-09-30,CALIBER CONTACT,PRINTING/POSTAGE,202609309908498240,2026,https://docquery.fec.gov/cgi-bin/fecimg/?202609309908498240
2026-H-WA-03,Marie Gluesenkamp Perez,DEM,oppose,30500.00,2026-09-30,FULL REACH MEDIA GROUP LLC,DIGITAL MEDIA,202609309908498245,2026,https://docquery.fec.gov/cgi-bin/fecimg/?202609309908498245
2026-H-WA-03,John Braun,REP,support,30500.00,2026-09-30,FULL REACH MEDIA GROUP LLC,DIGITAL MEDIA,202609309908498245,2026,https://docquery.fec.gov/cgi-bin/fecimg/?202609309908498245
2026-H-WA-03,Marie Gluesenkamp Perez,DEM,oppose,16969.15,2026-09-29,IMGE LLC,DIGITAL MEDIA,202609299908492894,2026,https://docquery.fec.gov/cgi-bin/fecimg/?202609299908492894
2026-H-WA-03,John Braun,REP,support,16969.15,2026-09-29,IMGE LLC,DIGITAL MEDIA,202609299908492893,2026,https://docquery.fec.gov/cgi-bin/fecimg/?202609299908492893
2026-H-WA-03,John Braun,REP,support,44419.33,2026-09-24,CALIBER CONTACT,PRINTING/POSTAGE,202609249908417834,2026,https://docquery.fec.gov/cgi-bin/fecimg/?202609249908417834
2026-H-WA-03,John Braun,REP,support,44419.33,2026-09-21,CALIBER CONTACT,PRINTING/POSTAGE,202609219908383838,2026,https://docquery.fec.gov/cgi-bin/fecimg/?202609219908383838
2026-H-WA-03,John Braun,REP,support,43474.86,2026-09-14,CALIBER CONTACT,PRINTING/POSTAGE,202609149904205606,2026,https://docquery.fec.gov/cgi-bin/fecimg/?202609149904205606
2026-H-WA-03,John Braun,REP,support,33449.90,2026-09-10,CONNECTION STRATEGY LLC,MESSAGE PHONE CALLS,202609109904190233,2026,https://docquery.fec.gov/cgi-bin/fecimg/?202609109904190233
2026-H-WA-03,John Braun,REP,support,12220.20,2026-09-03,CALIBER CONTACT,PRINTING,202609049904103642,2026,https://docquery.fec.gov/cgi-bin/fecimg/?202609049904103642
2026-H-WI-03,Rebecca Cooke,DEM,oppose,23818.00,2026-10-06,STORYTELLERS GROUP LLC,PRINTING/POSTAGE,202610069908547217,2026,https://docquery.fec.gov/cgi-bin/fecimg/?202610069908547217
2026-H-WI-03,Derrick Van Orden,REP,support,23818.00,2026-10-06,STORYTELLERS GROUP LLC,PRINTING/POSTAGE,202610069908547217,2026,https://docquery.fec.gov/cgi-bin/fecimg/?202610069908547217
2026-H-WI-03,Rebecca Cooke,DEM,oppose,1906.19,2026-10-06,IMGE LLC,TEXTING SERVICE,202610069908547205,2026,https://docquery.fec.gov/cgi-bin/fecimg/?202610069908547205
2026-H-WI-03,Derrick Van Orden,REP,support,1906.19,2026-10-06,IMGE LLC,TEXTING SERVICE,202610069908547205,2026,https://docquery.fec.gov/cgi-bin/fecimg/?202610069908547205
2026-H-WI-03,Rebecca Cooke,DEM,oppose,10352.12,2026-10-01,IMGE LLC,DIGITAL MEDIA,202610019908503264,2026,https://docquery.fec.gov/cgi-bin/fecimg/?202610019908503264
2026-H-WI-03,Rebecca Cooke,DEM,oppose,37000.00,2026-09-30,FULL REACH MEDIA GROUP LLC,DIGITAL MEDIA,202609309908498243,2026,https://docquery.fec.gov/cgi-bin/fecimg/?202609309908498243
2026-H-WI-03,Rebecca Cooke,DEM,oppose,11759.30,2026-09-30,CONNECTION STRATEGY LLC,MESSAGE PHONE CALLS,202609309908498242,2026,https://docquery.fec.gov/cgi-bin/fecimg/?202609309908498242
2026-H-WI-03,Derrick Van Orden,REP,support,11759.30,2026-09-30,CONNECTION STRATEGY LLC,MESSAGE PHONE CALLS,202609309908498241,2026,https://docquery.fec.gov/cgi-bin/fecimg/?202609309908498241
2026-H-WI-03,Rebecca Cooke,DEM,oppose,23818.00,2026-09-29,STORYTELLERS GROUP LLC,PRINTING/POSTAGE,202609299908492898,2026,https://docquery.fec.gov/cgi-bin/fecimg/?202609299908492898
2026-H-WI-03,Derrick Van Orden,REP,support,23818.00,2026-09-29,STORYTELLERS GROUP LLC,PRINTING/POSTAGE,202609299908492897,2026,https://docquery.fec.gov/cgi-bin/fecimg/?202609299908492897
2026-H-WI-03,Rebecca Cooke,DEM,oppose,39462.60,2026-09-24,IMGE LLC,DIGITAL MEDIA,202609249908417842,2026,https://docquery.fec.gov/cgi-bin/fecimg/?202609249908417842
2026-H-WI-03,Rebecca Cooke,DEM,oppose,4725.00,2026-09-15,STORYTELLERS GROUP LLC,PRINTING,202609159904217898,2026,https://docquery.fec.gov/cgi-bin/fecimg/?202609159904217898
2026-H-WI-03,Derrick Van Orden,REP,support,4725.00,2026-09-15,STORYTELLERS GROUP LLC,PRINTING,202609159904217897,2026,https://docquery.fec.gov/cgi-bin/fecimg/?202609159904217897
2026-H-WI-03,Rebecca Cooke,DEM,oppose,3824.16,2026-09-15,IMGE LLC,TEXTING SERVICE,202609159904217894,2026,https://docquery.fec.gov/cgi-bin/fecimg/?202609159904217894
2026-H-WI-03,Derrick Van Orden,REP,support,39414.10,2026-09-10,CONNECTION STRATEGY LLC,MESSAGE PHONE CALLS,202609109904190233,2026,https://docquery.fec.gov/cgi-bin/fecimg/?202609109904190233
2026-H-WI-03,Rebecca Cooke,DEM,oppose,4725.00,2026-08-27,STORYTELLERS GROUP LLC,PRINTING,202609029904082306,2026,https://docquery.fec.gov/cgi-bin/fecimg/?202609029904082306
2026-H-WI-03,Derrick Van Orden,REP,support,4725.00,2026-08-27,STORYTELLERS GROUP LLC,PRINTING,202609029904082305,2026,https://docquery.fec.gov/cgi-bin/fecimg/?202609029904082305
2026-H-WI-03,Derrick Van Orden,REP,support,500.00,2026-08-27,STORYTELLERS GROUP LLC,PRINTING,202609029904082301,2026,https://docquery.fec.gov/cgi-bin/fecimg/?202609029904082301
2026-S-AK,Mary Peltola,DEM,oppose,13232.72,2026-10-06,IMGE LLC,DIGITAL MEDIA,202610069908547206,2026,https://docquery.fec.gov/cgi-bin/fecimg/?202610069908547206
2026-S-AK,Mary Peltola,DEM,oppose,6649.94,2026-10-06,IMGE LLC,DIGITAL MEDIA,202610069908547202,2026,https://docquery.fec.gov/cgi-bin/fecimg/?202610069908547202
2026-S-AK,Mary Peltola,DEM,oppose,11045.72,2026-10-02,IMGE LLC,DIGITAL MEDIA,202610029908511778,2026,https://docquery.fec.gov/cgi-bin/fecimg/?202610029908511778
2026-S-AK,Mary Peltola,DEM,oppose,53500.00,2026-09-30,FULL REACH MEDIA GROUP LLC,DIGITAL MEDIA,202609309908498244,2026,https://docquery.fec.gov/cgi-bin/fecimg/?202609309908498244
2026-S-AK,Mary Peltola,DEM,oppose,550.21,2026-09-28,IMGE LLC,TEXTING SERVICE,202609289908481361,2026,https://docquery.fec.gov/cgi-bin/fecimg/?202609289908481361
2026-S-AK,Dan Sullivan,REP,support,550.21,2026-09-28,IMGE LLC,TEXTING SERVICE,202609289908481360,2026,https://docquery.fec.gov/cgi-bin/fecimg/?202609289908481360
2026-S-AK,Mary Peltola,DEM,oppose,6570.20,2026-09-25,CONNECTION STRATEGY LLC,MESSAGE PHONE CALLS,202609259908418856,2026,https://docquery.fec.gov/cgi-bin/fecimg/?202609259908418856
2026-S-AK,Dan Sullivan,REP,support,6570.20,2026-09-25,CONNECTION STRATEGY LLC,MESSAGE PHONE CALLS,202609259908418856,2026,https://docquery.fec.gov/cgi-bin/fecimg/?202609259908418856
2026-S-AK,Mary Peltola,DEM,oppose,20384.50,2026-09-21,THE BAKER GROUP LLC,PRINTING/POSTAGE,202609219908383847,2026,https://docquery.fec.gov/cgi-bin/fecimg/?202609219908383847
2026-S-AK,Mary Peltola,DEM,oppose,20384.50,2026-09-21,THE BAKER GROUP LLC,PRINTING/POSTAGE,202609219908383848,2026,https://docquery.fec.gov/cgi-bin/fecimg/?202609219908383848
2026-S-AK,Dan Sullivan,REP,support,20384.50,2026-09-21,THE BAKER GROUP LLC,PRINTING/POSTAGE,202609219908383846,2026,https://docquery.fec.gov/cgi-bin/fecimg/?202609219908383846
2026-S-AK,Dan Sullivan,REP,support,20384.50,2026-09-21,THE BAKER GROUP LLC,PRINTING/POSTAGE,202609219908383847,2026,https://docquery.fec.gov/cgi-bin/fecimg/?202609219908383847
2026-S-AK,Dan Sullivan,REP,support,1632.77,2026-09-18,IMGE LLC,TEXTING SERVICE,202609189904424531,2026,https://docquery.fec.gov/cgi-bin/fecimg/?202609189904424531
2026-S-AK,Mary Peltola,DEM,oppose,40424.27,2026-09-17,IMGE LLC,DIGITAL MEDIA,202609179904302341,2026,https://docquery.fec.gov/cgi-bin/fecimg/?202609179904302341
2026-S-AK,Dan Sullivan,REP,support,15978.00,2026-09-17,THE BAKER GROUP LLC,PRINTING,202609179904302344,2026,https://docquery.fec.gov/cgi-bin/fecimg/?202609179904302344
2026-S-AK,Mary Peltola,DEM,oppose,61000.00,2026-09-15,FULL REACH MEDIA GROUP LLC,DIGITAL MEDIA,202609159904217889,2026,https://docquery.fec.gov/cgi-bin/fecimg/?202609159904217889
2026-S-AK,Mary Peltola,DEM,oppose,20384.50,2026-09-11,THE BAKER GROUP LLC,PRINTING/POSTAGE,202609119904198217,2026,https://docquery.fec.gov/cgi-bin/fecimg/?202609119904198217
2026-S-AK,Mary Peltola,DEM,oppose,20384.50,2026-09-11,THE BAKER GROUP LLC,PRINTING/POSTAGE,202609119904198218,2026,https://docquery.fec.gov/cgi-bin/fecimg/?202609119904198218
2026-S-AK,Dan Sullivan,REP,support,20384.50,2026-09-11,THE BAKER GROUP LLC,PRINTING/POSTAGE,202609119904198216,2026,https://docquery.fec.gov/cgi-bin/fecimg/?202609119904198216
2026-S-AK,Dan Sullivan,REP,support,20384.50,2026-09-11,THE BAKER GROUP LLC,PRINTING/POSTAGE,202609119904198217,2026,https://docquery.fec.gov/cgi-bin/fecimg/?202609119904198217
2026-S-AK,Dan Sullivan,REP,support,22251.90,2026-09-09,CONNECTION STRATEGY LLC,MESSAGE PHONE CALLS,202609099904179034,2026,https://docquery.fec.gov/cgi-bin/fecimg/?202609099904179034
2026-S-AK,Mary Peltola,DEM,oppose,42802.17,2026-09-04,IMGE LLC,DIGITAL MEDIA,202609049904103648,2026,https://docquery.fec.gov/cgi-bin/fecimg/?202609049904103648
2026-S-AK,Mary Peltola,DEM,oppose,1647.17,2026-09-04,IMGE LLC,TEXTING SERVICE,202609049904103651,2026,https://docquery.fec.gov/cgi-bin/fecimg/?202609049904103651
2026-S-AK,Mary Peltola,DEM,oppose,61000.00,2026-09-03,FULL REACH MEDIA GROUP LLC,DIGITAL MEDIA,202609049904103643,2026,https://docquery.fec.gov/cgi-bin/fecimg/?202609049904103643
2026-S-AK,Mary Peltola,DEM,oppose,20384.50,2026-09-03,THE BAKER GROUP LLC,PRINTING,202609039904090271,2026,https://docquery.fec.gov/cgi-bin/fecimg/?202609039904090271
2026-S-AK,Mary Peltola,DEM,oppose,20384.50,2026-09-03,THE BAKER GROUP LLC,PRINTING/POSTAGE,202609049904103648,2026,https://docquery.fec.gov/cgi-bin/fecimg/?202609049904103648
2026-S-AK,Dan Sullivan,REP,support,20384.50,2026-09-03,THE BAKER GROUP LLC,PRINTING,202609039904090271,2026,https://docquery.fec.gov/cgi-bin/fecimg/?202609039904090271
2026-S-AK,Dan Sullivan,REP,support,20384.50,2026-09-03,THE BAKER GROUP LLC,PRINTING/POSTAGE,202609049904103647,2026,https://docquery.fec.gov/cgi-bin/fecimg/?202609049904103647
2026-S-AK,Dan Sullivan,REP,support,17235.00,2026-08-27,THE BAKER GROUP LLC,PRINTING,202609029904082306,2026,https://docquery.fec.gov/cgi-bin/fecimg/?202609029904082306
2026-S-IA,Josh Turek,DEM,oppose,244206.64,2026-10-06,IMGE LLC,DIGITAL MEDIA,202610069908547204,2026,https://docquery.fec.gov/cgi-bin/fecimg/?202610069908547204
2026-S-IA,Josh Turek,DEM,oppose,93369.74,2026-10-06,IMGE LLC,DIGITAL MEDIA,202610069908547203,2026,https://docquery.fec.gov/cgi-bin/fecimg/?202610069908547203
2026-S-IA,Josh Turek,DEM,oppose,8451.27,2026-10-06,CONNECTION STRATEGY LLC,MESSAGE PHONE CALLS,202610069908547177,2026,https://docquery.fec.gov/cgi-bin/fecimg/?202610069908547177
2026-S-IA,Josh Turek,DEM,oppose,8272.95,2026-10-06,CONNECTION STRATEGY LLC,MESSAGE PHONE CALLS,202610069908547180,2026,https://docquery.fec.gov/cgi-bin/fecimg/?202610069908547180
2026-S-IA,Ashley Hinson,REP,support,8272.95,2026-10-06,CONNECTION STRATEGY LLC,MESSAGE PHONE CALLS,202610069908547180,2026,https://docquery.fec.gov/cgi-bin/fecimg/?202610069908547180
2026-S-IA,Josh Turek,DEM,oppose,8069.60,2026-10-06,CONNECTION STRATEGY LLC,MESSAGE PHONE CALLS,202610069908547178,2026,https://docquery.fec.gov/cgi-bin/fecimg/?202610069908547178
2026-S-IA,Josh Turek,DEM,oppose,7468.64,2026-10-06,CONNECTION STRATEGY LLC,MESSAGE PHONE CALLS,202610069908547184,2026,https://docquery.fec.gov/cgi-bin/fecimg/?202610069908547184
2026-S-IA,Ashley Hinson,REP,support,4225.64,2026-10-06,CONNECTION STRATEGY LLC,MESSAGE PHONE CALLS,202610069908547177,2026,https://docquery.fec.gov/cgi-bin/fecimg/?202610069908547177
2026-S-IA,Ashley Hinson,REP,support,4034.80,2026-10-06,CONNECTION STRATEGY LLC,MESSAGE PHONE CALLS,202610069908547179,2026,https://docquery.fec.gov/cgi-bin/fecimg/?202610069908547179
2026-S-IA,Ashley Hinson,REP,support,3734.33,2026-10-06,CONNECTION STRATEGY LLC,MESSAGE PHONE CALLS,202610069908547184,2026,https://docquery.fec.gov/cgi-bin/fecimg/?202610069908547184
2026-S-IA,Josh Turek,DEM,oppose,61765.33,2026-10-02,IMGE LLC,DIGITAL MEDIA,202610029908511780,2026,https://docquery.fec.gov/cgi-bin/fecimg/?202610029908511780
2026-S-IA,Josh Turek,DEM,oppose,61765.33,2026-10-02,IMGE LLC,DIGITAL MEDIA,202610029908511780,2026,https://docquery.fec.gov/cgi-bin/fecimg/?202610029908511780
2026-S-IA,Josh Turek,DEM,oppose,4885.05,2026-09-30,IMGE LLC,TEXTING SERVICE,202609309908498247,2026,https://docquery.fec.gov/cgi-bin/fecimg/?202609309908498247
2026-S-IA,Josh Turek,DEM,oppose,192948.00,2026-09-29,THE BAKER GROUP LLC,PRINTING/POSTAGE,202609299908492902,2026,https://docquery.fec.gov/cgi-bin/fecimg/?202609299908492902
2026-S-IA,Josh Turek,DEM,oppose,189089.00,2026-09-29,THE BAKER GROUP LLC,PRINTING/POSTAGE,202609299908492901,2026,https://docquery.fec.gov/cgi-bin/fecimg/?202609299908492901
2026-S-IA,Josh Turek,DEM,oppose,49000.00,2026-09-28,FULL REACH MEDIA GROUP LLC,DIGITAL MEDIA,202609289908481353,2026,https://docquery.fec.gov/cgi-bin/fecimg/?202609289908481353
2026-S-IA,Ashley Hinson,REP,support,6531.53,2026-09-25,CONNECTION STRATEGY LLC,MESSAGE PHONE CALLS,202609259908418857,2026,https://docquery.fec.gov/cgi-bin/fecimg/?202609259908418857
2026-S-IA,Josh Turek,DEM,oppose,6531.52,2026-09-25,CONNECTION STRATEGY LLC,MESSAGE PHONE CALLS,202609259908418857,2026,https://docquery.fec.gov/cgi-bin/fecimg/?202609259908418857
2026-S-IA,Josh Turek,DEM,oppose,150695.94,2026-09-18,IMGE LLC,DIGITAL MEDIA,202609189904424531,2026,https://docquery.fec.gov/cgi-bin/fecimg/?202609189904424531
2026-S-IA,Josh Turek,DEM,oppose,35142.00,2026-09-17,THE BAKER GROUP LLC,PRINTING/POSTAGE,202609179904302344,2026,https://docquery.fec.gov/cgi-bin/fecimg/?202609179904302344
2026-S-IA,Josh Turek,DEM,oppose,61000.00,2026-09-15,FULL REACH MEDIA GROUP LLC,DIGITAL MEDIA,202609159904217890,2026,https://docquery.fec.gov/cgi-bin/fecimg/?202609159904217890
2026-S-IA,Josh Turek,DEM,oppose,196885.00,2026-09-11,THE BAKER GROUP LLC,PRINTING/POSTAGE,202609119904198219,2026,https://docquery.fec.gov/cgi-bin/fecimg/?202609119904198219
2026-S-IA,Josh Turek,DEM,oppose,164363.00,2026-09-11,THE BAKER GROUP LLC,PRINTING/POSTAGE,202609119904198218,2026,https://docquery.fec.gov/cgi-bin/fecimg/?202609119904198218
2026-S-IA,Josh Turek,DEM,oppose,19292.48,2026-09-11,IMGE LLC,TEXTING SERVICE,202609119904198215,2026,https://docquery.fec.gov/cgi-bin/fecimg/?202609119904198215
2026-S-IA,Josh Turek,DEM,oppose,39828.00,2026-09-09,THE BAKER GROUP LLC,PRINTING/POSTAGE,202609099904179076,2026,https://docquery.fec.gov/cgi-bin/fecimg/?202609099904179076
2026-S-IA,Josh Turek,DEM,oppose,19746.00,2026-09-09,CONNECTION STRATEGY LLC,MESSAGE PHONE CALLS,202609099904179035,2026,https://docquery.fec.gov/cgi-bin/fecimg/?202609099904179035
2026-S-IA,Ashley Hinson,REP,support,19746.00,2026-09-09,CONNECTION STRATEGY LLC,MESSAGE PHONE CALLS,202609099904179034,2026,https://docquery.fec.gov/cgi-bin/fecimg/?202609099904179034
2026-S-IA,Ashley Hinson,REP,support,16676.08,2026-09-09,CONNECTION STRATEGY LLC,MESSAGE PHONE CALLS,202609099904179037,2026,https://docquery.fec.gov/cgi-bin/fecimg/?202609099904179037
2026-S-IA,Ashley Hinson,REP,support,15923.05,2026-09-09,CONNECTION STRATEGY LLC,MESSAGE PHONE CALLS,202609099904179035,2026,https://docquery.fec.gov/cgi-bin/fecimg/?202609099904179035
2026-S-IA,Ashley Hinson,REP,support,14792.70,2026-09-09,CONNECTION STRATEGY LLC,MESSAGE PHONE CALLS,202609099904179036,2026,https://docquery.fec.gov/cgi-bin/fecimg/?202609099904179036
2026-S-IA,Josh Turek,DEM,oppose,159560.41,2026-09-04,IMGE LLC,DIGITAL MEDIA,202609049904103649,2026,https://docquery.fec.gov/cgi-bin/fecimg/?202609049904103649
2026-S-IA,Josh Turek,DEM,oppose,61000.00,2026-09-03,FULL REACH MEDIA GROUP LLC,DIGITAL MEDIA,202609049904103644,2026,https://docquery.fec.gov/cgi-bin/fecimg/?202609049904103644
2026-S-IA,Josh Turek,DEM,oppose,27300.00,2026-08-19,THE BAKER GROUP LLC,PRINTING,202609029904082288,2026,https://docquery.fec.gov/cgi-bin/fecimg/?202609029904082288
2026-S-IA,Ashley Hinson,REP,support,27300.00,2026-08-19,THE BAKER GROUP LLC,PRINTING,202609029904082288,2026,https://docquery.fec.gov/cgi-bin/fecimg/?202609029904082288
2026-S-ME,Troy Jackson,DEM,oppose,60876.00,2026-10-06,RED MAVERICK MEDIA LLC,PRINTING/POSTAGE,202610069908547211,2026,https://docquery.fec.gov/cgi-bin/fecimg/?202610069908547211
2026-S-ME,Susan M. Collins,REP,support,20292.00,2026-10-06,RED MAVERICK MEDIA LLC,PRINTING/POSTAGE,202610069908547210,2026,https://docquery.fec.gov/cgi-bin/fecimg/?202610069908547210
2026-S-ME,Troy Jackson,DEM,oppose,17068.10,2026-10-06,CONNECTION STRATEGY LLC,MESSAGE PHONE CALLS,202610069908547172,2026,https://docquery.fec.gov/cgi-bin/fecimg/?202610069908547172
2026-S-ME,Susan M. Collins,REP,support,17068.10,2026-10-06,CONNECTION STRATEGY LLC,MESSAGE PHONE CALLS,202610069908547172,2026,https://docquery.fec.gov/cgi-bin/fecimg/?202610069908547172
2026-S-ME,Susan M. Collins,REP,support,5047.29,2026-10-06,IMGE LLC,TEXTING SERVICE,202610069908547204,2026,https://docquery.fec.gov/cgi-bin/fecimg/?202610069908547204
2026-S-ME,Troy Jackson,DEM,oppose,40584.00,2026-10-05,RED MAVERICK MEDIA LLC,PRINTING/POSTAGE,202610059908536217,2026,https://docquery.fec.gov/cgi-bin/fecimg/?202610059908536217
2026-S-ME,Susan M. Collins,REP,support,40584.00,2026-10-05,RED MAVERICK MEDIA LLC,PRINTING/POSTAGE,202610059908536216,2026,https://docquery.fec.gov/cgi-bin/fecimg/?202610059908536216
2026-S-ME,Troy Jackson,DEM,oppose,20500.00,2026-10-05,IMGE LLC,DIGITAL MEDIA,202610059908536214,2026,https://docquery.fec.gov/cgi-bin/fecimg/?202610059908536214
2026-S-ME,Troy Jackson,DEM,oppose,18539.47,2026-10-05,IMGE LLC,DIGITAL MEDIA,202610059908536214,2026,https://docquery.fec.gov/cgi-bin/fecimg/?202610059908536214
2026-S-ME,Troy Jackson,DEM,oppose,5632.55,2026-09-25,CONNECTION STRATEGY LLC,MESSAGE PHONE CALLS,202609259908418858,2026,https://docquery.fec.gov/cgi-bin/fecimg/?202609259908418858
2026-S-ME,Susan M. Collins,REP,support,5632.55,2026-09-25,CONNECTION STRATEGY LLC,MESSAGE PHONE CALLS,202609259908418858,2026,https://docquery.fec.gov/cgi-bin/fecimg/?202609259908418858
2026-S-ME,Troy Jackson,DEM,oppose,9686.12,2026-09-24,IMGE LLC,TEXTING SERVICE,202609249908417858,2026,https://docquery.fec.gov/cgi-bin/fecimg/?202609249908417858
2026-S-ME,Troy Jackson,DEM,oppose,51423.50,2026-09-21,RED MAVERICK MEDIA LLC,PRINTING/POSTAGE,202609219908383842,2026,https://docquery.fec.gov/cgi-bin/fecimg/?202609219908383842
2026-S-ME,Susan M. Collins,REP,support,51423.50,2026-09-21,RED MAVERICK MEDIA LLC,PRINTING/POSTAGE,202609219908383841,2026,https://docquery.fec.gov/cgi-bin/fecimg/?202609219908383841
2026-S-ME,Troy Jackson,DEM,oppose,97361.14,2026-09-18,IMGE LLC,DIGITAL MEDIA,202609189904424525,2026,https://docquery.fec.gov/cgi-bin/fecimg/?202609189904424525
2026-S-ME,Troy Jackson,DEM,oppose,40000.00,2026-09-18,IMGE LLC,DIGITAL MEDIA,202609189904424524,2026,https://docquery.fec.gov/cgi-bin/fecimg/?202609189904424524
2026-S-ME,Troy Jackson,DEM,oppose,10941.50,2026-09-17,RED MAVERICK MEDIA LLC,PRINTING,202609179904302343,2026,https://docquery.fec.gov/cgi-bin/fecimg/?202609179904302343
2026-S-ME,Susan M. Collins,REP,support,10941.50,2026-09-17,RED MAVERICK MEDIA LLC,PRINTING,202609179904302343,2026,https://docquery.fec.gov/cgi-bin/fecimg/?202609179904302343
2026-S-ME,Troy Jackson,DEM,oppose,51424.00,2026-09-15,RED MAVERICK MEDIA LLC,PRINTING/POSTAGE,202609159904217895,2026,https://docquery.fec.gov/cgi-bin/fecimg/?202609159904217895
2026-S-ME,Susan M. Collins,REP,support,51424.00,2026-09-15,RED MAVERICK MEDIA LLC,PRINTING/POSTAGE,202609159904217894,2026,https://docquery.fec.gov/cgi-bin/fecimg/?202609159904217894
2026-S-ME,Troy Jackson,DEM,oppose,51424.00,2026-09-10,RED MAVERICK MEDIA LLC,PRINTING/POSTAGE,202609109904190243,2026,https://docquery.fec.gov/cgi-bin/fecimg/?202609109904190243
2026-S-ME,Troy Jackson,DEM,oppose,51424.00,2026-09-10,RED MAVERICK MEDIA LLC,PRINTING/POSTAGE,202609109904190244,2026,https://docquery.fec.gov/cgi-bin/fecimg/?202609109904190244
2026-S-ME,Susan M. Collins,REP,support,51424.00,2026-09-10,RED MAVERICK MEDIA LLC,PRINTING/POSTAGE,202609109904190242,2026,https://docquery.fec.gov/cgi-bin/fecimg/?202609109904190242
2026-S-ME,Susan M. Collins,REP,support,51424.00,2026-09-10,RED MAVERICK MEDIA LLC,PRINTING/POSTAGE,202609109904190243,2026,https://docquery.fec.gov/cgi-bin/fecimg/?202609109904190243
2026-S-ME,Troy Jackson,DEM,oppose,18750.00,2026-09-10,IMGE LLC,DIGITAL MEDIA,202609109904190241,2026,https://docquery.fec.gov/cgi-bin/fecimg/?202609109904190241
2026-S-ME,Susan M. Collins,REP,support,18750.00,2026-09-10,IMGE LLC,DIGITAL MEDIA,202609109904190240,2026,https://docquery.fec.gov/cgi-bin/fecimg/?202609109904190240
2026-S-ME,Troy Jackson,DEM,oppose,3305.30,2026-09-10,IMGE LLC,TEXTING SERVICE,202609109904190239,2026,https://docquery.fec.gov/cgi-bin/fecimg/?202609109904190239
2026-S-ME,Troy Jackson,DEM,oppose,505.00,2026-09-10,IMGE LLC,TEXTING SERVICE,202609109904190238,2026,https://docquery.fec.gov/cgi-bin/fecimg/?202609109904190238
2026-S-ME,Susan M. Collins,REP,support,15525.00,2026-09-09,CONNECTION STRATEGY LLC,MESSAGE PHONE CALLS,202609099904179039,2026,https://docquery.fec.gov/cgi-bin/fecimg/?202609099904179039
2026-S-ME,Troy Jackson,DEM,oppose,14556.30,2026-09-09,CONNECTION STRATEGY LLC,MESSAGE PHONE CALLS,202609099904179039,2026,https://docquery.fec.gov/cgi-bin/fecimg/?202609099904179039
2026-S-ME,Susan M. Collins,REP,support,14556.30,2026-09-09,CONNECTION STRATEGY LLC,MESSAGE PHONE CALLS,202609099904179038,2026,https://docquery.fec.gov/cgi-bin/fecimg/?202609099904179038
2026-S-ME,Susan M. Collins,REP,support,43991.96,2026-09-08,IMGE LLC,DIGITAL MEDIA,202609089904114931,2026,https://docquery.fec.gov/cgi-bin/fecimg/?202609089904114931
2026-S-ME,Troy Jackson,DEM,oppose,43991.95,2026-09-08,IMGE LLC,DIGITAL MEDIA,202609089904114931,2026,https://docquery.fec.gov/cgi-bin/fecimg/?202609089904114931
2026-S-ME,Troy Jackson,DEM,oppose,102847.00,2026-08-31,RED MAVERICK MEDIA LLC,PRINTING,202609029904082307,2026,https://docquery.fec.gov/cgi-bin/fecimg/?202609029904082307
2026-S-ME,Susan M. Collins,REP,support,33063.65,2026-08-27,RED MAVERICK MEDIA LLC,PRINTING,202609029904082296,2026,https://docquery.fec.gov/cgi-bin/fecimg/?202609029904082296
2026-S-ME,Troy Jackson,DEM,oppose,33063.64,2026-08-27,RED MAVERICK MEDIA LLC,PRINTING,202609029904082297,2026,https://docquery.fec.gov/cgi-bin/fecimg/?202609029904082297
2026-S-ME,Susan M. Collins,REP,support,1250.00,2026-08-27,RED MAVERICK MEDIA LLC,PRINTING,202609029904082298,2026,https://docquery.fec.gov/cgi-bin/fecimg/?202609029904082298
2026-S-MI,Abdul El-Sayed,DEM,oppose,260662.43,2026-10-06,IMGE LLC,DIGITAL MEDIA,202610069908547206,2026,https://docquery.fec.gov/cgi-bin/fecimg/?202610069908547206
2026-S-MI,Mike Rogers,REP,support,260662.43,2026-10-06,IMGE LLC,DIGITAL MEDIA,202610069908547207,2026,https://docquery.fec.gov/cgi-bin/fecimg/?202610069908547207
2026-S-MI,Abdul El-Sayed,DEM,oppose,20000.00,2026-10-06,IMGE LLC,DIGITAL MEDIA,202610069908547202,2026,https://docquery.fec.gov/cgi-bin/fecimg/?202610069908547202
2026-S-MI,Mike Rogers,REP,support,20000.00,2026-10-06,IMGE LLC,DIGITAL MEDIA,202610069908547201,2026,https://docquery.fec.gov/cgi-bin/fecimg/?202610069908547201
2026-S-MI,Abdul El-Sayed,DEM,oppose,10501.45,2026-10-06,CONNECTION STRATEGY LLC,MESSAGE PHONE CALLS,202610069908547173,2026,https://docquery.fec.gov/cgi-bin/fecimg/?202610069908547173
2026-S-MI,Abdul El-Sayed,DEM,oppose,9699.39,2026-10-06,CONNECTION STRATEGY LLC,MESSAGE PHONE CALLS,202610069908547174,2026,https://docquery.fec.gov/cgi-bin/fecimg/?202610069908547174
2026-S-MI,Abdul El-Sayed,DEM,oppose,9509.89,2026-10-06,CONNECTION STRATEGY LLC,MESSAGE PHONE CALLS,202610069908547185,2026,https://docquery.fec.gov/cgi-bin/fecimg/?202610069908547185
2026-S-MI,Abdul El-Sayed,DEM,oppose,7655.42,2026-10-06,CONNECTION STRATEGY LLC,MESSAGE PHONE CALLS,202610069908547182,2026,https://docquery.fec.gov/cgi-bin/fecimg/?202610069908547182
2026-S-MI,Mike Rogers,REP,support,5250.73,2026-10-06,CONNECTION STRATEGY LLC,MESSAGE PHONE CALLS,202610069908547173,2026,https://docquery.fec.gov/cgi-bin/fecimg/?202610069908547173
2026-S-MI,Mike Rogers,REP,support,4849.70,2026-10-06,CONNECTION STRATEGY LLC,MESSAGE PHONE CALLS,202610069908547175,2026,https://docquery.fec.gov/cgi-bin/fecimg/?202610069908547175
2026-S-MI,Mike Rogers,REP,support,4754.94,2026-10-06,CONNECTION STRATEGY LLC,MESSAGE PHONE CALLS,202610069908547186,2026,https://docquery.fec.gov/cgi-bin/fecimg/?202610069908547186
2026-S-MI,Mike Rogers,REP,support,3827.71,2026-10-06,CONNECTION STRATEGY LLC,MESSAGE PHONE CALLS,202610069908547183,2026,https://docquery.fec.gov/cgi-bin/fecimg/?202610069908547183
2026-S-MI,Abdul El-Sayed,DEM,oppose,183258.40,2026-10-05,RED ZONE STRATEGIC LLC,PRINTING/POSTAGE,202610059908536218,2026,https://docquery.fec.gov/cgi-bin/fecimg/?202610059908536218
2026-S-MI,Mike Rogers,REP,support,183258.40,2026-10-05,RED ZONE STRATEGIC LLC,PRINTING/POSTAGE,202610059908536217,2026,https://docquery.fec.gov/cgi-bin/fecimg/?202610059908536217
2026-S-MI,Abdul El-Sayed,DEM,oppose,58400.34,2026-10-05,RED ZONE STRATEGIC LLC,PRINTING/POSTAGE,202610059908536219,2026,https://docquery.fec.gov/cgi-bin/fecimg/?202610059908536219
2026-S-MI,Mike Rogers,REP,support,58400.34,2026-10-05,RED ZONE STRATEGIC LLC,PRINTING/POSTAGE,202610059908536218,2026,https://docquery.fec.gov/cgi-bin/fecimg/?202610059908536218
2026-S-MI,Mike Rogers,REP,support,13502.63,2026-10-05,RED ZONE STRATEGIC LLC,PRINTING/POSTAGE,202610059908536241,2026,https://docquery.fec.gov/cgi-bin/fecimg/?202610059908536241
2026-S-MI,Abdul El-Sayed,DEM,oppose,13502.62,2026-10-05,RED ZONE STRATEGIC LLC,PRINTING/POSTAGE,202610059908536241,2026,https://docquery.fec.gov/cgi-bin/fecimg/?202610059908536241
2026-S-MI,Mike Rogers,REP,support,8062.88,2026-10-05,RED ZONE STRATEGIC LLC,PRINTING/POSTAGE,202610059908536239,2026,https://docquery.fec.gov/cgi-bin/fecimg/?202610059908536239
2026-S-MI,Abdul El-Sayed,DEM,oppose,8062.87,2026-10-05,RED ZONE STRATEGIC LLC,PRINTING/POSTAGE,202610059908536239,2026,https://docquery.fec.gov/cgi-bin/fecimg/?202610059908536239
2026-S-MI,Abdul El-Sayed,DEM,oppose,1225.00,2026-10-05,RED ZONE STRATEGIC LLC,PRINTING,202610059908536224,2026,https://docquery.fec.gov/cgi-bin/fecimg/?202610059908536224
2026-S-MI,Mike Rogers,REP,support,1225.00,2026-10-05,RED ZONE STRATEGIC LLC,PRINTING,202610059908536223,2026,https://docquery.fec.gov/cgi-bin/fecimg/?202610059908536223
2026-S-MI,Abdul El-Sayed,DEM,oppose,887.50,2026-10-05,RED ZONE STRATEGIC LLC,PRINTING,202610059908536222,2026,https://docquery.fec.gov/cgi-bin/fecimg/?202610059908536222
2026-S-MI,Abdul El-Sayed,DEM,oppose,887.50,2026-10-05,RED ZONE STRATEGIC LLC,PRINTING,202610059908536228,2026,https://docquery.fec.gov/cgi-bin/fecimg/?202610059908536228
2026-S-MI,Mike Rogers,REP,support,887.50,2026-10-05,RED ZONE STRATEGIC LLC,PRINTING,202610059908536221,2026,https://docquery.fec.gov/cgi-bin/fecimg/?202610059908536221
2026-S-MI,Mike Rogers,REP,support,887.50,2026-10-05,RED ZONE STRATEGIC LLC,PRINTING,202610059908536227,2026,https://docquery.fec.gov/cgi-bin/fecimg/?202610059908536227
2026-S-MI,Abdul El-Sayed,DEM,oppose,687.50,2026-10-05,RED ZONE STRATEGIC LLC,PRINTING,202610059908536226,2026,https://docquery.fec.gov/cgi-bin/fecimg/?202610059908536226
2026-S-MI,Mike Rogers,REP,support,687.50,2026-10-05,RED ZONE STRATEGIC LLC,PRINTING,202610059908536225,2026,https://docquery.fec.gov/cgi-bin/fecimg/?202610059908536225
2026-S-MI,Mike Rogers,REP,support,13577.46,2026-09-30,RED ZONE STRATEGIC LLC,PRINTING/POSTAGE,202609309908498259,2026,https://docquery.fec.gov/cgi-bin/fecimg/?202609309908498259
2026-S-MI,Abdul El-Sayed,DEM,oppose,13577.45,2026-09-30,RED ZONE STRATEGIC LLC,PRINTING/POSTAGE,202609309908498258,2026,https://docquery.fec.gov/cgi-bin/fecimg/?202609309908498258
2026-S-MI,Mike Rogers,REP,support,12105.05,2026-09-30,RED ZONE STRATEGIC LLC,PRINTING/POSTAGE,202609309908498252,2026,https://docquery.fec.gov/cgi-bin/fecimg/?202609309908498252
2026-S-MI,Abdul El-Sayed,DEM,oppose,12105.04,2026-09-30,RED ZONE STRATEGIC LLC,PRINTING/POSTAGE,202609309908498251,2026,https://docquery.fec.gov/cgi-bin/fecimg/?202609309908498251
2026-S-MI,Mike Rogers,REP,support,9129.94,2026-09-30,RED ZONE STRATEGIC LLC,PRINTING/POSTAGE,202609309908498257,2026,https://docquery.fec.gov/cgi-bin/fecimg/?202609309908498257
2026-S-MI,Abdul El-Sayed,DEM,oppose,9129.93,2026-09-30,RED ZONE STRATEGIC LLC,PRINTING/POSTAGE,202609309908498256,2026,https://docquery.fec.gov/cgi-bin/fecimg/?202609309908498256
2026-S-MI,Mike Rogers,REP,support,8186.82,2026-09-30,RED ZONE STRATEGIC LLC,PRINTING/POSTAGE,202609309908498255,2026,https://docquery.fec.gov/cgi-bin/fecimg/?202609309908498255
2026-S-MI,Abdul El-Sayed,DEM,oppose,8186.81,2026-09-30,RED ZONE STRATEGIC LLC,PRINTING/POSTAGE,202609309908498254,2026,https://docquery.fec.gov/cgi-bin/fecimg/?202609309908498254
2026-S-MI,Mike Rogers,REP,support,1150.00,2026-09-30,RED ZONE STRATEGIC LLC,PRINTING,202609309908498253,2026,https://docquery.fec.gov/cgi-bin/fecimg/?202609309908498253
2026-S-MI,Mike Rogers,REP,support,235762.28,2026-09-28,RED ZONE STRATEGIC LLC,PRINTING/POSTAGE,202609289908481362,2026,https://docquery.fec.gov/cgi-bin/fecimg/?202609289908481362
2026-S-MI,Abdul El-Sayed,DEM,oppose,235762.27,2026-09-28,RED ZONE STRATEGIC LLC,PRINTING/POSTAGE,202609289908481363,2026,https://docquery.fec.gov/cgi-bin/fecimg/?202609289908481363
2026-S-MI,Abdul El-Sayed,DEM,oppose,13007.05,2026-09-25,CONNECTION STRATEGY LLC,MESSAGE PHONE CALLS,202609259908418859,2026,https://docquery.fec.gov/cgi-bin/fecimg/?202609259908418859
2026-S-MI,Mike Rogers,REP,support,13007.05,2026-09-25,CONNECTION STRATEGY LLC,MESSAGE PHONE CALLS,202609259908418859,2026,https://docquery.fec.gov/cgi-bin/fecimg/?202609259908418859
2026-S-MI,Abdul El-Sayed,DEM,oppose,137665.11,2026-09-24,IMGE LLC,TEXTING SERVICE,202609249908417838,2026,https://docquery.fec.gov/cgi-bin/fecimg/?202609249908417838
2026-S-MI,Abdul El-Sayed,DEM,oppose,114727.05,2026-09-24,IMGE LLC,DIGITAL MEDIA,202609249908417841,2026,https://docquery.fec.gov/cgi-bin/fecimg/?202609249908417841
2026-S-MI,Abdul El-Sayed,DEM,oppose,35000.00,2026-09-24,IMGE LLC,DIGITAL MEDIA,202609249908417842,2026,https://docquery.fec.gov/cgi-bin/fecimg/?202609249908417842
2026-S-MI,Abdul El-Sayed,DEM,oppose,1515.00,2026-09-24,IMGE LLC,TEXTING SERVICE,202609249908417839,2026,https://docquery.fec.gov/cgi-bin/fecimg/?202609249908417839
2026-S-MI,Mike Rogers,REP,support,185756.03,2026-09-21,RED ZONE STRATEGIC LLC,PRINTING/POSTAGE,202609219908383844,2026,https://docquery.fec.gov/cgi-bin/fecimg/?202609219908383844
2026-S-MI,Abdul El-Sayed,DEM,oppose,185756.02,2026-09-21,RED ZONE STRATEGIC LLC,PRINTING/POSTAGE,202609219908383845,2026,https://docquery.fec.gov/cgi-bin/fecimg/?202609219908383845
2026-S-MI,Abdul El-Sayed,DEM,oppose,58357.21,2026-09-21,RED ZONE STRATEGIC LLC,PRINTING/POSTAGE,202609219908383844,2026,https://docquery.fec.gov/cgi-bin/fecimg/?202609219908383844
2026-S-MI,Mike Rogers,REP,support,58357.21,2026-09-21,RED ZONE STRATEGIC LLC,PRINTING/POSTAGE,202609219908383843,2026,https://docquery.fec.gov/cgi-bin/fecimg/?202609219908383843
2026-S-MI,Abdul El-Sayed,DEM,oppose,673377.95,2026-09-17,IMGE LLC,DIGITAL MEDIA,202609179904302341,2026,https://docquery.fec.gov/cgi-bin/fecimg/?202609179904302341
2026-S-MI,Abdul El-Sayed,DEM,oppose,40000.00,2026-09-17,IMGE LLC,DIGITAL MEDIA,202609179904302340,2026,https://docquery.fec.gov/cgi-bin/fecimg/?202609179904302340
2026-S-MI,Mike Rogers,REP,support,1600.00,2026-09-16,RED ZONE STRATEGIC LLC,PRINTING,202609169904267676,2026,https://docquery.fec.gov/cgi-bin/fecimg/?202609169904267676
2026-S-MI,Mike Rogers,REP,support,197742.57,2026-09-14,RED ZONE STRATEGIC LLC,PRINTING/POSTAGE,202609149904205613,2026,https://docquery.fec.gov/cgi-bin/fecimg/?202609149904205613
2026-S-MI,Abdul El-Sayed,DEM,oppose,197742.56,2026-09-14,RED ZONE STRATEGIC LLC,PRINTING/POSTAGE,202609149904205613,2026,https://docquery.fec.gov/cgi-bin/fecimg/?202609149904205613
2026-S-MI,Abdul El-Sayed,DEM,oppose,20000.00,2026-09-11,IMGE LLC,DIGITAL MEDIA,202609119904198216,2026,https://docquery.fec.gov/cgi-bin/fecimg/?202609119904198216
2026-S-MI,Mike Rogers,REP,support,20000.00,2026-09-11,IMGE LLC,DIGITAL MEDIA,202609119904198215,2026,https://docquery.fec.gov/cgi-bin/fecimg/?202609119904198215
2026-S-MI,Abdul El-Sayed,DEM,oppose,147809.70,2026-09-09,CONNECTION STRATEGY LLC,MESSAGE PHONE CALLS,202609099904179041,2026,https://docquery.fec.gov/cgi-bin/fecimg/?202609099904179041
2026-S-MI,Mike Rogers,REP,support,147809.70,2026-09-09,CONNECTION STRATEGY LLC,MESSAGE PHONE CALLS,202609099904179040,2026,https://docquery.fec.gov/cgi-bin/fecimg/?202609099904179040
2026-S-MI,Mike Rogers,REP,support,19301.59,2026-09-09,IMGE LLC,TEXTING SERVICE,202609099904179075,2026,https://docquery.fec.gov/cgi-bin/fecimg/?202609099904179075
2026-S-MI,Abdul El-Sayed,DEM,oppose,19301.58,2026-09-09,IMGE LLC,TEXTING SERVICE,202609099904179075,2026,https://docquery.fec.gov/cgi-bin/fecimg/?202609099904179075
2026-S-MI,Mike Rogers,REP,support,10955.32,2026-09-09,CONNECTION STRATEGY LLC,MESSAGE PHONE CALLS,202609099904179043,2026,https://docquery.fec.gov/cgi-bin/fecimg/?202609099904179043
2026-S-MI,Abdul El-Sayed,DEM,oppose,10955.31,2026-09-09,CONNECTION STRATEGY LLC,MESSAGE PHONE CALLS,202609099904179043,2026,https://docquery.fec.gov/cgi-bin/fecimg/?202609099904179043
2026-S-MI,Mike Rogers,REP,support,10395.24,2026-09-09,CONNECTION STRATEGY LLC,MESSAGE PHONE CALLS,202609099904179044,2026,https://docquery.fec.gov/cgi-bin/fecimg/?202609099904179044
2026-S-MI,Abdul El-Sayed,DEM,oppose,10395.23,2026-09-09,CONNECTION STRATEGY LLC,MESSAGE PHONE CALLS,202609099904179045,2026,https://docquery.fec.gov/cgi-bin/fecimg/?202609099904179045
2026-S-MI,Abdul El-Sayed,DEM,oppose,7398.95,2026-09-09,CONNECTION STRATEGY LLC,MESSAGE PHONE CALLS,202609099904179042,2026,https://docquery.fec.gov/cgi-bin/fecimg/?202609099904179042
2026-S-MI,Mike Rogers,REP,support,7398.95,2026-09-09,CONNECTION STRATEGY LLC,MESSAGE PHONE CALLS,202609099904179041,2026,https://docquery.fec.gov/cgi-bin/fecimg/?202609099904179041
2026-S-MI,Abdul El-Sayed,DEM,oppose,6712.55,2026-09-09,CONNECTION STRATEGY LLC,MESSAGE PHONE CALLS,202609099904179046,2026,https://docquery.fec.gov/cgi-bin/fecimg/?202609099904179046
2026-S-MI,Mike Rogers,REP,support,6712.55,2026-09-09,CONNECTION STRATEGY LLC,MESSAGE PHONE CALLS,202609099904179046,2026,https://docquery.fec.gov/cgi-bin/fecimg/?202609099904179046
2026-S-MI,Abdul El-Sayed,DEM,oppose,295.00,2026-09-09,IMGE LLC,TEXTING SERVICE,202609099904179071,2026,https://docquery.fec.gov/cgi-bin/fecimg/?202609099904179071
2026-S-MI,Mike Rogers,REP,support,295.00,2026-09-09,IMGE LLC,TEXTING SERVICE,202609099904179071,2026,https://docquery.fec.gov/cgi-bin/fecimg/?202609099904179071
2026-S-MI,Abdul El-Sayed,DEM,oppose,304261.17,2026-09-08,IMGE LLC,DIGITAL MEDIA,202609089904114930,2026,https://docquery.fec.gov/cgi-bin/fecimg/?202609089904114930
2026-S-MI,Mike Rogers,REP,support,304261.17,2026-09-08,IMGE LLC,DIGITAL MEDIA,202609089904114930,2026,https://docquery.fec.gov/cgi-bin/fecimg/?202609089904114930
2026-S-MI,Mike Rogers,REP,support,197742.57,2026-09-03,RED ZONE STRATEGIC LLC,PRINTING,202609049904103646,2026,https://docquery.fec.gov/cgi-bin/fecimg/?202609049904103646
2026-S-MI,Abdul El-Sayed,DEM,oppose,197742.56,2026-09-03,RED ZONE STRATEGIC LLC,PRINTING,202609049904103647,2026,https://docquery.fec.gov/cgi-bin/fecimg/?202609049904103647
2026-S-MI,Mike Rogers,REP,support,9140.63,2026-09-03,RED ZONE STRATEGIC LLC,PRINTING,202609049904103645,2026,https://docquery.fec.gov/cgi-bin/fecimg/?202609049904103645
2026-S-MI,Abdul El-Sayed,DEM,oppose,9140.62,2026-09-03,RED ZONE STRATEGIC LLC,PRINTING,202609049904103646,2026,https://docquery.fec.gov/cgi-bin/fecimg/?202609049904103646
2026-S-MI,Abdul El-Sayed,DEM,oppose,8125.00,2026-08-27,RED ZONE STRATEGIC LLC,PRINTING,202609029904082298,2026,https://docquery.fec.gov/cgi-bin/fecimg/?202609029904082298
2026-S-MI,Mike Rogers,REP,support,4062.50,2026-08-27,RED ZONE STRATEGIC LLC,PRINTING,202609029904082299,2026,https://docquery.fec.gov/cgi-bin/fecimg/?202609029904082299
2026-S-MI,Mike Rogers,REP,support,1230.00,2026-08-27,RED ZONE STRATEGIC LLC,PRINTING,202609029904082299,2026,https://docquery.fec.gov/cgi-bin/fecimg/?202609029904082299
2026-S-MI,Abdul El-Sayed,DEM,oppose,8125.00,2026-08-20,RED ZONE STRATEGIC LLC,PRINTING,202609029904082289,2026,https://docquery.fec.gov/cgi-bin/fecimg/?202609029904082289
2026-S-MI,Mike Rogers,REP,support,4062.50,2026-08-20,RED ZONE STRATEGIC LLC,PRINTING,202609029904082289,2026,https://docquery.fec.gov/cgi-bin/fecimg/?202609029904082289
2026-S-NH,Chris Pappas,DEM,oppose,24456.00,2026-10-06,RED MAVERICK MEDIA LLC,PRINTING/POSTAGE,202610069908547209,2026,https://docquery.fec.gov/cgi-bin/fecimg/?202610069908547209
2026-S-NH,John Sununu,REP,support,24456.00,2026-10-06,RED MAVERICK MEDIA LLC,PRINTING/POSTAGE,202610069908547210,2026,https://docquery.fec.gov/cgi-bin/fecimg/?202610069908547210
2026-S-NH,Chris Pappas,DEM,oppose,20868.50,2026-10-05,IMGE LLC,DIGITAL MEDIA,202610059908536213,2026,https://docquery.fec.gov/cgi-bin/fecimg/?202610059908536213
2026-S-NH,Chris Pappas,DEM,oppose,20500.00,2026-10-05,IMGE LLC,DIGITAL MEDIA,202610059908536213,2026,https://docquery.fec.gov/cgi-bin/fecimg/?202610059908536213
2026-S-NH,John Sununu,REP,support,16034.73,2026-09-25,CONNECTION STRATEGY LLC,MESSAGE PHONE CALLS,202609259908418860,2026,https://docquery.fec.gov/cgi-bin/fecimg/?202609259908418860
2026-S-NH,Chris Pappas,DEM,oppose,16034.72,2026-09-25,CONNECTION STRATEGY LLC,MESSAGE PHONE CALLS,202609259908418860,2026,https://docquery.fec.gov/cgi-bin/fecimg/?202609259908418860
2026-S-NH,Chris Pappas,DEM,oppose,29316.00,2026-09-24,RED MAVERICK MEDIA LLC,PRINTING/POSTAGE,202609249908417862,2026,https://docquery.fec.gov/cgi-bin/fecimg/?202609249908417862
2026-S-NH,John Sununu,REP,support,29316.00,2026-09-24,RED MAVERICK MEDIA LLC,PRINTING/POSTAGE,202609249908417862,2026,https://docquery.fec.gov/cgi-bin/fecimg/?202609249908417862
2026-S-NH,Chris Pappas,DEM,oppose,16693.05,2026-09-24,CONNECTION STRATEGY LLC,MESSAGE PHONE CALLS,202609249908417836,2026,https://docquery.fec.gov/cgi-bin/fecimg/?202609249908417836
2026-S-NH,John Sununu,REP,support,16693.05,2026-09-24,CONNECTION STRATEGY LLC,MESSAGE PHONE CALLS,202609249908417836,2026,https://docquery.fec.gov/cgi-bin/fecimg/?202609249908417836
2026-S-NH,Chris Pappas,DEM,oppose,11780.90,2026-09-24,IMGE LLC,TEXTING SERVICE,202609249908417858,2026,https://docquery.fec.gov/cgi-bin/fecimg/?202609249908417858
2026-S-NH,Chris Pappas,DEM,oppose,81310.98,2026-09-18,IMGE LLC,DIGITAL MEDIA,202609189904424525,2026,https://docquery.fec.gov/cgi-bin/fecimg/?202609189904424525
2026-S-NH,Chris Pappas,DEM,oppose,40000.00,2026-09-18,IMGE LLC,DIGITAL MEDIA,202609189904424524,2026,https://docquery.fec.gov/cgi-bin/fecimg/?202609189904424524
2026-S-NH,Chris Pappas,DEM,oppose,39088.00,2026-09-16,RED MAVERICK MEDIA LLC,PRINTING/POSTAGE,202609169904267675,2026,https://docquery.fec.gov/cgi-bin/fecimg/?202609169904267675
2026-S-NH,John Sununu,REP,support,39088.00,2026-09-16,RED MAVERICK MEDIA LLC,PRINTING/POSTAGE,202609169904267675,2026,https://docquery.fec.gov/cgi-bin/fecimg/?202609169904267675
2026-S-NH,John Sununu,REP,support,21328.88,2026-09-14,RED MAVERICK MEDIA LLC,PRINTING,202609149904205609,2026,https://docquery.fec.gov/cgi-bin/fecimg/?202609149904205609
2026-S-NH,Chris Pappas,DEM,oppose,21328.87,2026-09-14,RED MAVERICK MEDIA LLC,PRINTING,202609149904205610,2026,https://docquery.fec.gov/cgi-bin/fecimg/?202609149904205610
2026-S-NH,Chris Pappas,DEM,oppose,40000.00,2026-09-10,IMGE LLC,DIGITAL MEDIA,202609109904190240,2026,https://docquery.fec.gov/cgi-bin/fecimg/?202609109904190240
2026-S-NH,Chris Pappas,DEM,oppose,38592.50,2026-09-10,RED MAVERICK MEDIA LLC,PRINTING/POSTAGE,202609109904190242,2026,https://docquery.fec.gov/cgi-bin/fecimg/?202609109904190242
2026-S-NH,Chris Pappas,DEM,oppose,38592.50,2026-09-10,RED MAVERICK MEDIA LLC,PRINTING/POSTAGE,202609109904190245,2026,https://docquery.fec.gov/cgi-bin/fecimg/?202609109904190245
2026-S-NH,John Sununu,REP,support,38592.50,2026-09-10,RED MAVERICK MEDIA LLC,PRINTING/POSTAGE,202609109904190241,2026,https://docquery.fec.gov/cgi-bin/fecimg/?202609109904190241
2026-S-NH,John Sununu,REP,support,38592.50,2026-09-10,RED MAVERICK MEDIA LLC,PRINTING/POSTAGE,202609109904190244,2026,https://docquery.fec.gov/cgi-bin/fecimg/?202609109904190244
2026-S-NH,John Sununu,REP,support,8401.69,2026-09-10,CONNECTION STRATEGY LLC,MESSAGE PHONE CALLS,202609109904190228,2026,https://docquery.fec.gov/cgi-bin/fecimg/?202609109904190228
2026-S-NH,Chris Pappas,DEM,oppose,8401.68,2026-09-10,CONNECTION STRATEGY LLC,MESSAGE PHONE CALLS,202609109904190228,2026,https://docquery.fec.gov/cgi-bin/fecimg/?202609109904190228
2026-S-NH,John Sununu,REP,support,8016.24,2026-09-10,CONNECTION STRATEGY LLC,MESSAGE PHONE CALLS,202609109904190229,2026,https://docquery.fec.gov/cgi-bin/fecimg/?202609109904190229
2026-S-NH,Chris Pappas,DEM,oppose,8016.23,2026-09-10,CONNECTION STRATEGY LLC,MESSAGE PHONE CALLS,202609109904190230,2026,https://docquery.fec.gov/cgi-bin/fecimg/?202609109904190230
2026-S-NH,Chris Pappas,DEM,oppose,4020.13,2026-09-10,IMGE LLC,TEXTING SERVICE,202609109904190239,2026,https://docquery.fec.gov/cgi-bin/fecimg/?202609109904190239
2026-S-NH,Chris Pappas,DEM,oppose,505.00,2026-09-10,IMGE LLC,TEXTING SERVICE,202609109904190238,2026,https://docquery.fec.gov/cgi-bin/fecimg/?202609109904190238
2026-S-NH,Chris Pappas,DEM,oppose,73479.61,2026-09-08,IMGE LLC,DIGITAL MEDIA,202609089904114932,2026,https://docquery.fec.gov/cgi-bin/fecimg/?202609089904114932
2026-S-NH,Chris Pappas,DEM,oppose,82176.00,2026-08-31,RED MAVERICK MEDIA LLC,PRINTING,202609029904082307,2026,https://docquery.fec.gov/cgi-bin/fecimg/?202609029904082307
2026-S-NH,Chris Pappas,DEM,oppose,8052.50,2026-08-27,RED MAVERICK MEDIA LLC,PRINTING,202609029904082296,2026,https://docquery.fec.gov/cgi-bin/fecimg/?202609029904082296
2026-S-NH,John Sununu,REP,support,1230.00,2026-08-27,RED MAVERICK MEDIA LLC,PRINTING,202609029904082297,2026,https://docquery.fec.gov/cgi-bin/fecimg/?202609029904082297
2026-S-OH,Sherrod Brown,DEM,oppose,802894.19,2026-10-06,IMGE LLC,DIGITAL MEDIA,202610069908547201,2026,https://docquery.fec.gov/cgi-bin/fecimg/?202610069908547201
2026-S-OH,Sherrod Brown,DEM,oppose,261910.34,2026-10-06,IMGE LLC,DIGITAL MEDIA,202610069908547199,2026,https://docquery.fec.gov/cgi-bin/fecimg/?202610069908547199
2026-S-OH,Sherrod Brown,DEM,oppose,90588.60,2026-10-06,CONNECTION STRATEGY LLC,MESSAGE PHONE CALLS,202610069908547164,2026,https://docquery.fec.gov/cgi-bin/fecimg/?202610069908547164
2026-S-OH,Jon Husted,REP,support,90588.60,2026-10-06,CONNECTION STRATEGY LLC,MESSAGE PHONE CALLS,202610069908547163,2026,https://docquery.fec.gov/cgi-bin/fecimg/?202610069908547163
2026-S-OH,Sherrod Brown,DEM,oppose,9007.77,2026-10-06,CONNECTION STRATEGY LLC,MESSAGE PHONE CALLS,202610069908547181,2026,https://docquery.fec.gov/cgi-bin/fecimg/?202610069908547181
2026-S-OH,Sherrod Brown,DEM,oppose,8960.70,2026-10-06,CONNECTION STRATEGY LLC,MESSAGE PHONE CALLS,202610069908547187,2026,https://docquery.fec.gov/cgi-bin/fecimg/?202610069908547187
2026-S-OH,Sherrod Brown,DEM,oppose,8023.04,2026-10-06,CONNECTION STRATEGY LLC,MESSAGE PHONE CALLS,202610069908547164,2026,https://docquery.fec.gov/cgi-bin/fecimg/?202610069908547164
2026-S-OH,Sherrod Brown,DEM,oppose,7840.70,2026-10-06,CONNECTION STRATEGY LLC,MESSAGE PHONE CALLS,202610069908547162,2026,https://docquery.fec.gov/cgi-bin/fecimg/?202610069908547162
2026-S-OH,Jon Husted,REP,support,4503.89,2026-10-06,CONNECTION STRATEGY LLC,MESSAGE PHONE CALLS,202610069908547181,2026,https://docquery.fec.gov/cgi-bin/fecimg/?202610069908547181
2026-S-OH,Jon Husted,REP,support,4480.35,2026-10-06,CONNECTION STRATEGY LLC,MESSAGE PHONE CALLS,202610069908547187,2026,https://docquery.fec.gov/cgi-bin/fecimg/?202610069908547187
2026-S-OH,Jon Husted,REP,support,4011.53,2026-10-06,CONNECTION STRATEGY LLC,MESSAGE PHONE CALLS,202610069908547165,2026,https://docquery.fec.gov/cgi-bin/fecimg/?202610069908547165
2026-S-OH,Jon Husted,REP,support,3920.35,2026-10-06,CONNECTION STRATEGY LLC,MESSAGE PHONE CALLS,202610069908547162,2026,https://docquery.fec.gov/cgi-bin/fecimg/?202610069908547162
2026-S-OH,Jon Husted,REP,support,184008.83,2026-10-05,RED ZONE STRATEGIC LLC,PRINTING/POSTAGE,202610059908536219,2026,https://docquery.fec.gov/cgi-bin/fecimg/?202610059908536219
2026-S-OH,Sherrod Brown,DEM,oppose,184008.82,2026-10-05,RED ZONE STRATEGIC LLC,PRINTING/POSTAGE,202610059908536220,2026,https://docquery.fec.gov/cgi-bin/fecimg/?202610059908536220
2026-S-OH,Jon Husted,REP,support,44861.80,2026-10-05,RED ZONE STRATEGIC LLC,PRINTING/POSTAGE,202610059908536220,2026,https://docquery.fec.gov/cgi-bin/fecimg/?202610059908536220
2026-S-OH,Sherrod Brown,DEM,oppose,44861.79,2026-10-05,RED ZONE STRATEGIC LLC,PRINTING/POSTAGE,202610059908536221,2026,https://docquery.fec.gov/cgi-bin/fecimg/?202610059908536221
2026-S-OH,Jon Husted,REP,support,18463.50,2026-10-05,RED ZONE STRATEGIC LLC,PRINTING/POSTAGE,202610059908536235,2026,https://docquery.fec.gov/cgi-bin/fecimg/?202610059908536235
2026-S-OH,Sherrod Brown,DEM,oppose,9231.75,2026-10-05,RED ZONE STRATEGIC LLC,PRINTING/POSTAGE,202610059908536236,2026,https://docquery.fec.gov/cgi-bin/fecimg/?202610059908536236
2026-S-OH,Jon Husted,REP,support,9085.13,2026-10-05,RED ZONE STRATEGIC LLC,PRINTING/POSTAGE,202610059908536233,2026,https://docquery.fec.gov/cgi-bin/fecimg/?202610059908536233
2026-S-OH,Sherrod Brown,DEM,oppose,9085.12,2026-10-05,RED ZONE STRATEGIC LLC,PRINTING/POSTAGE,202610059908536234,2026,https://docquery.fec.gov/cgi-bin/fecimg/?202610059908536234
2026-S-OH,Sherrod Brown,DEM,oppose,8724.94,2026-10-05,RED ZONE STRATEGIC LLC,PRINTING/POSTAGE,202610059908536230,2026,https://docquery.fec.gov/cgi-bin/fecimg/?202610059908536230
2026-S-OH,Jon Husted,REP,support,8724.94,2026-10-05,RED ZONE STRATEGIC LLC,PRINTING/POSTAGE,202610059908536229,2026,https://docquery.fec.gov/cgi-bin/fecimg/?202610059908536229
2026-S-OH,Sherrod Brown,DEM,oppose,8408.25,2026-10-05,RED ZONE STRATEGIC LLC,PRINTING/POSTAGE,202610059908536237,2026,https://docquery.fec.gov/cgi-bin/fecimg/?202610059908536237
2026-S-OH,Jon Husted,REP,support,8408.25,2026-10-05,RED ZONE STRATEGIC LLC,PRINTING/POSTAGE,202610059908536237,2026,https://docquery.fec.gov/cgi-bin/fecimg/?202610059908536237
2026-S-OH,Sherrod Brown,DEM,oppose,8406.75,2026-10-05,RED ZONE STRATEGIC LLC,PRINTING/POSTAGE,202610059908536232,2026,https://docquery.fec.gov/cgi-bin/fecimg/?202610059908536232
2026-S-OH,Jon Husted,REP,support,8406.75,2026-10-05,RED ZONE STRATEGIC LLC,PRINTING/POSTAGE,202610059908536231,2026,https://docquery.fec.gov/cgi-bin/fecimg/?202610059908536231
2026-S-OH,Sherrod Brown,DEM,oppose,308678.35,2026-10-02,IMGE LLC,DIGITAL MEDIA,202610029908511777,2026,https://docquery.fec.gov/cgi-bin/fecimg/?202610029908511777
2026-S-OH,Sherrod Brown,DEM,oppose,189955.91,2026-10-02,IMGE LLC,DIGITAL MEDIA,202610029908511779,2026,https://docquery.fec.gov/cgi-bin/fecimg/?202610029908511779
2026-S-OH,Sherrod Brown,DEM,oppose,2149.18,2026-09-30,IMGE LLC,TEXTING SERVICE,202609309908498249,2026,https://docquery.fec.gov/cgi-bin/fecimg/?202609309908498249
2026-S-OH,Sherrod Brown,DEM,oppose,2001.43,2026-09-30,IMGE LLC,TEXTING SERVICE,202609309908498246,2026,https://docquery.fec.gov/cgi-bin/fecimg/?202609309908498246
2026-S-OH,Sherrod Brown,DEM,oppose,1960.74,2026-09-30,IMGE LLC,TEXTING SERVICE,202609309908498248,2026,https://docquery.fec.gov/cgi-bin/fecimg/?202609309908498248
2026-S-OH,Sherrod Brown,DEM,oppose,1655.91,2026-09-30,IMGE LLC,TEXTING SERVICE,202609309908498250,2026,https://docquery.fec.gov/cgi-bin/fecimg/?202609309908498250
2026-S-OH,Sherrod Brown,DEM,oppose,1523.57,2026-09-30,IMGE LLC,TEXTING SERVICE,202609309908498247,2026,https://docquery.fec.gov/cgi-bin/fecimg/?202609309908498247
2026-S-OH,Sherrod Brown,DEM,oppose,36703.83,2026-09-29,IMGE LLC,TEXTING SERVICE,202609299908492893,2026,https://docquery.fec.gov/cgi-bin/fecimg/?202609299908492893
2026-S-OH,Sherrod Brown,DEM,oppose,43500.00,2026-09-28,FULL REACH MEDIA GROUP LLC,DIGITAL MEDIA,202609289908481354,2026,https://docquery.fec.gov/cgi-bin/fecimg/?202609289908481354
2026-S-OH,Jon Husted,REP,support,17611.13,2026-09-28,RED ZONE STRATEGIC LLC,PRINTING/POSTAGE,202609289908481371,2026,https://docquery.fec.gov/cgi-bin/fecimg/?202609289908481371
2026-S-OH,Sherrod Brown,DEM,oppose,11720.10,2026-09-28,IMGE LLC,TEXTING SERVICE,202609289908481360,2026,https://docquery.fec.gov/cgi-bin/fecimg/?202609289908481360
2026-S-OH,Jon Husted,REP,support,9150.38,2026-09-28,RED ZONE STRATEGIC LLC,PRINTING/POSTAGE,202609289908481367,2026,https://docquery.fec.gov/cgi-bin/fecimg/?202609289908481367
2026-S-OH,Sherrod Brown,DEM,oppose,9150.37,2026-09-28,RED ZONE STRATEGIC LLC,PRINTING/POSTAGE,202609289908481368,2026,https://docquery.fec.gov/cgi-bin/fecimg/?202609289908481368
2026-S-OH,Sherrod Brown,DEM,oppose,8805.56,2026-09-28,RED ZONE STRATEGIC LLC,PRINTING/POSTAGE,202609289908481372,2026,https://docquery.fec.gov/cgi-bin/fecimg/?202609289908481372
2026-S-OH,Jon Husted,REP,support,8799.94,2026-09-28,RED ZONE STRATEGIC LLC,PRINTING/POSTAGE,202609289908481369,2026,https://docquery.fec.gov/cgi-bin/fecimg/?202609289908481369
2026-S-OH,Sherrod Brown,DEM,oppose,8799.93,2026-09-28,RED ZONE STRATEGIC LLC,PRINTING/POSTAGE,202609289908481370,2026,https://docquery.fec.gov/cgi-bin/fecimg/?202609289908481370
2026-S-OH,Sherrod Brown,DEM,oppose,8472.00,2026-09-28,RED ZONE STRATEGIC LLC,PRINTING/POSTAGE,202609289908481366,2026,https://docquery.fec.gov/cgi-bin/fecimg/?202609289908481366
2026-S-OH,Jon Husted,REP,support,8472.00,2026-09-28,RED ZONE STRATEGIC LLC,PRINTING/POSTAGE,202609289908481365,2026,https://docquery.fec.gov/cgi-bin/fecimg/?202609289908481365
2026-S-OH,Sherrod Brown,DEM,oppose,8463.19,2026-09-28,RED ZONE STRATEGIC LLC,PRINTING/POSTAGE,202609289908481364,2026,https://docquery.fec.gov/cgi-bin/fecimg/?202609289908481364
2026-S-OH,Jon Husted,REP,support,8463.19,2026-09-28,RED ZONE STRATEGIC LLC,PRINTING/POSTAGE,202609289908481363,2026,https://docquery.fec.gov/cgi-bin/fecimg/?202609289908481363
2026-S-OH,Sherrod Brown,DEM,oppose,12442.50,2026-09-25,CONNECTION STRATEGY LLC,MESSAGE PHONE CALLS,202609259908418861,2026,https://docquery.fec.gov/cgi-bin/fecimg/?202609259908418861
2026-S-OH,Jon Husted,REP,support,12442.50,2026-09-25,CONNECTION STRATEGY LLC,MESSAGE PHONE CALLS,202609259908418861,2026,https://docquery.fec.gov/cgi-bin/fecimg/?202609259908418861
2026-S-OH,Jon Husted,REP,support,223596.98,2026-09-24,RED ZONE STRATEGIC LLC,PRINTING/POSTAGE,202609249908417864,2026,https://docquery.fec.gov/cgi-bin/fecimg/?202609249908417864
2026-S-OH,Sherrod Brown,DEM,oppose,223596.97,2026-09-24,RED ZONE STRATEGIC LLC,PRINTING/POSTAGE,202609249908417864,2026,https://docquery.fec.gov/cgi-bin/fecimg/?202609249908417864
2026-S-OH,Jon Husted,REP,support,2043.75,2026-09-24,RED ZONE STRATEGIC LLC,PRINTING,202609249908417863,2026,https://docquery.fec.gov/cgi-bin/fecimg/?202609249908417863
2026-S-OH,Sherrod Brown,DEM,oppose,1417.99,2026-09-24,IMGE LLC,TEXTING SERVICE,202609249908417848,2026,https://docquery.fec.gov/cgi-bin/fecimg/?202609249908417848
2026-S-OH,Sherrod Brown,DEM,oppose,1047.43,2026-09-24,IMGE LLC,TEXTING SERVICE,202609249908417851,2026,https://docquery.fec.gov/cgi-bin/fecimg/?202609249908417851
2026-S-OH,Sherrod Brown,DEM,oppose,1007.32,2026-09-24,IMGE LLC,TEXTING SERVICE,202609249908417847,2026,https://docquery.fec.gov/cgi-bin/fecimg/?202609249908417847
2026-S-OH,Sherrod Brown,DEM,oppose,977.34,2026-09-24,IMGE LLC,TEXTING SERVICE,202609249908417849,2026,https://docquery.fec.gov/cgi-bin/fecimg/?202609249908417849
2026-S-OH,Sherrod Brown,DEM,oppose,33093.75,2026-09-23,RED ZONE STRATEGIC LLC,PRINTING,202609249908417833,2026,https://docquery.fec.gov/cgi-bin/fecimg/?202609249908417833
2026-S-OH,Jon Husted,REP,support,33093.75,2026-09-23,RED ZONE STRATEGIC LLC,PRINTING,202609249908417832,2026,https://docquery.fec.gov/cgi-bin/fecimg/?202609249908417832
2026-S-OH,Jon Husted,REP,support,4865.00,2026-09-23,RED ZONE STRATEGIC LLC,PRINTING,202609249908417828,2026,https://docquery.fec.gov/cgi-bin/fecimg/?202609249908417828
2026-S-OH,Sherrod Brown,DEM,oppose,2632.50,2026-09-23,RED ZONE STRATEGIC LLC,PRINTING,202609249908417826,2026,https://docquery.fec.gov/cgi-bin/fecimg/?202609249908417826
2026-S-OH,Jon Husted,REP,support,2632.50,2026-09-23,RED ZONE STRATEGIC LLC,PRINTING,202609249908417826,2026,https://docquery.fec.gov/cgi-bin/fecimg/?202609249908417826
2026-S-OH,Sherrod Brown,DEM,oppose,2432.50,2026-09-23,RED ZONE STRATEGIC LLC,PRINTING,202609249908417828,2026,https://docquery.fec.gov/cgi-bin/fecimg/?202609249908417828
2026-S-OH,Sherrod Brown,DEM,oppose,2193.75,2026-09-23,RED ZONE STRATEGIC LLC,PRINTING,202609249908417824,2026,https://docquery.fec.gov/cgi-bin/fecimg/?202609249908417824
2026-S-OH,Jon Husted,REP,support,2193.75,2026-09-23,RED ZONE STRATEGIC LLC,PRINTING,202609249908417824,2026,https://docquery.fec.gov/cgi-bin/fecimg/?202609249908417824
2026-S-OH,Sherrod Brown,DEM,oppose,2043.75,2026-09-23,RED ZONE STRATEGIC LLC,PRINTING,202609249908417829,2026,https://docquery.fec.gov/cgi-bin/fecimg/?202609249908417829
2026-S-OH,Sherrod Brown,DEM,oppose,2043.75,2026-09-23,RED ZONE STRATEGIC LLC,PRINTING,202609249908417831,2026,https://docquery.fec.gov/cgi-bin/fecimg/?202609249908417831
2026-S-OH,Jon Husted,REP,support,2043.75,2026-09-23,RED ZONE STRATEGIC LLC,PRINTING,202609249908417830,2026,https://docquery.fec.gov/cgi-bin/fecimg/?202609249908417830
2026-S-OH,Sherrod Brown,DEM,oppose,184491.57,2026-09-21,RED ZONE STRATEGIC LLC,PRINTING/POSTAGE,202609219908383846,2026,https://docquery.fec.gov/cgi-bin/fecimg/?202609219908383846
2026-S-OH,Jon Husted,REP,support,184491.57,2026-09-21,RED ZONE STRATEGIC LLC,PRINTING/POSTAGE,202609219908383845,2026,https://docquery.fec.gov/cgi-bin/fecimg/?202609219908383845
2026-S-OH,Jon Husted,REP,support,44904.19,2026-09-21,RED ZONE STRATEGIC LLC,PRINTING/POSTAGE,202609219908383842,2026,https://docquery.fec.gov/cgi-bin/fecimg/?202609219908383842
2026-S-OH,Sherrod Brown,DEM,oppose,44904.18,2026-09-21,RED ZONE STRATEGIC LLC,PRINTING/POSTAGE,202609219908383843,2026,https://docquery.fec.gov/cgi-bin/fecimg/?202609219908383843
2026-S-OH,Sherrod Brown,DEM,oppose,572506.00,2026-09-17,IMGE LLC,DIGITAL MEDIA,202609179904302342,2026,https://docquery.fec.gov/cgi-bin/fecimg/?202609179904302342
2026-S-OH,Sherrod Brown,DEM,oppose,61000.00,2026-09-15,FULL REACH MEDIA GROUP LLC,DIGITAL MEDIA,202609159904217890,2026,https://docquery.fec.gov/cgi-bin/fecimg/?202609159904217890
2026-S-OH,Sherrod Brown,DEM,oppose,219129.49,2026-09-14,RED ZONE STRATEGIC LLC,PRINTING/POSTAGE,202609149904205614,2026,https://docquery.fec.gov/cgi-bin/fecimg/?202609149904205614
2026-S-OH,Jon Husted,REP,support,219129.49,2026-09-14,RED ZONE STRATEGIC LLC,PRINTING/POSTAGE,202609149904205614,2026,https://docquery.fec.gov/cgi-bin/fecimg/?202609149904205614
2026-S-OH,Jon Husted,REP,support,665.00,2026-09-14,RED ZONE STRATEGIC LLC,PRINTING,202609149904205615,2026,https://docquery.fec.gov/cgi-bin/fecimg/?202609149904205615
2026-S-OH,Sherrod Brown,DEM,oppose,132669.30,2026-09-09,CONNECTION STRATEGY LLC,MESSAGE PHONE CALLS,202609099904179048,2026,https://docquery.fec.gov/cgi-bin/fecimg/?202609099904179048
2026-S-OH,Jon Husted,REP,support,132669.30,2026-09-09,CONNECTION STRATEGY LLC,MESSAGE PHONE CALLS,202609099904179047,2026,https://docquery.fec.gov/cgi-bin/fecimg/?202609099904179047
2026-S-OH,Jon Husted,REP,support,12546.30,2026-09-09,CONNECTION STRATEGY LLC,MESSAGE PHONE CALLS,202609099904179050,2026,https://docquery.fec.gov/cgi-bin/fecimg/?202609099904179050
2026-S-OH,Jon Husted,REP,support,12480.98,2026-09-09,CONNECTION STRATEGY LLC,MESSAGE PHONE CALLS,202609099904179048,2026,https://docquery.fec.gov/cgi-bin/fecimg/?202609099904179048
2026-S-OH,Jon Husted,REP,support,11479.33,2026-09-09,CONNECTION STRATEGY LLC,MESSAGE PHONE CALLS,202609099904179049,2026,https://docquery.fec.gov/cgi-bin/fecimg/?202609099904179049
2026-S-OH,Jon Husted,REP,support,11174.80,2026-09-09,CONNECTION STRATEGY LLC,MESSAGE PHONE CALLS,202609099904179051,2026,https://docquery.fec.gov/cgi-bin/fecimg/?202609099904179051
2026-S-OH,Jon Husted,REP,support,10920.98,2026-09-09,CONNECTION STRATEGY LLC,MESSAGE PHONE CALLS,202609099904179052,2026,https://docquery.fec.gov/cgi-bin/fecimg/?202609099904179052
2026-S-OH,Sherrod Brown,DEM,oppose,292172.65,2026-09-08,RED ZONE STRATEGIC LLC,PRINTING/POSTAGE,202609089904114933,2026,https://docquery.fec.gov/cgi-bin/fecimg/?202609089904114933
2026-S-OH,Jon Husted,REP,support,292172.65,2026-09-08,RED ZONE STRATEGIC LLC,PRINTING/POSTAGE,202609089904114932,2026,https://docquery.fec.gov/cgi-bin/fecimg/?202609089904114932
2026-S-OH,Sherrod Brown,DEM,oppose,551402.98,2026-09-04,IMGE LLC,DIGITAL MEDIA,202609049904103649,2026,https://docquery.fec.gov/cgi-bin/fecimg/?202609049904103649
2026-S-OH,Sherrod Brown,DEM,oppose,35968.18,2026-09-04,IMGE LLC,TEXTING SERVICE,202609049904103650,2026,https://docquery.fec.gov/cgi-bin/fecimg/?202609049904103650
2026-S-OH,Sherrod Brown,DEM,oppose,61000.00,2026-09-03,FULL REACH MEDIA GROUP LLC,DIGITAL MEDIA,202609049904103645,2026,https://docquery.fec.gov/cgi-bin/fecimg/?202609049904103645
2026-S-OH,Jon Husted,REP,support,104200.00,2026-08-27,RED ZONE STRATEGIC LLC,PRINTING,202609029904082300,2026,https://docquery.fec.gov/cgi-bin/fecimg/?202609029904082300
2026-S-OH,Jon Husted,REP,support,1475.00,2026-08-27,RED ZONE STRATEGIC LLC,PRINTING,202609029904082300,2026,https://docquery.fec.gov/cgi-bin/fecimg/?202609029904082300
2026-S-TX,James Talarico,DEM,oppose,1375631.22,2026-10-06,IMGE LLC,DIGITAL MEDIA,202610069908547200,2026,https://docquery.fec.gov/cgi-bin/fecimg/?202610069908547200
2026-S-TX,James Talarico,DEM,oppose,440611.77,2026-10-06,IMGE LLC,DIGITAL MEDIA,202610069908547199,2026,https://docquery.fec.gov/cgi-bin/fecimg/?202610069908547199
2026-S-TX,James Talarico,DEM,oppose,29174.95,2026-10-06,CONNECTION STRATEGY LLC,MESSAGE PHONE CALLS,202610069908547176,2026,https://docquery.fec.gov/cgi-bin/fecimg/?202610069908547176
2026-S-TX,Ken Paxton,REP,support,29174.95,2026-10-06,CONNECTION STRATEGY LLC,MESSAGE PHONE CALLS,202610069908547176,2026,https://docquery.fec.gov/cgi-bin/fecimg/?202610069908547176
2026-S-TX,James Talarico,DEM,oppose,8849.23,2026-10-06,CONNECTION STRATEGY LLC,MESSAGE PHONE CALLS,202610069908547188,2026,https://docquery.fec.gov/cgi-bin/fecimg/?202610069908547188
2026-S-TX,James Talarico,DEM,oppose,7443.10,2026-10-06,CONNECTION STRATEGY LLC,MESSAGE PHONE CALLS,202610069908547167,2026,https://docquery.fec.gov/cgi-bin/fecimg/?202610069908547167
2026-S-TX,James Talarico,DEM,oppose,6955.03,2026-10-06,CONNECTION STRATEGY LLC,MESSAGE PHONE CALLS,202610069908547166,2026,https://docquery.fec.gov/cgi-bin/fecimg/?202610069908547166
2026-S-TX,James Talarico,DEM,oppose,5728.60,2026-10-06,CONNECTION STRATEGY LLC,MESSAGE PHONE CALLS,202610069908547169,2026,https://docquery.fec.gov/cgi-bin/fecimg/?202610069908547169
2026-S-TX,James Talarico,DEM,oppose,5290.43,2026-10-06,CONNECTION STRATEGY LLC,MESSAGE PHONE CALLS,202610069908547170,2026,https://docquery.fec.gov/cgi-bin/fecimg/?202610069908547170
2026-S-TX,Ken Paxton,REP,support,4424.61,2026-10-06,CONNECTION STRATEGY LLC,MESSAGE PHONE CALLS,202610069908547189,2026,https://docquery.fec.gov/cgi-bin/fecimg/?202610069908547189
2026-S-TX,Ken Paxton,REP,support,3721.55,2026-10-06,CONNECTION STRATEGY LLC,MESSAGE PHONE CALLS,202610069908547168,2026,https://docquery.fec.gov/cgi-bin/fecimg/?202610069908547168
2026-S-TX,Ken Paxton,REP,support,3477.51,2026-10-06,CONNECTION STRATEGY LLC,MESSAGE PHONE CALLS,202610069908547166,2026,https://docquery.fec.gov/cgi-bin/fecimg/?202610069908547166
2026-S-TX,Ken Paxton,REP,support,2864.50,2026-10-06,CONNECTION STRATEGY LLC,MESSAGE PHONE CALLS,202610069908547169,2026,https://docquery.fec.gov/cgi-bin/fecimg/?202610069908547169
2026-S-TX,Ken Paxton,REP,support,2645.21,2026-10-06,CONNECTION STRATEGY LLC,MESSAGE PHONE CALLS,202610069908547171,2026,https://docquery.fec.gov/cgi-bin/fecimg/?202610069908547171
2026-S-TX,James Talarico,DEM,oppose,1106446.64,2026-10-05,STORYTELLERS GROUP LLC,PRINTING/POSTAGE,202610059908536246,2026,https://docquery.fec.gov/cgi-bin/fecimg/?202610059908536246
2026-S-TX,James Talarico,DEM,oppose,553223.32,2026-10-05,STORYTELLERS GROUP LLC,PRINTING/POSTAGE,202610059908536248,2026,https://docquery.fec.gov/cgi-bin/fecimg/?202610059908536248
2026-S-TX,Ken Paxton,REP,support,553223.32,2026-10-05,STORYTELLERS GROUP LLC,PRINTING/POSTAGE,202610059908536247,2026,https://docquery.fec.gov/cgi-bin/fecimg/?202610059908536247
2026-S-TX,James Talarico,DEM,oppose,123000.00,2026-10-05,STORYTELLERS GROUP LLC,PRINTING,202610059908536246,2026,https://docquery.fec.gov/cgi-bin/fecimg/?202610059908536246
2026-S-TX,Ken Paxton,REP,support,123000.00,2026-10-05,STORYTELLERS GROUP LLC,PRINTING,202610059908536247,2026,https://docquery.fec.gov/cgi-bin/fecimg/?202610059908536247
2026-S-TX,James Talarico,DEM,oppose,1250.00,2026-10-05,THE HEREFORD AGENCY,DIGITAL MEDIA,202610059908536249,2026,https://docquery.fec.gov/cgi-bin/fecimg/?202610059908536249
2026-S-TX,Ken Paxton,REP,support,1250.00,2026-10-05,THE HEREFORD AGENCY,DIGITAL MEDIA,202610059908536248,2026,https://docquery.fec.gov/cgi-bin/fecimg/?202610059908536248
2026-S-TX,James Talarico,DEM,oppose,558420.67,2026-10-02,IMGE LLC,DIGITAL MEDIA,202610029908511778,2026,https://docquery.fec.gov/cgi-bin/fecimg/?202610029908511778
2026-S-TX,James Talarico,DEM,oppose,558420.67,2026-10-02,IMGE LLC,DIGITAL MEDIA,202610029908511779,2026,https://docquery.fec.gov/cgi-bin/fecimg/?202610029908511779
2026-S-TX,James Talarico,DEM,oppose,130747.90,2026-10-01,IMGE LLC,TEXTING SERVICE,202610019908503253,2026,https://docquery.fec.gov/cgi-bin/fecimg/?202610019908503253
2026-S-TX,James Talarico,DEM,oppose,553223.32,2026-09-29,STORYTELLERS GROUP LLC,PRINTING/POSTAGE,202609299908492901,2026,https://docquery.fec.gov/cgi-bin/fecimg/?202609299908492901
2026-S-TX,Ken Paxton,REP,support,553223.32,2026-09-29,STORYTELLERS GROUP LLC,PRINTING/POSTAGE,202609299908492900,2026,https://docquery.fec.gov/cgi-bin/fecimg/?202609299908492900
2026-S-TX,James Talarico,DEM,oppose,53500.00,2026-09-28,FULL REACH MEDIA GROUP LLC,DIGITAL MEDIA,202609289908481355,2026,https://docquery.fec.gov/cgi-bin/fecimg/?202609289908481355
2026-S-TX,James Talarico,DEM,oppose,28206.85,2026-09-25,CONNECTION STRATEGY LLC,MESSAGE PHONE CALLS,202609259908418855,2026,https://docquery.fec.gov/cgi-bin/fecimg/?202609259908418855
2026-S-TX,Ken Paxton,REP,support,28206.85,2026-09-25,CONNECTION STRATEGY LLC,MESSAGE PHONE CALLS,202609259908418855,2026,https://docquery.fec.gov/cgi-bin/fecimg/?202609259908418855
2026-S-TX,James Talarico,DEM,oppose,1106446.64,2026-09-24,STORYTELLERS GROUP LLC,PRINTING/POSTAGE,202609249908417867,2026,https://docquery.fec.gov/cgi-bin/fecimg/?202609249908417867
2026-S-TX,James Talarico,DEM,oppose,1362443.00,2026-09-17,IMGE LLC,DIGITAL MEDIA,202609179904302342,2026,https://docquery.fec.gov/cgi-bin/fecimg/?202609179904302342
2026-S-TX,James Talarico,DEM,oppose,10492.00,2026-09-16,STORYTELLERS GROUP LLC,PRINTING/POSTAGE,202609169904267680,2026,https://docquery.fec.gov/cgi-bin/fecimg/?202609169904267680
2026-S-TX,James Talarico,DEM,oppose,61000.00,2026-09-15,FULL REACH MEDIA GROUP LLC,DIGITAL MEDIA,202609159904217889,2026,https://docquery.fec.gov/cgi-bin/fecimg/?202609159904217889
2026-S-TX,James Talarico,DEM,oppose,1106446.64,2026-09-14,STORYTELLERS GROUP LLC,PRINTING/POSTAGE,202609149904205615,2026,https://docquery.fec.gov/cgi-bin/fecimg/?202609149904205615
2026-S-TX,James Talarico,DEM,oppose,246000.00,2026-09-10,STORYTELLERS GROUP LLC,PRINTING,202609109904190246,2026,https://docquery.fec.gov/cgi-bin/fecimg/?202609109904190246
2026-S-TX,James Talarico,DEM,oppose,352337.70,2026-09-09,CONNECTION STRATEGY LLC,MESSAGE PHONE CALLS,202609099904179054,2026,https://docquery.fec.gov/cgi-bin/fecimg/?202609099904179054
2026-S-TX,Ken Paxton,REP,support,352337.70,2026-09-09,CONNECTION STRATEGY LLC,MESSAGE PHONE CALLS,202609099904179053,2026,https://docquery.fec.gov/cgi-bin/fecimg/?202609099904179053
2026-S-TX,Ken Paxton,REP,support,9130.12,2026-09-09,CONNECTION STRATEGY LLC,MESSAGE PHONE CALLS,202609099904179056,2026,https://docquery.fec.gov/cgi-bin/fecimg/?202609099904179056
2026-S-TX,James Talarico,DEM,oppose,9130.11,2026-09-09,CONNECTION STRATEGY LLC,MESSAGE PHONE CALLS,202609099904179056,2026,https://docquery.fec.gov/cgi-bin/fecimg/?202609099904179056
2026-S-TX,Ken Paxton,REP,support,7679.54,2026-09-09,CONNECTION STRATEGY LLC,MESSAGE PHONE CALLS,202609099904179057,2026,https://docquery.fec.gov/cgi-bin/fecimg/?202609099904179057
2026-S-TX,James Talarico,DEM,oppose,7679.53,2026-09-09,CONNECTION STRATEGY LLC,MESSAGE PHONE CALLS,202609099904179058,2026,https://docquery.fec.gov/cgi-bin/fecimg/?202609099904179058
2026-S-TX,Ken Paxton,REP,support,7175.79,2026-09-09,CONNECTION STRATEGY LLC,MESSAGE PHONE CALLS,202609099904179060,2026,https://docquery.fec.gov/cgi-bin/fecimg/?202609099904179060
2026-S-TX,James Talarico,DEM,oppose,7175.78,2026-09-09,CONNECTION STRATEGY LLC,MESSAGE PHONE CALLS,202609099904179061,2026,https://docquery.fec.gov/cgi-bin/fecimg/?202609099904179061
2026-S-TX,Ken Paxton,REP,support,5910.89,2026-09-09,CONNECTION STRATEGY LLC,MESSAGE PHONE CALLS,202609099904179054,2026,https://docquery.fec.gov/cgi-bin/fecimg/?202609099904179054
2026-S-TX,James Talarico,DEM,oppose,5910.88,2026-09-09,CONNECTION STRATEGY LLC,MESSAGE PHONE CALLS,202609099904179055,2026,https://docquery.fec.gov/cgi-bin/fecimg/?202609099904179055
2026-S-TX,Ken Paxton,REP,support,5458.49,2026-09-09,CONNECTION STRATEGY LLC,MESSAGE PHONE CALLS,202609099904179059,2026,https://docquery.fec.gov/cgi-bin/fecimg/?202609099904179059
2026-S-TX,James Talarico,DEM,oppose,5458.48,2026-09-09,CONNECTION STRATEGY LLC,MESSAGE PHONE CALLS,202609099904179059,2026,https://docquery.fec.gov/cgi-bin/fecimg/?202609099904179059
2026-S-TX,James Talarico,DEM,oppose,1303645.67,2026-09-04,IMGE LLC,DIGITAL MEDIA,202609049904103650,2026,https://docquery.fec.gov/cgi-bin/fecimg/?202609049904103650
2026-S-TX,James Talarico,DEM,oppose,61000.00,2026-09-03,FULL REACH MEDIA GROUP LLC,DIGITAL MEDIA,202609049904103644,2026,https://docquery.fec.gov/cgi-bin/fecimg/?202609049904103644
2026-S-TX,Ken Paxton,REP,support,1595.00,2026-08-27,STORYTELLERS GROUP LLC,PRINTING,202609029904082305,2026,https://docquery.fec.gov/cgi-bin/fecimg/?202609029904082305
2026-S-TX,James Talarico,DEM,oppose,123000.00,2026-08-20,STORYTELLERS GROUP LLC,PRINTING,202609029904082290,2026,https://docquery.fec.gov/cgi-bin/fecimg/?202609029904082290
2026-S-TX,Ken Paxton,REP,support,123000.00,2026-08-20,STORYTELLERS GROUP LLC,PRINTING,202609029904082290,2026,https://docquery.fec.gov/cgi-bin/fecimg/?202609029904082290
