spend_date,amount,support_oppose,race_id,race_name,candidate_id,candidate_name,office,state,district,race_id_source,race_disagreement,race_id_inline,race_id_candidate,committee_id,committee_name,payee_name,purpose,cycle,transaction_id,sub_id,file_number,filing_form,report_type,amendment_indicator,action_code,most_recent,is_notice,image_number,pdf_url,expenditure_date,disbursement_date,dissemination_date,fec_candidate_name,party,election_type
2025-03-25,10244.45,support,2025-H-FL-01,FL-01 (2025),H6FL01390,Jimmy Patronis,H,FL,01,candidate_id,False,2025-H-FL-01,2025-H-FL-01,C00879510,America PAC,IMGE LLC,TEXTING SERVICES,2026,SE24.1196,4081820251218601480,1909353,F3X,MY,N,A,True,False,202507319779663017,https://docquery.fec.gov/cgi-bin/fecimg/?202507319779663017,2025-03-25,2025-03-25,2025-03-25,"PATRONIS, JIMMY JR.",REP,S2025
2025-03-25,10244.44,support,2025-H-FL-06,FL-06 (2025),H6FL06258,Randy Fine,H,FL,06,candidate_id,False,2025-H-FL-06,2025-H-FL-06,C00879510,America PAC,IMGE LLC,TEXTING SERVICES,2026,SE24.1197,4081820251218601481,1909353,F3X,MY,N,A,True,False,202507319779663018,https://docquery.fec.gov/cgi-bin/fecimg/?202507319779663018,2025-03-25,2025-03-25,2025-03-25,"FINE, RANDY",REP,S2025
2025-03-27,66644.64,support,2025-H-FL-06,FL-06 (2025),H6FL06258,Randy Fine,H,FL,06,candidate_id,False,2025-H-FL-06,2025-H-FL-06,C00879510,America PAC,CONNECTION STRATEGY LLC,MESSAGE PHONE CALLS,2026,SE24.1198,4081820251218601479,1909353,F3X,MY,N,A,True,False,202507319779663017,https://docquery.fec.gov/cgi-bin/fecimg/?202507319779663017,2025-03-26,2025-03-26,2025-03-27,"FINE, RANDY",REP,S2025
2026-08-31,8125.00,oppose,2026-S-MI,MI Senate (2026),S6MI00418,Abdul El-Sayed,S,MI,00,candidate_id,False,2026-S-MI,2026-S-MI,C00879510,America PAC,RED ZONE STRATEGIC LLC,PRINTING,2026,SE24.1205,4090320261595738004,2010598,F24,48,N,A,True,True,202609029904082289,https://docquery.fec.gov/cgi-bin/fecimg/?202609029904082289,2026-08-20,2026-08-20,2026-08-31,"EL-SAYED, ABDUL",DEM,G2026
2026-08-31,4062.50,support,2026-S-MI,MI Senate (2026),S4MI00595,Mike Rogers,S,MI,00,candidate_id,False,2026-S-MI,2026-S-MI,C00879510,America PAC,RED ZONE STRATEGIC LLC,PRINTING,2026,SE24.1206,4090320261595738005,2010598,F24,48,N,A,True,True,202609029904082289,https://docquery.fec.gov/cgi-bin/fecimg/?202609029904082289,2026-08-20,2026-08-20,2026-08-31,"ROGERS, MICHAEL J",REP,G2026
2026-09-01,27300.00,support,2026-S-IA,IA Senate (2026),S6IA00314,Ashley Hinson,S,IA,00,candidate_id,False,2026-S-IA,2026-S-IA,C00879510,America PAC,THE BAKER GROUP LLC,PRINTING,2026,SE24.1199,4090320261595738002,2010598,F24,48,N,A,True,True,202609029904082288,https://docquery.fec.gov/cgi-bin/fecimg/?202609029904082288,2026-08-19,2026-08-19,2026-09-01,"ARENHOLZ, ASHLEY HINSON",REP,G2026
2026-09-01,27300.00,oppose,2026-S-IA,IA Senate (2026),S6IA00298,Josh Turek,S,IA,00,candidate_id,False,2026-S-IA,2026-S-IA,C00879510,America PAC,THE BAKER GROUP LLC,PRINTING,2026,SE24.1200,4090320261595738003,2010598,F24,48,N,A,True,True,202609029904082288,https://docquery.fec.gov/cgi-bin/fecimg/?202609029904082288,2026-08-19,2026-08-19,2026-09-01,"TUREK, JOSHUA",DEM,G2026
2026-09-01,123000.00,support,2026-S-TX,TX Senate (2026),S6TX00388,Ken Paxton,S,TX,00,candidate_id,False,2026-S-TX,2026-S-TX,C00879510,America PAC,STORYTELLERS GROUP LLC,PRINTING,2026,SE24.1201,4090320261595738006,2010598,F24,48,N,A,True,True,202609029904082290,https://docquery.fec.gov/cgi-bin/fecimg/?202609029904082290,2026-08-20,2026-08-20,2026-09-01,"PAXTON, WARREN KENNETH JR.",REP,G2026
2026-09-01,123000.00,oppose,2026-S-TX,TX Senate (2026),S6TX00479,James Talarico,S,TX,00,candidate_id,False,2026-S-TX,2026-S-TX,C00879510,America PAC,STORYTELLERS GROUP LLC,PRINTING,2026,SE24.1202,4090320261595738007,2010598,F24,48,N,A,True,True,202609029904082290,https://docquery.fec.gov/cgi-bin/fecimg/?202609029904082290,2026-08-20,2026-08-20,2026-09-01,"TALARICO, JAMES",DEM,G2026
2026-09-01,4500.00,support,2026-H-VA-02,VA-02 (2026),H2VA02064,Jen Kiggans,H,VA,02,candidate_id,False,2026-H-VA-02,2026-H-VA-02,C00879510,America PAC,STORYTELLERS GROUP LLC,PRINTING,2026,SE24.1203,4090320261595738008,2010598,F24,48,N,A,True,True,202609029904082291,https://docquery.fec.gov/cgi-bin/fecimg/?202609029904082291,2026-08-20,2026-08-20,2026-09-01,"KIGGANS, JENNIFER",REP,G2026
2026-09-01,4500.00,oppose,2026-H-VA-02,VA-02 (2026),H6VA02198,Elaine Luria,H,VA,02,candidate_id,False,2026-H-VA-02,2026-H-VA-02,C00879510,America PAC,STORYTELLERS GROUP LLC,PRINTING,2026,SE24.1204,4090320261595738009,2010598,F24,48,N,A,True,True,202609029904082291,https://docquery.fec.gov/cgi-bin/fecimg/?202609029904082291,2026-08-20,2026-08-20,2026-09-01,"LURIA, ELAINE",DEM,G2026
2026-09-01,5407.88,support,2026-H-NJ-07,NJ-07 (2026),H0NJ07261,"Thomas H. Kean, Jr.",H,NJ,07,candidate_id,False,2026-H-NJ-07,2026-H-NJ-07,C00879510,America PAC,STORYTELLERS GROUP LLC,PRINTING,2026,SE24.1207,4090320261595738010,2010598,F24,48,N,A,True,True,202609029904082292,https://docquery.fec.gov/cgi-bin/fecimg/?202609029904082292,2026-08-21,2026-08-21,2026-09-01,"KEAN, THOMAS H. JR.",REP,G2026
2026-09-01,5407.87,oppose,2026-H-NJ-07,NJ-07 (2026),H6NJ07201,Rebecca Bennett,H,NJ,07,candidate_id,False,2026-H-NJ-07,2026-H-NJ-07,C00879510,America PAC,STORYTELLERS GROUP LLC,PRINTING,2026,SE24.1208,4090320261595738011,2010598,F24,48,N,A,True,True,202609029904082292,https://docquery.fec.gov/cgi-bin/fecimg/?202609029904082292,2026-08-21,2026-08-21,2026-09-01,"BENNETT, REBECCA",DEM,G2026
2026-09-01,5063.33,support,2026-H-NY-17,NY-17 (2026),H2NY17162,Michael Lawler,H,NY,17,candidate_id,False,2026-H-NY-17,2026-H-NY-17,C00879510,America PAC,STORYTELLERS GROUP LLC,PRINTING,2026,SE24.1209,4090320261595738012,2010598,F24,48,N,A,True,True,202609029904082293,https://docquery.fec.gov/cgi-bin/fecimg/?202609029904082293,2026-08-21,2026-08-21,2026-09-01,"LAWLER, MICHAEL VINCENT",REP,G2026
2026-09-01,5063.32,oppose,2026-H-NY-17,NY-17 (2026),H6NY17171,Cait Conley,H,NY,17,candidate_id,False,2026-H-NY-17,2026-H-NY-17,C00879510,America PAC,STORYTELLERS GROUP LLC,PRINTING,2026,SE24.1210,4090320261595738013,2010598,F24,48,N,A,True,True,202609029904082293,https://docquery.fec.gov/cgi-bin/fecimg/?202609029904082293,2026-08-21,2026-08-21,2026-09-01,"CONLEY, CAIT",DEM,G2026
2026-09-01,5887.65,support,2026-H-PA-07,PA-07 (2026),H8PA15195,Ryan Mackenzie,H,PA,07,candidate_id,False,2026-H-PA-07,2026-H-PA-07,C00879510,America PAC,STORYTELLERS GROUP LLC,PRINTING,2026,SE24.1211,4090320261595738014,2010598,F24,48,N,A,True,True,202609029904082294,https://docquery.fec.gov/cgi-bin/fecimg/?202609029904082294,2026-08-21,2026-08-21,2026-09-01,"MACKENZIE, RYAN EDWARD",REP,G2026
2026-09-01,5887.65,oppose,2026-H-PA-07,PA-07 (2026),H6PA07188,Bob Brooks,H,PA,07,candidate_id,False,2026-H-PA-07,2026-H-PA-07,C00879510,America PAC,STORYTELLERS GROUP LLC,PRINTING,2026,SE24.1212,4090320261595738015,2010598,F24,48,N,A,True,True,202609029904082294,https://docquery.fec.gov/cgi-bin/fecimg/?202609029904082294,2026-08-21,2026-08-21,2026-09-01,"BROOKS, BOB",DEM,G2026
2026-09-01,5931.38,support,2026-H-PA-10,PA-10 (2026),H2PA04135,Scott Perry,H,PA,10,candidate_id,False,2026-H-PA-10,2026-H-PA-10,C00879510,America PAC,STORYTELLERS GROUP LLC,PRINTING,2026,SE24.1213,4090320261595738016,2010598,F24,48,N,A,True,True,202609029904082295,https://docquery.fec.gov/cgi-bin/fecimg/?202609029904082295,2026-08-21,2026-08-21,2026-09-01,"PERRY, SCOTT",REP,G2026
2026-09-01,5931.37,oppose,2026-H-PA-10,PA-10 (2026),H4PA10104,Janelle Stelson,H,PA,10,candidate_id,False,2026-H-PA-10,2026-H-PA-10,C00879510,America PAC,STORYTELLERS GROUP LLC,PRINTING,2026,SE24.1214,4090320261595738017,2010598,F24,48,N,A,True,True,202609029904082295,https://docquery.fec.gov/cgi-bin/fecimg/?202609029904082295,2026-08-21,2026-08-21,2026-09-01,"STELSON, JANELLE",DEM,G2026
2026-09-01,17235.00,support,2026-S-AK,AK Senate (2026),S4AK00214,Dan Sullivan,S,AK,00,candidate_id,False,2026-S-AK,2026-S-AK,C00879510,America PAC,THE BAKER GROUP LLC,PRINTING,2026,SE24.1215,4090320261595738039,2010598,F24,48,N,A,True,True,202609029904082306,https://docquery.fec.gov/cgi-bin/fecimg/?202609029904082306,2026-08-27,2026-08-27,2026-09-01,"SULLIVAN, DAN",REP,G2026
2026-09-01,8052.50,oppose,2026-S-NH,NH Senate (2026),S6NH00141,Chris Pappas,S,NH,00,candidate_id,False,2026-S-NH,2026-S-NH,C00879510,America PAC,RED MAVERICK MEDIA LLC,PRINTING,2026,SE24.1216,4090320261595738018,2010598,F24,48,N,A,True,True,202609029904082296,https://docquery.fec.gov/cgi-bin/fecimg/?202609029904082296,2026-08-27,2026-08-27,2026-09-01,"PAPPAS, CHRIS",DEM,G2026
2026-09-01,33063.65,support,2026-S-ME,ME Senate (2026),S6ME00159,Susan M. Collins,S,ME,00,candidate_id,False,2026-S-ME,2026-S-ME,C00879510,America PAC,RED MAVERICK MEDIA LLC,PRINTING,2026,SE24.1217,4090320261595738019,2010598,F24,48,N,A,True,True,202609029904082296,https://docquery.fec.gov/cgi-bin/fecimg/?202609029904082296,2026-08-27,2026-08-27,2026-09-01,"COLLINS, SUSAN M.",REP,G2026
2026-09-01,33063.64,oppose,2026-S-ME,ME Senate (2026),S6ME00464,Troy Jackson,S,ME,00,candidate_id,False,2026-S-ME,2026-S-ME,C00879510,America PAC,RED MAVERICK MEDIA LLC,PRINTING,2026,SE24.1218,4090320261595738020,2010598,F24,48,N,A,True,True,202609029904082297,https://docquery.fec.gov/cgi-bin/fecimg/?202609029904082297,2026-08-27,2026-08-27,2026-09-01,"JACKSON, TROY DALE",DEM,G2026
2026-09-01,500.00,support,2026-H-FL-25,FL-25 (2026),H6FL23188,Scott Singer,H,FL,25,candidate_id,False,2026-H-FL-25,2026-H-FL-25,C00879510,America PAC,STORYTELLERS GROUP LLC,PRINTING,2026,SE24.1219,4090320261595738028,2010598,F24,48,N,A,True,True,202609029904082301,https://docquery.fec.gov/cgi-bin/fecimg/?202609029904082301,2026-08-27,2026-08-27,2026-09-01,"SINGER, SCOTT M.",REP,G2026
2026-09-01,500.00,support,2026-H-WI-03,WI-03 (2026),H0WI03175,Derrick Van Orden,H,WI,03,candidate_id,False,2026-H-WI-03,2026-H-WI-03,C00879510,America PAC,STORYTELLERS GROUP LLC,PRINTING,2026,SE24.1220,4090320261595738029,2010598,F24,48,N,A,True,True,202609029904082301,https://docquery.fec.gov/cgi-bin/fecimg/?202609029904082301,2026-08-27,2026-08-27,2026-09-01,"VAN ORDEN, DERRICK F. MR.",REP,G2026
2026-09-01,500.00,support,2026-H-NJ-07,NJ-07 (2026),H0NJ07261,"Thomas H. Kean, Jr.",H,NJ,07,candidate_id,False,2026-H-NJ-07,2026-H-NJ-07,C00879510,America PAC,STORYTELLERS GROUP LLC,PRINTING,2026,SE24.1221,4090320261595738030,2010598,F24,48,N,A,True,True,202609029904082302,https://docquery.fec.gov/cgi-bin/fecimg/?202609029904082302,2026-08-27,2026-08-27,2026-09-01,"KEAN, THOMAS H. JR.",REP,G2026
2026-09-01,500.00,support,2026-H-NY-17,NY-17 (2026),H2NY17162,Michael Lawler,H,NY,17,candidate_id,False,2026-H-NY-17,2026-H-NY-17,C00879510,America PAC,STORYTELLERS GROUP LLC,PRINTING,2026,SE24.1222,4090320261595738031,2010598,F24,48,N,A,True,True,202609029904082302,https://docquery.fec.gov/cgi-bin/fecimg/?202609029904082302,2026-08-27,2026-08-27,2026-09-01,"LAWLER, MICHAEL VINCENT",REP,G2026
2026-09-01,500.00,support,2026-H-PA-07,PA-07 (2026),H8PA15195,Ryan Mackenzie,H,PA,07,candidate_id,False,2026-H-PA-07,2026-H-PA-07,C00879510,America PAC,STORYTELLERS GROUP LLC,PRINTING,2026,SE24.1223,4090320261595738032,2010598,F24,48,N,A,True,True,202609029904082303,https://docquery.fec.gov/cgi-bin/fecimg/?202609029904082303,2026-08-27,2026-08-27,2026-09-01,"MACKENZIE, RYAN EDWARD",REP,G2026
2026-09-01,500.00,support,2026-H-PA-10,PA-10 (2026),H2PA04135,Scott Perry,H,PA,10,candidate_id,False,2026-H-PA-10,2026-H-PA-10,C00879510,America PAC,STORYTELLERS GROUP LLC,PRINTING,2026,SE24.1224,4090320261595738033,2010598,F24,48,N,A,True,True,202609029904082303,https://docquery.fec.gov/cgi-bin/fecimg/?202609029904082303,2026-08-27,2026-08-27,2026-09-01,"PERRY, SCOTT",REP,G2026
2026-09-01,500.00,support,2026-H-PA-08,PA-08 (2026),H4PA08124,Rob Bresnahan,H,PA,08,candidate_id,False,2026-H-PA-08,2026-H-PA-08,C00879510,America PAC,STORYTELLERS GROUP LLC,PRINTING,2026,SE24.1225,4090320261595738034,2010598,F24,48,N,A,True,True,202609029904082304,https://docquery.fec.gov/cgi-bin/fecimg/?202609029904082304,2026-08-27,2026-08-27,2026-09-01,"BRESNAHAN, ROB",REP,G2026
2026-09-01,500.00,support,2026-H-VA-02,VA-02 (2026),H2VA02064,Jen Kiggans,H,VA,02,candidate_id,False,2026-H-VA-02,2026-H-VA-02,C00879510,America PAC,STORYTELLERS GROUP LLC,PRINTING,2026,SE24.1226,4090320261595738035,2010598,F24,48,N,A,True,True,202609029904082304,https://docquery.fec.gov/cgi-bin/fecimg/?202609029904082304,2026-08-27,2026-08-27,2026-09-01,"KIGGANS, JENNIFER",REP,G2026
2026-09-01,1595.00,support,2026-S-TX,TX Senate (2026),S6TX00388,Ken Paxton,S,TX,00,candidate_id,False,2026-S-TX,2026-S-TX,C00879510,America PAC,STORYTELLERS GROUP LLC,PRINTING,2026,SE24.1227,4090320261595738036,2010598,F24,48,N,A,True,True,202609029904082305,https://docquery.fec.gov/cgi-bin/fecimg/?202609029904082305,2026-08-27,2026-08-27,2026-09-01,"PAXTON, WARREN KENNETH JR.",REP,G2026
2026-09-01,8125.00,oppose,2026-S-MI,MI Senate (2026),S6MI00418,Abdul El-Sayed,S,MI,00,candidate_id,False,2026-S-MI,2026-S-MI,C00879510,America PAC,RED ZONE STRATEGIC LLC,PRINTING,2026,SE24.1228,4090320261595738023,2010598,F24,48,N,A,True,True,202609029904082298,https://docquery.fec.gov/cgi-bin/fecimg/?202609029904082298,2026-08-27,2026-08-27,2026-09-01,"EL-SAYED, ABDUL",DEM,G2026
2026-09-01,4062.50,support,2026-S-MI,MI Senate (2026),S4MI00595,Mike Rogers,S,MI,00,candidate_id,False,2026-S-MI,2026-S-MI,C00879510,America PAC,RED ZONE STRATEGIC LLC,PRINTING,2026,SE24.1229,4090320261595738024,2010598,F24,48,N,A,True,True,202609029904082299,https://docquery.fec.gov/cgi-bin/fecimg/?202609029904082299,2026-08-27,2026-08-27,2026-09-01,"ROGERS, MICHAEL J",REP,G2026
2026-09-01,1230.00,support,2026-S-MI,MI Senate (2026),S4MI00595,Mike Rogers,S,MI,00,candidate_id,False,2026-S-MI,2026-S-MI,C00879510,America PAC,RED ZONE STRATEGIC LLC,PRINTING,2026,SE24.1230,4090320261595738025,2010598,F24,48,N,A,True,True,202609029904082299,https://docquery.fec.gov/cgi-bin/fecimg/?202609029904082299,2026-08-27,2026-08-27,2026-09-01,"ROGERS, MICHAEL J",REP,G2026
2026-09-01,1475.00,support,2026-S-OH,OH Senate (2026),S6OH00304,Jon Husted,S,OH,00,candidate_id,False,2026-S-OH,2026-S-OH,C00879510,America PAC,RED ZONE STRATEGIC LLC,PRINTING,2026,SE24.1231,4090320261595738026,2010598,F24,48,N,A,True,True,202609029904082300,https://docquery.fec.gov/cgi-bin/fecimg/?202609029904082300,2026-08-27,2026-08-27,2026-09-01,"HUSTED, JON",REP,G2026
2026-09-01,104200.00,support,2026-S-OH,OH Senate (2026),S6OH00304,Jon Husted,S,OH,00,candidate_id,False,2026-S-OH,2026-S-OH,C00879510,America PAC,RED ZONE STRATEGIC LLC,PRINTING,2026,SE24.1232,4090320261595738027,2010598,F24,48,N,A,True,True,202609029904082300,https://docquery.fec.gov/cgi-bin/fecimg/?202609029904082300,2026-08-27,2026-08-27,2026-09-01,"HUSTED, JON",REP,G2026
2026-09-01,4725.00,support,2026-H-WI-03,WI-03 (2026),H0WI03175,Derrick Van Orden,H,WI,03,candidate_id,False,2026-H-WI-03,2026-H-WI-03,C00879510,America PAC,STORYTELLERS GROUP LLC,PRINTING,2026,SE24.1233,4090320261595738037,2010598,F24,48,N,A,True,True,202609029904082305,https://docquery.fec.gov/cgi-bin/fecimg/?202609029904082305,2026-08-27,2026-08-27,2026-09-01,"VAN ORDEN, DERRICK F. MR.",REP,G2026
2026-09-01,4725.00,oppose,2026-H-WI-03,WI-03 (2026),H4WI03169,Rebecca Cooke,H,WI,03,candidate_id,False,2026-H-WI-03,2026-H-WI-03,C00879510,America PAC,STORYTELLERS GROUP LLC,PRINTING,2026,SE24.1234,4090320261595738038,2010598,F24,48,N,A,True,True,202609029904082306,https://docquery.fec.gov/cgi-bin/fecimg/?202609029904082306,2026-08-27,2026-08-27,2026-09-01,"COOKE, REBECCA",DEM,G2026
2026-09-01,1230.00,support,2026-S-NH,NH Senate (2026),S6NH00208,John Sununu,S,NH,00,candidate_id,False,2026-S-NH,2026-S-NH,C00879510,America PAC,RED MAVERICK MEDIA LLC,PRINTING,2026,SE24.1235,4090320261595738021,2010598,F24,48,N,A,True,True,202609029904082297,https://docquery.fec.gov/cgi-bin/fecimg/?202609029904082297,2026-08-27,2026-08-27,2026-09-01,"SUNUNU, JOHN E",REP,G2026
2026-09-01,1250.00,support,2026-S-ME,ME Senate (2026),S6ME00159,Susan M. Collins,S,ME,00,candidate_id,False,2026-S-ME,2026-S-ME,C00879510,America PAC,RED MAVERICK MEDIA LLC,PRINTING,2026,SE24.1236,4090320261595738022,2010598,F24,48,N,A,True,True,202609029904082298,https://docquery.fec.gov/cgi-bin/fecimg/?202609029904082298,2026-08-27,2026-08-27,2026-09-01,"COLLINS, SUSAN M.",REP,G2026
2026-09-01,6189.90,support,2026-H-PA-08,PA-08 (2026),H4PA08124,Rob Bresnahan,H,PA,08,candidate_id,False,2026-H-PA-08,2026-H-PA-08,C00879510,America PAC,STORYTELLERS GROUP LLC,PRINTING,2026,SE24.1237,4090320261595738042,2010598,F24,48,N,A,True,True,202609029904082308,https://docquery.fec.gov/cgi-bin/fecimg/?202609029904082308,2026-08-31,2026-08-31,2026-09-01,"BRESNAHAN, ROB",REP,G2026
2026-09-01,6189.90,oppose,2026-H-PA-08,PA-08 (2026),H6PA08293,Paige Cognetti,H,PA,08,candidate_id,False,2026-H-PA-08,2026-H-PA-08,C00879510,America PAC,STORYTELLERS GROUP LLC,PRINTING,2026,SE24.1238,4090320261595738043,2010598,F24,48,N,A,True,True,202609029904082308,https://docquery.fec.gov/cgi-bin/fecimg/?202609029904082308,2026-08-31,2026-08-31,2026-09-01,"COGNETTI, PAIGE",DEM,G2026
2026-09-01,4336.20,support,2026-H-FL-25,FL-25 (2026),H6FL23188,Scott Singer,H,FL,25,candidate_id,False,2026-H-FL-25,2026-H-FL-25,C00879510,America PAC,STORYTELLERS GROUP LLC,PRINTING,2026,SE24.1239,4090320261595738044,2010598,F24,48,N,A,True,True,202609029904082309,https://docquery.fec.gov/cgi-bin/fecimg/?202609029904082309,2026-08-31,2026-08-31,2026-09-01,"SINGER, SCOTT M.",REP,G2026
2026-09-01,4336.20,oppose,2026-H-FL-25,FL-25 (2026),H2FL22171,Jared Moskowitz,H,FL,25,candidate_id,False,2026-H-FL-25,2026-H-FL-25,C00879510,America PAC,STORYTELLERS GROUP LLC,PRINTING,2026,SE24.1240,4090320261595738045,2010598,F24,48,N,A,True,True,202609029904082309,https://docquery.fec.gov/cgi-bin/fecimg/?202609029904082309,2026-08-31,2026-08-31,2026-09-01,"MOSKOWITZ, JARED",DEM,G2026
2026-09-01,20384.50,support,2026-S-AK,AK Senate (2026),S4AK00214,Dan Sullivan,S,AK,00,candidate_id,False,2026-S-AK,2026-S-AK,C00879510,America PAC,THE BAKER GROUP LLC,PRINTING,2026,SE24.1243,4090420261595780001,2010770,F24,48,N,A,True,True,202609039904090271,https://docquery.fec.gov/cgi-bin/fecimg/?202609039904090271,2026-09-03,2026-09-03,2026-09-01,"SULLIVAN, DAN",REP,G2026
2026-09-01,20384.50,oppose,2026-S-AK,AK Senate (2026),S6AK00276,Mary Peltola,S,AK,00,candidate_id,False,2026-S-AK,2026-S-AK,C00879510,America PAC,THE BAKER GROUP LLC,PRINTING,2026,SE24.1244,4090420261595780002,2010770,F24,48,N,A,True,True,202609039904090271,https://docquery.fec.gov/cgi-bin/fecimg/?202609039904090271,2026-09-03,2026-09-03,2026-09-01,"PELTOLA, MARY",DEM,G2026
2026-09-03,12220.20,support,2026-H-AZ-01,AZ-01 (2026),H6AZ05190,Jay Feely,H,AZ,01,candidate_id,False,2026-H-AZ-01,2026-H-AZ-01,C00879510,America PAC,CALIBER CONTACT,PRINTING,2026,SE24.1247,4090520261595801037,2010887,F24,48,N,A,True,True,202609049904103641,https://docquery.fec.gov/cgi-bin/fecimg/?202609049904103641,2026-09-03,2026-09-03,2026-09-03,"FEELY, THOMAS JAMES",REP,G2026
2026-09-03,12220.20,support,2026-H-AZ-06,AZ-06 (2026),H2AZ02360,Juan Ciscomani,H,AZ,06,candidate_id,False,2026-H-AZ-06,2026-H-AZ-06,C00879510,America PAC,CALIBER CONTACT,PRINTING,2026,SE24.1248,4090520261595801038,2010887,F24,48,N,A,True,True,202609049904103641,https://docquery.fec.gov/cgi-bin/fecimg/?202609049904103641,2026-09-03,2026-09-03,2026-09-03,"CISCOMANI, JUAN",REP,G2026
2026-09-03,12220.20,support,2026-H-CA-22,CA-22 (2026),H2CA20094,David G. Valadao,H,CA,22,candidate_id,False,2026-H-CA-22,2026-H-CA-22,C00879510,America PAC,CALIBER CONTACT,PRINTING,2026,SE24.1249,4090520261595801039,2010887,F24,48,N,A,True,True,202609049904103642,https://docquery.fec.gov/cgi-bin/fecimg/?202609049904103642,2026-09-03,2026-09-03,2026-09-03,"VALADAO, DAVID",REP,G2026
2026-09-03,12220.20,support,2026-H-WA-03,WA-03 (2026),H6WA03275,John Braun,H,WA,03,candidate_id,False,2026-H-WA-03,2026-H-WA-03,C00879510,America PAC,CALIBER CONTACT,PRINTING,2026,SE24.1250,4090520261595801040,2010887,F24,48,N,A,True,True,202609049904103642,https://docquery.fec.gov/cgi-bin/fecimg/?202609049904103642,2026-09-03,2026-09-03,2026-09-03,"BRAUN, JOHN",REP,G2026
2026-09-03,12220.20,support,2026-H-CO-08,CO-08 (2026),H4CO08034,Gabe Evans,H,CO,08,candidate_id,False,2026-H-CO-08,2026-H-CO-08,C00879510,America PAC,CALIBER CONTACT,PRINTING,2026,SE24.1251,4090520261595801041,2010887,F24,48,N,A,True,True,202609049904103643,https://docquery.fec.gov/cgi-bin/fecimg/?202609049904103643,2026-09-03,2026-09-03,2026-09-03,"EVANS, TIMOTHY GABRIEL JOSEPH",REP,G2026
2026-09-04,9140.63,support,2026-S-MI,MI Senate (2026),S4MI00595,Mike Rogers,S,MI,00,candidate_id,False,2026-S-MI,2026-S-MI,C00879510,America PAC,RED ZONE STRATEGIC LLC,PRINTING,2026,SE24.1256,4090520261595801046,2010887,F24,48,N,A,True,True,202609049904103645,https://docquery.fec.gov/cgi-bin/fecimg/?202609049904103645,2026-09-03,2026-09-03,2026-09-04,"ROGERS, MICHAEL J",REP,G2026
2026-09-04,9140.62,oppose,2026-S-MI,MI Senate (2026),S6MI00418,Abdul El-Sayed,S,MI,00,candidate_id,False,2026-S-MI,2026-S-MI,C00879510,America PAC,RED ZONE STRATEGIC LLC,PRINTING,2026,SE24.1257,4090520261595801047,2010887,F24,48,N,A,True,True,202609049904103646,https://docquery.fec.gov/cgi-bin/fecimg/?202609049904103646,2026-09-03,2026-09-03,2026-09-04,"EL-SAYED, ABDUL",DEM,G2026
2026-09-06,61000.00,oppose,2026-S-AK,AK Senate (2026),S6AK00276,Mary Peltola,S,AK,00,candidate_id,False,2026-S-AK,2026-S-AK,C00879510,America PAC,FULL REACH MEDIA GROUP LLC,DIGITAL MEDIA,2026,SE24.1252,4090520261595801042,2010887,F24,48,N,A,True,True,202609049904103643,https://docquery.fec.gov/cgi-bin/fecimg/?202609049904103643,2026-09-03,2026-09-03,2026-09-06,"PELTOLA, MARY",DEM,G2026
2026-09-06,61000.00,oppose,2026-S-TX,TX Senate (2026),S6TX00479,James Talarico,S,TX,00,candidate_id,False,2026-S-TX,2026-S-TX,C00879510,America PAC,FULL REACH MEDIA GROUP LLC,DIGITAL MEDIA,2026,SE24.1253,4090520261595801043,2010887,F24,48,N,A,True,True,202609049904103644,https://docquery.fec.gov/cgi-bin/fecimg/?202609049904103644,2026-09-03,2026-09-03,2026-09-06,"TALARICO, JAMES",DEM,G2026
2026-09-06,61000.00,oppose,2026-S-IA,IA Senate (2026),S6IA00298,Josh Turek,S,IA,00,candidate_id,False,2026-S-IA,2026-S-IA,C00879510,America PAC,FULL REACH MEDIA GROUP LLC,DIGITAL MEDIA,2026,SE24.1254,4090520261595801044,2010887,F24,48,N,A,True,True,202609049904103644,https://docquery.fec.gov/cgi-bin/fecimg/?202609049904103644,2026-09-03,2026-09-03,2026-09-06,"TUREK, JOSHUA",DEM,G2026
2026-09-06,61000.00,oppose,2026-S-OH,OH Senate (2026),S6OH00163,Sherrod Brown,S,OH,00,candidate_id,False,2026-S-OH,2026-S-OH,C00879510,America PAC,FULL REACH MEDIA GROUP LLC,DIGITAL MEDIA,2026,SE24.1255,4090520261595801045,2010887,F24,48,N,A,True,True,202609049904103645,https://docquery.fec.gov/cgi-bin/fecimg/?202609049904103645,2026-09-03,2026-09-03,2026-09-06,"BROWN, SHERROD",DEM,G2026
2026-09-06,42802.17,oppose,2026-S-AK,AK Senate (2026),S6AK00276,Mary Peltola,S,AK,00,candidate_id,False,2026-S-AK,2026-S-AK,C00879510,America PAC,IMGE LLC,DIGITAL MEDIA,2026,SE24.1260,4090520261595801052,2010887,F24,48,N,A,True,True,202609049904103648,https://docquery.fec.gov/cgi-bin/fecimg/?202609049904103648,2026-09-04,2026-09-04,2026-09-06,"PELTOLA, MARY",DEM,G2026
2026-09-06,159560.41,oppose,2026-S-IA,IA Senate (2026),S6IA00298,Josh Turek,S,IA,00,candidate_id,False,2026-S-IA,2026-S-IA,C00879510,America PAC,IMGE LLC,DIGITAL MEDIA,2026,SE24.1261,4090520261595801053,2010887,F24,48,N,A,True,True,202609049904103649,https://docquery.fec.gov/cgi-bin/fecimg/?202609049904103649,2026-09-04,2026-09-04,2026-09-06,"TUREK, JOSHUA",DEM,G2026
2026-09-06,551402.98,oppose,2026-S-OH,OH Senate (2026),S6OH00163,Sherrod Brown,S,OH,00,candidate_id,False,2026-S-OH,2026-S-OH,C00879510,America PAC,IMGE LLC,DIGITAL MEDIA,2026,SE24.1262,4090520261595801054,2010887,F24,48,N,A,True,True,202609049904103649,https://docquery.fec.gov/cgi-bin/fecimg/?202609049904103649,2026-09-04,2026-09-04,2026-09-06,"BROWN, SHERROD",DEM,G2026
2026-09-06,1303645.67,oppose,2026-S-TX,TX Senate (2026),S6TX00479,James Talarico,S,TX,00,candidate_id,False,2026-S-TX,2026-S-TX,C00879510,America PAC,IMGE LLC,DIGITAL MEDIA,2026,SE24.1263,4090520261595801055,2010887,F24,48,N,A,True,True,202609049904103650,https://docquery.fec.gov/cgi-bin/fecimg/?202609049904103650,2026-09-04,2026-09-04,2026-09-06,"TALARICO, JAMES",DEM,G2026
2026-09-06,35968.18,oppose,2026-S-OH,OH Senate (2026),S6OH00163,Sherrod Brown,S,OH,00,candidate_id,False,2026-S-OH,2026-S-OH,C00879510,America PAC,IMGE LLC,TEXTING SERVICE,2026,SE24.1264,4090520261595801056,2010887,F24,48,N,A,True,True,202609049904103650,https://docquery.fec.gov/cgi-bin/fecimg/?202609049904103650,2026-09-04,2026-09-04,2026-09-06,"BROWN, SHERROD",DEM,G2026
2026-09-06,304261.17,support,2026-S-MI,MI Senate (2026),S4MI00595,Mike Rogers,S,MI,00,candidate_id,False,2026-S-MI,2026-S-MI,C00879510,America PAC,IMGE LLC,DIGITAL MEDIA,2026,SE24.1266,4090920261596090005,2011127,F24,48,N,A,True,True,202609089904114930,https://docquery.fec.gov/cgi-bin/fecimg/?202609089904114930,2026-09-08,2026-09-08,2026-09-06,"ROGERS, MICHAEL J",REP,G2026
2026-09-06,304261.17,oppose,2026-S-MI,MI Senate (2026),S6MI00418,Abdul El-Sayed,S,MI,00,candidate_id,False,2026-S-MI,2026-S-MI,C00879510,America PAC,IMGE LLC,DIGITAL MEDIA,2026,SE24.1267,4090920261596090006,2011127,F24,48,N,A,True,True,202609089904114930,https://docquery.fec.gov/cgi-bin/fecimg/?202609089904114930,2026-09-08,2026-09-08,2026-09-06,"EL-SAYED, ABDUL",DEM,G2026
2026-09-06,43991.96,support,2026-S-ME,ME Senate (2026),S6ME00159,Susan M. Collins,S,ME,00,candidate_id,False,2026-S-ME,2026-S-ME,C00879510,America PAC,IMGE LLC,DIGITAL MEDIA,2026,SE24.1268,4090920261596090007,2011127,F24,48,N,A,True,True,202609089904114931,https://docquery.fec.gov/cgi-bin/fecimg/?202609089904114931,2026-09-08,2026-09-08,2026-09-06,"COLLINS, SUSAN M.",REP,G2026
2026-09-06,43991.95,oppose,2026-S-ME,ME Senate (2026),S6ME00464,Troy Jackson,S,ME,00,candidate_id,False,2026-S-ME,2026-S-ME,C00879510,America PAC,IMGE LLC,DIGITAL MEDIA,2026,SE24.1269,4090920261596090008,2011127,F24,48,N,A,True,True,202609089904114931,https://docquery.fec.gov/cgi-bin/fecimg/?202609089904114931,2026-09-08,2026-09-08,2026-09-06,"JACKSON, TROY DALE",DEM,G2026
2026-09-06,73479.61,oppose,2026-S-NH,NH Senate (2026),S6NH00141,Chris Pappas,S,NH,00,candidate_id,False,2026-S-NH,2026-S-NH,C00879510,America PAC,IMGE LLC,DIGITAL MEDIA,2026,SE24.1270,4090920261596090009,2011127,F24,48,N,A,True,True,202609089904114932,https://docquery.fec.gov/cgi-bin/fecimg/?202609089904114932,2026-09-08,2026-09-08,2026-09-06,"PAPPAS, CHRIS",DEM,P2026
2026-09-07,1647.17,oppose,2026-S-AK,AK Senate (2026),S6AK00276,Mary Peltola,S,AK,00,candidate_id,False,2026-S-AK,2026-S-AK,C00879510,America PAC,IMGE LLC,TEXTING SERVICE,2026,SE24.1265,4090520261595801057,2010887,F24,48,N,A,True,True,202609049904103651,https://docquery.fec.gov/cgi-bin/fecimg/?202609049904103651,2026-09-04,2026-09-04,2026-09-07,"PELTOLA, MARY",DEM,G2026
2026-09-08,20384.50,support,2026-S-AK,AK Senate (2026),S4AK00214,Dan Sullivan,S,AK,00,candidate_id,False,2026-S-AK,2026-S-AK,C00879510,America PAC,THE BAKER GROUP LLC,PRINTING/POSTAGE,2026,SE24.1245,4090520261595801050,2010887,F24,48,N,A,True,True,202609049904103647,https://docquery.fec.gov/cgi-bin/fecimg/?202609049904103647,2026-09-03,2026-09-03,2026-09-08,"SULLIVAN, DAN",REP,G2026
2026-09-08,20384.50,oppose,2026-S-AK,AK Senate (2026),S6AK00276,Mary Peltola,S,AK,00,candidate_id,False,2026-S-AK,2026-S-AK,C00879510,America PAC,THE BAKER GROUP LLC,PRINTING/POSTAGE,2026,SE24.1246,4090520261595801051,2010887,F24,48,N,A,True,True,202609049904103648,https://docquery.fec.gov/cgi-bin/fecimg/?202609049904103648,2026-09-03,2026-09-03,2026-09-08,"PELTOLA, MARY",DEM,G2026
2026-09-08,197742.57,support,2026-S-MI,MI Senate (2026),S4MI00595,Mike Rogers,S,MI,00,candidate_id,False,2026-S-MI,2026-S-MI,C00879510,America PAC,RED ZONE STRATEGIC LLC,PRINTING,2026,SE24.1258,4090520261595801048,2010887,F24,48,N,A,True,True,202609049904103646,https://docquery.fec.gov/cgi-bin/fecimg/?202609049904103646,2026-09-03,2026-09-03,2026-09-08,"ROGERS, MICHAEL J",REP,G2026
2026-09-08,197742.56,oppose,2026-S-MI,MI Senate (2026),S6MI00418,Abdul El-Sayed,S,MI,00,candidate_id,False,2026-S-MI,2026-S-MI,C00879510,America PAC,RED ZONE STRATEGIC LLC,PRINTING,2026,SE24.1259,4090520261595801049,2010887,F24,48,N,A,True,True,202609049904103647,https://docquery.fec.gov/cgi-bin/fecimg/?202609049904103647,2026-09-03,2026-09-03,2026-09-08,"EL-SAYED, ABDUL",DEM,G2026
2026-09-08,292172.65,support,2026-S-OH,OH Senate (2026),S6OH00304,Jon Husted,S,OH,00,candidate_id,False,2026-S-OH,2026-S-OH,C00879510,America PAC,RED ZONE STRATEGIC LLC,PRINTING/POSTAGE,2026,SE24.1271,4090920261596090010,2011127,F24,48,N,A,True,True,202609089904114932,https://docquery.fec.gov/cgi-bin/fecimg/?202609089904114932,2026-09-08,2026-09-08,2026-09-08,"HUSTED, JON",REP,G2026
2026-09-08,292172.65,oppose,2026-S-OH,OH Senate (2026),S6OH00163,Sherrod Brown,S,OH,00,candidate_id,False,2026-S-OH,2026-S-OH,C00879510,America PAC,RED ZONE STRATEGIC LLC,PRINTING/POSTAGE,2026,SE24.1272,4090920261596090011,2011127,F24,48,N,A,True,True,202609089904114933,https://docquery.fec.gov/cgi-bin/fecimg/?202609089904114933,2026-09-08,2026-09-08,2026-09-08,"BROWN, SHERROD",DEM,G2026
2026-09-08,22251.90,support,2026-S-AK,AK Senate (2026),S4AK00214,Dan Sullivan,S,AK,00,candidate_id,False,2026-S-AK,2026-S-AK,C00879510,America PAC,CONNECTION STRATEGY LLC,MESSAGE PHONE CALLS,2026,SE24.1274,4091020261596495003,2011266,F24,48,N,A,True,True,202609099904179034,https://docquery.fec.gov/cgi-bin/fecimg/?202609099904179034,2026-09-09,2026-09-09,2026-09-08,"SULLIVAN, DAN",REP,G2026
2026-09-08,19746.00,support,2026-S-IA,IA Senate (2026),S6IA00314,Ashley Hinson,S,IA,00,candidate_id,False,2026-S-IA,2026-S-IA,C00879510,America PAC,CONNECTION STRATEGY LLC,MESSAGE PHONE CALLS,2026,SE24.1275,4091020261596495004,2011266,F24,48,N,A,True,True,202609099904179034,https://docquery.fec.gov/cgi-bin/fecimg/?202609099904179034,2026-09-09,2026-09-09,2026-09-08,"ARENHOLZ, ASHLEY HINSON",REP,G2026
2026-09-08,19746.00,oppose,2026-S-IA,IA Senate (2026),S6IA00298,Josh Turek,S,IA,00,candidate_id,False,2026-S-IA,2026-S-IA,C00879510,America PAC,CONNECTION STRATEGY LLC,MESSAGE PHONE CALLS,2026,SE24.1276,4091020261596495005,2011266,F24,48,N,A,True,True,202609099904179035,https://docquery.fec.gov/cgi-bin/fecimg/?202609099904179035,2026-09-09,2026-09-09,2026-09-08,"TUREK, JOSHUA",DEM,G2026
2026-09-08,15923.05,support,2026-S-IA,IA Senate (2026),S6IA00314,Ashley Hinson,S,IA,00,candidate_id,False,2026-S-IA,2026-S-IA,C00879510,America PAC,CONNECTION STRATEGY LLC,MESSAGE PHONE CALLS,2026,SE24.1277,4091020261596495006,2011266,F24,48,N,A,True,True,202609099904179035,https://docquery.fec.gov/cgi-bin/fecimg/?202609099904179035,2026-09-09,2026-09-09,2026-09-08,"ARENHOLZ, ASHLEY HINSON",REP,G2026
2026-09-08,15923.05,support,2026-H-IA-01,IA-01 (2026),H8IA02043,Mariannette Miller-Meeks,H,IA,01,candidate_id,False,2026-H-IA-01,2026-H-IA-01,C00879510,America PAC,CONNECTION STRATEGY LLC,MESSAGE PHONE CALLS,2026,SE24.1278,4091020261596495007,2011266,F24,48,N,A,True,True,202609099904179036,https://docquery.fec.gov/cgi-bin/fecimg/?202609099904179036,2026-09-09,2026-09-09,2026-09-08,"MILLER-MEEKS, MARIANNETTE JANE",REP,G2026
2026-09-08,14792.70,support,2026-S-IA,IA Senate (2026),S6IA00314,Ashley Hinson,S,IA,00,candidate_id,False,2026-S-IA,2026-S-IA,C00879510,America PAC,CONNECTION STRATEGY LLC,MESSAGE PHONE CALLS,2026,SE24.1279,4091020261596495008,2011266,F24,48,N,A,True,True,202609099904179036,https://docquery.fec.gov/cgi-bin/fecimg/?202609099904179036,2026-09-09,2026-09-09,2026-09-08,"ARENHOLZ, ASHLEY HINSON",REP,G2026
2026-09-08,14792.70,support,2026-H-IA-02,IA-02 (2026),H6IA02237,Joe Mitchell,H,IA,02,candidate_id,False,2026-H-IA-02,2026-H-IA-02,C00879510,America PAC,CONNECTION STRATEGY LLC,MESSAGE PHONE CALLS,2026,SE24.1280,4091020261596495009,2011266,F24,48,N,A,True,True,202609099904179037,https://docquery.fec.gov/cgi-bin/fecimg/?202609099904179037,2026-09-09,2026-09-09,2026-09-08,"MITCHELL, JOE",REP,G2026
2026-09-08,16676.08,support,2026-S-IA,IA Senate (2026),S6IA00314,Ashley Hinson,S,IA,00,candidate_id,False,2026-S-IA,2026-S-IA,C00879510,America PAC,CONNECTION STRATEGY LLC,MESSAGE PHONE CALLS,2026,SE24.1281,4091020261596495010,2011266,F24,48,N,A,True,True,202609099904179037,https://docquery.fec.gov/cgi-bin/fecimg/?202609099904179037,2026-09-09,2026-09-09,2026-09-08,"ARENHOLZ, ASHLEY HINSON",REP,G2026
2026-09-08,16676.07,support,2026-H-IA-03,IA-03 (2026),H2IA03119,Zachary Nunn,H,IA,03,candidate_id,False,2026-H-IA-03,2026-H-IA-03,C00879510,America PAC,CONNECTION STRATEGY LLC,MESSAGE PHONE CALLS,2026,SE24.1282,4091020261596495011,2011266,F24,48,N,A,True,True,202609099904179038,https://docquery.fec.gov/cgi-bin/fecimg/?202609099904179038,2026-09-09,2026-09-09,2026-09-08,"NUNN, ZACH",REP,G2026
2026-09-08,14556.30,support,2026-S-ME,ME Senate (2026),S6ME00159,Susan M. Collins,S,ME,00,candidate_id,False,2026-S-ME,2026-S-ME,C00879510,America PAC,CONNECTION STRATEGY LLC,MESSAGE PHONE CALLS,2026,SE24.1283,4091020261596495012,2011266,F24,48,N,A,True,True,202609099904179038,https://docquery.fec.gov/cgi-bin/fecimg/?202609099904179038,2026-09-09,2026-09-09,2026-09-08,"COLLINS, SUSAN M.",REP,G2026
2026-09-08,14556.30,oppose,2026-S-ME,ME Senate (2026),S6ME00464,Troy Jackson,S,ME,00,candidate_id,False,2026-S-ME,2026-S-ME,C00879510,America PAC,CONNECTION STRATEGY LLC,MESSAGE PHONE CALLS,2026,SE24.1284,4091020261596495013,2011266,F24,48,N,A,True,True,202609099904179039,https://docquery.fec.gov/cgi-bin/fecimg/?202609099904179039,2026-09-09,2026-09-09,2026-09-08,"JACKSON, TROY DALE",DEM,G2026
2026-09-08,15525.00,support,2026-S-ME,ME Senate (2026),S6ME00159,Susan M. Collins,S,ME,00,candidate_id,False,2026-S-ME,2026-S-ME,C00879510,America PAC,CONNECTION STRATEGY LLC,MESSAGE PHONE CALLS,2026,SE24.1285,4091020261596495014,2011266,F24,48,N,A,True,True,202609099904179039,https://docquery.fec.gov/cgi-bin/fecimg/?202609099904179039,2026-09-09,2026-09-09,2026-09-08,"COLLINS, SUSAN M.",REP,G2026
2026-09-08,15525.00,support,2026-H-ME-02,ME-02 (2026),H6ME02148,Paul LePage,H,ME,02,candidate_id,False,2026-H-ME-02,2026-H-ME-02,C00879510,America PAC,CONNECTION STRATEGY LLC,MESSAGE PHONE CALLS,2026,SE24.1286,4091020261596495015,2011266,F24,48,N,A,True,True,202609099904179040,https://docquery.fec.gov/cgi-bin/fecimg/?202609099904179040,2026-09-09,2026-09-09,2026-09-08,"LEPAGE, PAUL",REP,G2026
2026-09-08,147809.70,support,2026-S-MI,MI Senate (2026),S4MI00595,Mike Rogers,S,MI,00,candidate_id,False,2026-S-MI,2026-S-MI,C00879510,America PAC,CONNECTION STRATEGY LLC,MESSAGE PHONE CALLS,2026,SE24.1287,4091020261596495016,2011266,F24,48,N,A,True,True,202609099904179040,https://docquery.fec.gov/cgi-bin/fecimg/?202609099904179040,2026-09-09,2026-09-09,2026-09-08,"ROGERS, MICHAEL J",REP,G2026
2026-09-08,147809.70,oppose,2026-S-MI,MI Senate (2026),S6MI00418,Abdul El-Sayed,S,MI,00,candidate_id,False,2026-S-MI,2026-S-MI,C00879510,America PAC,CONNECTION STRATEGY LLC,MESSAGE PHONE CALLS,2026,SE24.1288,4091020261596495017,2011266,F24,48,N,A,True,True,202609099904179041,https://docquery.fec.gov/cgi-bin/fecimg/?202609099904179041,2026-09-09,2026-09-09,2026-09-08,"EL-SAYED, ABDUL",DEM,G2026
2026-09-08,7398.95,support,2026-S-MI,MI Senate (2026),S4MI00595,Mike Rogers,S,MI,00,candidate_id,False,2026-S-MI,2026-S-MI,C00879510,America PAC,CONNECTION STRATEGY LLC,MESSAGE PHONE CALLS,2026,SE24.1289,4091020261596495018,2011266,F24,48,N,A,True,True,202609099904179041,https://docquery.fec.gov/cgi-bin/fecimg/?202609099904179041,2026-09-09,2026-09-09,2026-09-08,"ROGERS, MICHAEL J",REP,G2026
2026-09-08,7398.95,support,2026-H-MI-04,MI-04 (2026),H0MI02094,Bill Huizenga,H,MI,04,candidate_id,False,2026-H-MI-04,2026-H-MI-04,C00879510,America PAC,CONNECTION STRATEGY LLC,MESSAGE PHONE CALLS,2026,SE24.1290,4091020261596495019,2011266,F24,48,N,A,True,True,202609099904179042,https://docquery.fec.gov/cgi-bin/fecimg/?202609099904179042,2026-09-09,2026-09-09,2026-09-08,"HUIZENGA, WILLIAM P",REP,G2026
2026-09-08,7398.95,oppose,2026-S-MI,MI Senate (2026),S6MI00418,Abdul El-Sayed,S,MI,00,candidate_id,False,2026-S-MI,2026-S-MI,C00879510,America PAC,CONNECTION STRATEGY LLC,MESSAGE PHONE CALLS,2026,SE24.1291,4091020261596495020,2011266,F24,48,N,A,True,True,202609099904179042,https://docquery.fec.gov/cgi-bin/fecimg/?202609099904179042,2026-09-09,2026-09-09,2026-09-08,"EL-SAYED, ABDUL",DEM,G2026
2026-09-08,10955.32,support,2026-S-MI,MI Senate (2026),S4MI00595,Mike Rogers,S,MI,00,candidate_id,False,2026-S-MI,2026-S-MI,C00879510,America PAC,CONNECTION STRATEGY LLC,MESSAGE PHONE CALLS,2026,SE24.1292,4091020261596495021,2011266,F24,48,N,A,True,True,202609099904179043,https://docquery.fec.gov/cgi-bin/fecimg/?202609099904179043,2026-09-09,2026-09-09,2026-09-08,"ROGERS, MICHAEL J",REP,G2026
2026-09-08,10955.31,oppose,2026-S-MI,MI Senate (2026),S6MI00418,Abdul El-Sayed,S,MI,00,candidate_id,False,2026-S-MI,2026-S-MI,C00879510,America PAC,CONNECTION STRATEGY LLC,MESSAGE PHONE CALLS,2026,SE24.1293,4091020261596495022,2011266,F24,48,N,A,True,True,202609099904179043,https://docquery.fec.gov/cgi-bin/fecimg/?202609099904179043,2026-09-09,2026-09-09,2026-09-08,"EL-SAYED, ABDUL",DEM,G2026
2026-09-08,10955.32,support,2026-H-MI-07,MI-07 (2026),H2MI07123,Tom Barrett,H,MI,07,candidate_id,False,2026-H-MI-07,2026-H-MI-07,C00879510,America PAC,CONNECTION STRATEGY LLC,MESSAGE PHONE CALLS,2026,SE24.1294,4091020261596495023,2011266,F24,48,N,A,True,True,202609099904179044,https://docquery.fec.gov/cgi-bin/fecimg/?202609099904179044,2026-09-09,2026-09-09,2026-09-08,"BARRETT, THOMAS MORE",REP,G2026
2026-09-08,10395.24,support,2026-S-MI,MI Senate (2026),S4MI00595,Mike Rogers,S,MI,00,candidate_id,False,2026-S-MI,2026-S-MI,C00879510,America PAC,CONNECTION STRATEGY LLC,MESSAGE PHONE CALLS,2026,SE24.1295,4091020261596495024,2011266,F24,48,N,A,True,True,202609099904179044,https://docquery.fec.gov/cgi-bin/fecimg/?202609099904179044,2026-09-09,2026-09-09,2026-09-08,"ROGERS, MICHAEL J",REP,G2026
2026-09-08,10395.23,oppose,2026-S-MI,MI Senate (2026),S6MI00418,Abdul El-Sayed,S,MI,00,candidate_id,False,2026-S-MI,2026-S-MI,C00879510,America PAC,CONNECTION STRATEGY LLC,MESSAGE PHONE CALLS,2026,SE24.1296,4091020261596495025,2011266,F24,48,N,A,True,True,202609099904179045,https://docquery.fec.gov/cgi-bin/fecimg/?202609099904179045,2026-09-09,2026-09-09,2026-09-08,"EL-SAYED, ABDUL",DEM,G2026
2026-09-08,10395.23,support,2026-H-MI-08,MI-08 (2026),H6MI08312,Tom Smith,H,MI,08,candidate_id,False,2026-H-MI-08,2026-H-MI-08,C00879510,America PAC,CONNECTION STRATEGY LLC,MESSAGE PHONE CALLS,2026,SE24.1297,4091020261596495026,2011266,F24,48,N,A,True,True,202609099904179045,https://docquery.fec.gov/cgi-bin/fecimg/?202609099904179045,2026-09-09,2026-09-09,2026-09-08,"SMITH, THOMAS JAMES MR",REP,G2026
2026-09-08,6712.55,support,2026-S-MI,MI Senate (2026),S4MI00595,Mike Rogers,S,MI,00,candidate_id,False,2026-S-MI,2026-S-MI,C00879510,America PAC,CONNECTION STRATEGY LLC,MESSAGE PHONE CALLS,2026,SE24.1298,4091020261596495027,2011266,F24,48,N,A,True,True,202609099904179046,https://docquery.fec.gov/cgi-bin/fecimg/?202609099904179046,2026-09-09,2026-09-09,2026-09-08,"ROGERS, MICHAEL J",REP,G2026
2026-09-08,6712.55,oppose,2026-S-MI,MI Senate (2026),S6MI00418,Abdul El-Sayed,S,MI,00,candidate_id,False,2026-S-MI,2026-S-MI,C00879510,America PAC,CONNECTION STRATEGY LLC,MESSAGE PHONE CALLS,2026,SE24.1299,4091020261596495028,2011266,F24,48,N,A,True,True,202609099904179046,https://docquery.fec.gov/cgi-bin/fecimg/?202609099904179046,2026-09-09,2026-09-09,2026-09-08,"EL-SAYED, ABDUL",DEM,G2026
2026-09-08,6712.55,support,2026-H-MI-10,MI-10 (2026),H6MI10359,Michael Bouchard,H,MI,10,candidate_id,False,2026-H-MI-10,2026-H-MI-10,C00879510,America PAC,CONNECTION STRATEGY LLC,MESSAGE PHONE CALLS,2026,SE24.1300,4091020261596495029,2011266,F24,48,N,A,True,True,202609099904179047,https://docquery.fec.gov/cgi-bin/fecimg/?202609099904179047,2026-09-09,2026-09-09,2026-09-08,"BOUCHARD, MICHAEL",REP,G2026
2026-09-08,132669.30,support,2026-S-OH,OH Senate (2026),S6OH00304,Jon Husted,S,OH,00,candidate_id,False,2026-S-OH,2026-S-OH,C00879510,America PAC,CONNECTION STRATEGY LLC,MESSAGE PHONE CALLS,2026,SE24.1301,4091020261596495030,2011266,F24,48,N,A,True,True,202609099904179047,https://docquery.fec.gov/cgi-bin/fecimg/?202609099904179047,2026-09-09,2026-09-09,2026-09-08,"HUSTED, JON",REP,G2026
2026-09-08,132669.30,oppose,2026-S-OH,OH Senate (2026),S6OH00163,Sherrod Brown,S,OH,00,candidate_id,False,2026-S-OH,2026-S-OH,C00879510,America PAC,CONNECTION STRATEGY LLC,MESSAGE PHONE CALLS,2026,SE24.1302,4091020261596495031,2011266,F24,48,N,A,True,True,202609099904179048,https://docquery.fec.gov/cgi-bin/fecimg/?202609099904179048,2026-09-09,2026-09-09,2026-09-08,"BROWN, SHERROD",DEM,G2026
2026-09-08,12480.98,support,2026-S-OH,OH Senate (2026),S6OH00304,Jon Husted,S,OH,00,candidate_id,False,2026-S-OH,2026-S-OH,C00879510,America PAC,CONNECTION STRATEGY LLC,MESSAGE PHONE CALLS,2026,SE24.1303,4091020261596495032,2011266,F24,48,N,A,True,True,202609099904179048,https://docquery.fec.gov/cgi-bin/fecimg/?202609099904179048,2026-09-09,2026-09-09,2026-09-08,"HUSTED, JON",REP,G2026
2026-09-08,12480.97,support,2026-H-OH-01,OH-01 (2026),H6OH01138,Eric Conroy,H,OH,01,candidate_id,False,2026-H-OH-01,2026-H-OH-01,C00879510,America PAC,CONNECTION STRATEGY LLC,MESSAGE PHONE CALLS,2026,SE24.1304,4091020261596495033,2011266,F24,48,N,A,True,True,202609099904179049,https://docquery.fec.gov/cgi-bin/fecimg/?202609099904179049,2026-09-09,2026-09-09,2026-09-08,"CONROY, ERIC",REP,G2026
2026-09-08,11479.33,support,2026-S-OH,OH Senate (2026),S6OH00304,Jon Husted,S,OH,00,candidate_id,False,2026-S-OH,2026-S-OH,C00879510,America PAC,CONNECTION STRATEGY LLC,MESSAGE PHONE CALLS,2026,SE24.1305,4091020261596495034,2011266,F24,48,N,A,True,True,202609099904179049,https://docquery.fec.gov/cgi-bin/fecimg/?202609099904179049,2026-09-09,2026-09-09,2026-09-08,"HUSTED, JON",REP,G2026
2026-09-08,11479.32,support,2026-H-OH-05,OH-05 (2026),H8OH05036,Bob Latta,H,OH,05,candidate_id,False,2026-H-OH-05,2026-H-OH-05,C00879510,America PAC,CONNECTION STRATEGY LLC,MESSAGE PHONE CALLS,2026,SE24.1306,4091020261596495035,2011266,F24,48,N,A,True,True,202609099904179050,https://docquery.fec.gov/cgi-bin/fecimg/?202609099904179050,2026-09-09,2026-09-09,2026-09-08,"LATTA, ROBERT EDWARD",REP,G2026
2026-09-08,12546.30,support,2026-S-OH,OH Senate (2026),S6OH00304,Jon Husted,S,OH,00,candidate_id,False,2026-S-OH,2026-S-OH,C00879510,America PAC,CONNECTION STRATEGY LLC,MESSAGE PHONE CALLS,2026,SE24.1307,4091020261596495036,2011266,F24,48,N,A,True,True,202609099904179050,https://docquery.fec.gov/cgi-bin/fecimg/?202609099904179050,2026-09-09,2026-09-09,2026-09-08,"HUSTED, JON",REP,G2026
2026-09-08,12546.30,support,2026-H-OH-07,OH-07 (2026),H2OH16051,Max Miller,H,OH,07,candidate_id,False,2026-H-OH-07,2026-H-OH-07,C00879510,America PAC,CONNECTION STRATEGY LLC,MESSAGE PHONE CALLS,2026,SE24.1308,4091020261596495037,2011266,F24,48,N,A,True,True,202609099904179051,https://docquery.fec.gov/cgi-bin/fecimg/?202609099904179051,2026-09-09,2026-09-09,2026-09-08,"MILLER, MAX",REP,G2026
2026-09-08,11174.80,support,2026-S-OH,OH Senate (2026),S6OH00304,Jon Husted,S,OH,00,candidate_id,False,2026-S-OH,2026-S-OH,C00879510,America PAC,CONNECTION STRATEGY LLC,MESSAGE PHONE CALLS,2026,SE24.1309,4091020261596495038,2011266,F24,48,N,A,True,True,202609099904179051,https://docquery.fec.gov/cgi-bin/fecimg/?202609099904179051,2026-09-09,2026-09-09,2026-09-08,"HUSTED, JON",REP,G2026
2026-09-08,11174.80,support,2026-H-OH-09,OH-09 (2026),H4OH09169,Derek Merrin,H,OH,09,candidate_id,False,2026-H-OH-09,2026-H-OH-09,C00879510,America PAC,CONNECTION STRATEGY LLC,MESSAGE PHONE CALLS,2026,SE24.1310,4091020261596495039,2011266,F24,48,N,A,True,True,202609099904179052,https://docquery.fec.gov/cgi-bin/fecimg/?202609099904179052,2026-09-09,2026-09-09,2026-09-08,"MERRIN, DEREK",REP,G2026
2026-09-08,10920.98,support,2026-S-OH,OH Senate (2026),S6OH00304,Jon Husted,S,OH,00,candidate_id,False,2026-S-OH,2026-S-OH,C00879510,America PAC,CONNECTION STRATEGY LLC,MESSAGE PHONE CALLS,2026,SE24.1311,4091020261596495040,2011266,F24,48,N,A,True,True,202609099904179052,https://docquery.fec.gov/cgi-bin/fecimg/?202609099904179052,2026-09-09,2026-09-09,2026-09-08,"HUSTED, JON",REP,G2026
2026-09-08,10920.97,support,2026-H-OH-13,OH-13 (2026),H6OH13307,Carey Coleman,H,OH,13,candidate_id,False,2026-H-OH-13,2026-H-OH-13,C00879510,America PAC,CONNECTION STRATEGY LLC,MESSAGE PHONE CALLS,2026,SE24.1312,4091020261596495041,2011266,F24,48,N,A,True,True,202609099904179053,https://docquery.fec.gov/cgi-bin/fecimg/?202609099904179053,2026-09-09,2026-09-09,2026-09-08,"COLEMAN, CAREY",REP,G2026
2026-09-08,352337.70,support,2026-S-TX,TX Senate (2026),S6TX00388,Ken Paxton,S,TX,00,candidate_id,False,2026-S-TX,2026-S-TX,C00879510,America PAC,CONNECTION STRATEGY LLC,MESSAGE PHONE CALLS,2026,SE24.1313,4091020261596495042,2011266,F24,48,N,A,True,True,202609099904179053,https://docquery.fec.gov/cgi-bin/fecimg/?202609099904179053,2026-09-09,2026-09-09,2026-09-08,"PAXTON, WARREN KENNETH JR.",REP,G2026
2026-09-08,352337.70,oppose,2026-S-TX,TX Senate (2026),S6TX00479,James Talarico,S,TX,00,candidate_id,False,2026-S-TX,2026-S-TX,C00879510,America PAC,CONNECTION STRATEGY LLC,MESSAGE PHONE CALLS,2026,SE24.1314,4091020261596495043,2011266,F24,48,N,A,True,True,202609099904179054,https://docquery.fec.gov/cgi-bin/fecimg/?202609099904179054,2026-09-09,2026-09-09,2026-09-08,"TALARICO, JAMES",DEM,G2026
2026-09-08,5910.89,support,2026-S-TX,TX Senate (2026),S6TX00388,Ken Paxton,S,TX,00,candidate_id,False,2026-S-TX,2026-S-TX,C00879510,America PAC,CONNECTION STRATEGY LLC,MESSAGE PHONE CALLS,2026,SE24.1315,4091020261596495044,2011266,F24,48,N,A,True,True,202609099904179054,https://docquery.fec.gov/cgi-bin/fecimg/?202609099904179054,2026-09-09,2026-09-09,2026-09-08,"PAXTON, WARREN KENNETH JR.",REP,G2026
2026-09-08,5910.88,oppose,2026-S-TX,TX Senate (2026),S6TX00479,James Talarico,S,TX,00,candidate_id,False,2026-S-TX,2026-S-TX,C00879510,America PAC,CONNECTION STRATEGY LLC,MESSAGE PHONE CALLS,2026,SE24.1316,4091020261596495045,2011266,F24,48,N,A,True,True,202609099904179055,https://docquery.fec.gov/cgi-bin/fecimg/?202609099904179055,2026-09-09,2026-09-09,2026-09-08,"TALARICO, JAMES",DEM,G2026
2026-09-08,5910.88,support,2026-H-TX-15,TX-15 (2026),H0TX15124,Monica De La Cruz,H,TX,15,candidate_id,False,2026-H-TX-15,2026-H-TX-15,C00879510,America PAC,CONNECTION STRATEGY LLC,MESSAGE PHONE CALLS,2026,SE24.1317,4091020261596495046,2011266,F24,48,N,A,True,True,202609099904179055,https://docquery.fec.gov/cgi-bin/fecimg/?202609099904179055,2026-09-09,2026-09-09,2026-09-08,"DE LA CRUZ, MONICA",REP,G2026
2026-09-08,9130.12,support,2026-S-TX,TX Senate (2026),S6TX00388,Ken Paxton,S,TX,00,candidate_id,False,2026-S-TX,2026-S-TX,C00879510,America PAC,CONNECTION STRATEGY LLC,MESSAGE PHONE CALLS,2026,SE24.1318,4091020261596495047,2011266,F24,48,N,A,True,True,202609099904179056,https://docquery.fec.gov/cgi-bin/fecimg/?202609099904179056,2026-09-09,2026-09-09,2026-09-08,"PAXTON, WARREN KENNETH JR.",REP,G2026
2026-09-08,9130.11,oppose,2026-S-TX,TX Senate (2026),S6TX00479,James Talarico,S,TX,00,candidate_id,False,2026-S-TX,2026-S-TX,C00879510,America PAC,CONNECTION STRATEGY LLC,MESSAGE PHONE CALLS,2026,SE24.1319,4091020261596495048,2011266,F24,48,N,A,True,True,202609099904179056,https://docquery.fec.gov/cgi-bin/fecimg/?202609099904179056,2026-09-09,2026-09-09,2026-09-08,"TALARICO, JAMES",DEM,G2026
2026-09-08,9130.12,support,2026-H-TX-23,TX-23 (2026),H4TX23120,Brandon Herrera,H,TX,23,candidate_id,False,2026-H-TX-23,2026-H-TX-23,C00879510,America PAC,CONNECTION STRATEGY LLC,MESSAGE PHONE CALLS,2026,SE24.1320,4091020261596495049,2011266,F24,48,N,A,True,True,202609099904179057,https://docquery.fec.gov/cgi-bin/fecimg/?202609099904179057,2026-09-09,2026-09-09,2026-09-08,"HERRERA, BRANDON",REP,G2026
2026-09-08,7679.54,support,2026-S-TX,TX Senate (2026),S6TX00388,Ken Paxton,S,TX,00,candidate_id,False,2026-S-TX,2026-S-TX,C00879510,America PAC,CONNECTION STRATEGY LLC,MESSAGE PHONE CALLS,2026,SE24.1321,4091020261596495050,2011266,F24,48,N,A,True,True,202609099904179057,https://docquery.fec.gov/cgi-bin/fecimg/?202609099904179057,2026-09-09,2026-09-09,2026-09-08,"PAXTON, WARREN KENNETH JR.",REP,G2026
2026-09-08,7679.53,oppose,2026-S-TX,TX Senate (2026),S6TX00479,James Talarico,S,TX,00,candidate_id,False,2026-S-TX,2026-S-TX,C00879510,America PAC,CONNECTION STRATEGY LLC,MESSAGE PHONE CALLS,2026,SE24.1322,4091020261596495051,2011266,F24,48,N,A,True,True,202609099904179058,https://docquery.fec.gov/cgi-bin/fecimg/?202609099904179058,2026-09-09,2026-09-09,2026-09-08,"TALARICO, JAMES",DEM,G2026
2026-09-08,7679.53,support,2026-H-TX-28,TX-28 (2026),H6TX28124,Tano Tijerina,H,TX,28,candidate_id,False,2026-H-TX-28,2026-H-TX-28,C00879510,America PAC,CONNECTION STRATEGY LLC,MESSAGE PHONE CALLS,2026,SE24.1323,4091020261596495052,2011266,F24,48,N,A,True,True,202609099904179058,https://docquery.fec.gov/cgi-bin/fecimg/?202609099904179058,2026-09-09,2026-09-09,2026-09-08,"TIJERINA, TANO",REP,G2026
2026-09-08,5458.49,support,2026-S-TX,TX Senate (2026),S6TX00388,Ken Paxton,S,TX,00,candidate_id,False,2026-S-TX,2026-S-TX,C00879510,America PAC,CONNECTION STRATEGY LLC,MESSAGE PHONE CALLS,2026,SE24.1324,4091020261596495053,2011266,F24,48,N,A,True,True,202609099904179059,https://docquery.fec.gov/cgi-bin/fecimg/?202609099904179059,2026-09-09,2026-09-09,2026-09-08,"PAXTON, WARREN KENNETH JR.",REP,G2026
2026-09-08,5458.48,oppose,2026-S-TX,TX Senate (2026),S6TX00479,James Talarico,S,TX,00,candidate_id,False,2026-S-TX,2026-S-TX,C00879510,America PAC,CONNECTION STRATEGY LLC,MESSAGE PHONE CALLS,2026,SE24.1325,4091020261596495054,2011266,F24,48,N,A,True,True,202609099904179059,https://docquery.fec.gov/cgi-bin/fecimg/?202609099904179059,2026-09-09,2026-09-09,2026-09-08,"TALARICO, JAMES",DEM,G2026
2026-09-08,5458.48,support,2026-H-TX-34,TX-34 (2026),H6TX34080,Eric Flores,H,TX,34,candidate_id,False,2026-H-TX-34,2026-H-TX-34,C00879510,America PAC,CONNECTION STRATEGY LLC,MESSAGE PHONE CALLS,2026,SE24.1326,4091020261596495055,2011266,F24,48,N,A,True,True,202609099904179060,https://docquery.fec.gov/cgi-bin/fecimg/?202609099904179060,2026-09-09,2026-09-09,2026-09-08,"FLORES, ERIC",REP,G2026
2026-09-08,7175.79,support,2026-S-TX,TX Senate (2026),S6TX00388,Ken Paxton,S,TX,00,candidate_id,False,2026-S-TX,2026-S-TX,C00879510,America PAC,CONNECTION STRATEGY LLC,MESSAGE PHONE CALLS,2026,SE24.1327,4091020261596495056,2011266,F24,48,N,A,True,True,202609099904179060,https://docquery.fec.gov/cgi-bin/fecimg/?202609099904179060,2026-09-09,2026-09-09,2026-09-08,"PAXTON, WARREN KENNETH JR.",REP,G2026
2026-09-08,7175.78,oppose,2026-S-TX,TX Senate (2026),S6TX00479,James Talarico,S,TX,00,candidate_id,False,2026-S-TX,2026-S-TX,C00879510,America PAC,CONNECTION STRATEGY LLC,MESSAGE PHONE CALLS,2026,SE24.1328,4091020261596495057,2011266,F24,48,N,A,True,True,202609099904179061,https://docquery.fec.gov/cgi-bin/fecimg/?202609099904179061,2026-09-09,2026-09-09,2026-09-08,"TALARICO, JAMES",DEM,G2026
2026-09-08,7175.78,support,2026-H-TX-35,TX-35 (2026),H6TX35087,Carlos De La Cruz,H,TX,35,candidate_id,False,2026-H-TX-35,2026-H-TX-35,C00879510,America PAC,CONNECTION STRATEGY LLC,MESSAGE PHONE CALLS,2026,SE24.1329,4091020261596495058,2011266,F24,48,N,A,True,True,202609099904179061,https://docquery.fec.gov/cgi-bin/fecimg/?202609099904179061,2026-09-09,2026-09-09,2026-09-08,"DE LA CRUZ, CARLOS JR.",REP,G2026
2026-09-08,40000.00,oppose,2026-S-NH,NH Senate (2026),S6NH00141,Chris Pappas,S,NH,00,candidate_id,False,2026-S-NH,2026-S-NH,C00879510,America PAC,IMGE LLC,DIGITAL MEDIA,2026,SE24.1375,4091120261598241092,2011470,F24,48,N,A,True,True,202609109904190240,https://docquery.fec.gov/cgi-bin/fecimg/?202609109904190240,2026-09-10,2026-09-10,2026-09-08,"PAPPAS, CHRIS",DEM,G2026
2026-09-08,18750.00,support,2026-S-ME,ME Senate (2026),S6ME00159,Susan M. Collins,S,ME,00,candidate_id,False,2026-S-ME,2026-S-ME,C00879510,America PAC,IMGE LLC,DIGITAL MEDIA,2026,SE24.1376,4091120261598241093,2011470,F24,48,N,A,True,True,202609109904190240,https://docquery.fec.gov/cgi-bin/fecimg/?202609109904190240,2026-09-10,2026-09-10,2026-09-08,"COLLINS, SUSAN M.",REP,G2026
2026-09-08,18750.00,oppose,2026-S-ME,ME Senate (2026),S6ME00464,Troy Jackson,S,ME,00,candidate_id,False,2026-S-ME,2026-S-ME,C00879510,America PAC,IMGE LLC,DIGITAL MEDIA,2026,SE24.1377,4091120261598241094,2011470,F24,48,N,A,True,True,202609109904190241,https://docquery.fec.gov/cgi-bin/fecimg/?202609109904190241,2026-09-10,2026-09-10,2026-09-08,"JACKSON, TROY DALE",DEM,G2026
2026-09-08,8401.69,support,2026-S-NH,NH Senate (2026),S6NH00208,John Sununu,S,NH,00,candidate_id,False,2026-S-NH,2026-S-NH,C00879510,America PAC,CONNECTION STRATEGY LLC,MESSAGE PHONE CALLS,2026,SE24.1378,4091120261598241068,2011470,F24,48,N,A,True,True,202609109904190228,https://docquery.fec.gov/cgi-bin/fecimg/?202609109904190228,2026-09-10,2026-09-10,2026-09-08,"SUNUNU, JOHN E",REP,G2026
2026-09-08,8401.68,oppose,2026-S-NH,NH Senate (2026),S6NH00141,Chris Pappas,S,NH,00,candidate_id,False,2026-S-NH,2026-S-NH,C00879510,America PAC,CONNECTION STRATEGY LLC,MESSAGE PHONE CALLS,2026,SE24.1379,4091120261598241069,2011470,F24,48,N,A,True,True,202609109904190228,https://docquery.fec.gov/cgi-bin/fecimg/?202609109904190228,2026-09-10,2026-09-10,2026-09-08,"PAPPAS, CHRIS",DEM,G2026
2026-09-08,8401.68,support,2026-H-NH-01,NH-01 (2026),H6NH01420,Anthony DiLorenzo,H,NH,01,candidate_id,False,2026-H-NH-01,2026-H-NH-01,C00879510,America PAC,CONNECTION STRATEGY LLC,MESSAGE PHONE CALLS,2026,SE24.1380,4091120261598241070,2011470,F24,48,N,A,True,True,202609109904190229,https://docquery.fec.gov/cgi-bin/fecimg/?202609109904190229,2026-09-10,2026-09-10,2026-09-08,"DILORENZO, ANTHONY",REP,G2026
2026-09-08,8016.24,support,2026-S-NH,NH Senate (2026),S6NH00208,John Sununu,S,NH,00,candidate_id,False,2026-S-NH,2026-S-NH,C00879510,America PAC,CONNECTION STRATEGY LLC,MESSAGE PHONE CALLS,2026,SE24.1381,4091120261598241071,2011470,F24,48,N,A,True,True,202609109904190229,https://docquery.fec.gov/cgi-bin/fecimg/?202609109904190229,2026-09-10,2026-09-10,2026-09-08,"SUNUNU, JOHN E",REP,G2026
2026-09-08,8016.23,oppose,2026-S-NH,NH Senate (2026),S6NH00141,Chris Pappas,S,NH,00,candidate_id,False,2026-S-NH,2026-S-NH,C00879510,America PAC,CONNECTION STRATEGY LLC,MESSAGE PHONE CALLS,2026,SE24.1382,4091120261598241072,2011470,F24,48,N,A,True,True,202609109904190230,https://docquery.fec.gov/cgi-bin/fecimg/?202609109904190230,2026-09-10,2026-09-10,2026-09-08,"PAPPAS, CHRIS",DEM,G2026
2026-09-08,8016.23,support,2026-H-NH-02,NH-02 (2026),H2NH02260,Lily Tang Williams,H,NH,02,candidate_id,False,2026-H-NH-02,2026-H-NH-02,C00879510,America PAC,CONNECTION STRATEGY LLC,MESSAGE PHONE CALLS,2026,SE24.1383,4091120261598241073,2011470,F24,48,N,A,True,True,202609109904190230,https://docquery.fec.gov/cgi-bin/fecimg/?202609109904190230,2026-09-10,2026-09-10,2026-09-08,"WILLIAMS, LILY TANG",REP,G2026
2026-09-09,39828.00,oppose,2026-S-IA,IA Senate (2026),S6IA00298,Josh Turek,S,IA,00,candidate_id,False,2026-S-IA,2026-S-IA,C00879510,America PAC,THE BAKER GROUP LLC,PRINTING/POSTAGE,2026,SE24.1273,4091020261596495087,2011266,F24,48,N,A,True,True,202609099904179076,https://docquery.fec.gov/cgi-bin/fecimg/?202609099904179076,2026-09-09,2026-09-09,2026-09-09,"TUREK, JOSHUA",DEM,G2026
2026-09-09,19364.95,support,2026-H-FL-25,FL-25 (2026),H6FL23188,Scott Singer,H,FL,25,candidate_id,False,2026-H-FL-25,2026-H-FL-25,C00879510,America PAC,CONNECTION STRATEGY LLC,MESSAGE PHONE CALLS,2026,SE24.1385,4091120261598241075,2011470,F24,48,N,A,True,True,202609109904190231,https://docquery.fec.gov/cgi-bin/fecimg/?202609109904190231,2026-09-10,2026-09-10,2026-09-09,"SINGER, SCOTT M.",REP,G2026
2026-09-09,19364.95,oppose,2026-H-FL-25,FL-25 (2026),H2FL22171,Jared Moskowitz,H,FL,25,candidate_id,False,2026-H-FL-25,2026-H-FL-25,C00879510,America PAC,CONNECTION STRATEGY LLC,MESSAGE PHONE CALLS,2026,SE24.1386,4091120261598241076,2011470,F24,48,N,A,True,True,202609109904190232,https://docquery.fec.gov/cgi-bin/fecimg/?202609109904190232,2026-09-10,2026-09-10,2026-09-09,"MOSKOWITZ, JARED",DEM,G2026
2026-09-09,21320.20,support,2026-H-CO-08,CO-08 (2026),H4CO08034,Gabe Evans,H,CO,08,candidate_id,False,2026-H-CO-08,2026-H-CO-08,C00879510,America PAC,CONNECTION STRATEGY LLC,MESSAGE PHONE CALLS,2026,SE24.1387,4091120261598241077,2011470,F24,48,N,A,True,True,202609109904190232,https://docquery.fec.gov/cgi-bin/fecimg/?202609109904190232,2026-09-10,2026-09-10,2026-09-09,"EVANS, TIMOTHY GABRIEL JOSEPH",REP,G2026
2026-09-09,39414.10,support,2026-H-WI-03,WI-03 (2026),H0WI03175,Derrick Van Orden,H,WI,03,candidate_id,False,2026-H-WI-03,2026-H-WI-03,C00879510,America PAC,CONNECTION STRATEGY LLC,MESSAGE PHONE CALLS,2026,SE24.1388,4091120261598241078,2011470,F24,48,N,A,True,True,202609109904190233,https://docquery.fec.gov/cgi-bin/fecimg/?202609109904190233,2026-09-10,2026-09-10,2026-09-09,"VAN ORDEN, DERRICK F. MR.",REP,G2026
2026-09-09,20241.10,support,2026-H-CA-22,CA-22 (2026),H2CA20094,David G. Valadao,H,CA,22,candidate_id,False,2026-H-CA-22,2026-H-CA-22,C00879510,America PAC,CONNECTION STRATEGY LLC,MESSAGE PHONE CALLS,2026,SE24.1391,4091120261598241081,2011470,F24,48,N,A,True,True,202609109904190234,https://docquery.fec.gov/cgi-bin/fecimg/?202609109904190234,2026-09-10,2026-09-10,2026-09-09,"VALADAO, DAVID",REP,G2026
2026-09-09,39795.25,support,2026-H-AZ-01,AZ-01 (2026),H6AZ05190,Jay Feely,H,AZ,01,candidate_id,False,2026-H-AZ-01,2026-H-AZ-01,C00879510,America PAC,CONNECTION STRATEGY LLC,MESSAGE PHONE CALLS,2026,SE24.1392,4091120261598241082,2011470,F24,48,N,A,True,True,202609109904190235,https://docquery.fec.gov/cgi-bin/fecimg/?202609109904190235,2026-09-10,2026-09-10,2026-09-09,"FEELY, THOMAS JAMES",REP,G2026
2026-09-09,40122.50,support,2026-H-AZ-06,AZ-06 (2026),H2AZ02360,Juan Ciscomani,H,AZ,06,candidate_id,False,2026-H-AZ-06,2026-H-AZ-06,C00879510,America PAC,CONNECTION STRATEGY LLC,MESSAGE PHONE CALLS,2026,SE24.1393,4091120261598241083,2011470,F24,48,N,A,True,True,202609109904190235,https://docquery.fec.gov/cgi-bin/fecimg/?202609109904190235,2026-09-10,2026-09-10,2026-09-09,"CISCOMANI, JUAN",REP,G2026
2026-09-10,102847.00,oppose,2026-S-ME,ME Senate (2026),S6ME00464,Troy Jackson,S,ME,00,candidate_id,False,2026-S-ME,2026-S-ME,C00879510,America PAC,RED MAVERICK MEDIA LLC,PRINTING,2026,SE24.1241,4090320261595738040,2010598,F24,48,N,A,True,True,202609029904082307,https://docquery.fec.gov/cgi-bin/fecimg/?202609029904082307,2026-08-31,2026-08-31,2026-09-10,"JACKSON, TROY DALE",DEM,G2026
2026-09-10,82176.00,oppose,2026-S-NH,NH Senate (2026),S6NH00141,Chris Pappas,S,NH,00,candidate_id,False,2026-S-NH,2026-S-NH,C00879510,America PAC,RED MAVERICK MEDIA LLC,PRINTING,2026,SE24.1242,4090320261595738041,2010598,F24,48,N,A,True,True,202609029904082307,https://docquery.fec.gov/cgi-bin/fecimg/?202609029904082307,2026-08-31,2026-08-31,2026-09-10,"PAPPAS, CHRIS",DEM,G2026
2026-09-10,1350.00,support,2026-H-MI-08,MI-08 (2026),H6MI08312,Tom Smith,H,MI,08,candidate_id,False,2026-H-MI-08,2026-H-MI-08,C00879510,America PAC,IMGE LLC,TEXTING SERVICE,2026,SE24.1330,4091020261596495059,2011266,F24,48,N,A,True,True,202609099904179062,https://docquery.fec.gov/cgi-bin/fecimg/?202609099904179062,2026-09-09,2026-09-09,2026-09-10,"SMITH, THOMAS JAMES MR",REP,G2026
2026-09-10,1350.00,oppose,2026-H-MI-08,MI-08 (2026),H4MI08218,Kristen McDonald Rivet,H,MI,08,candidate_id,False,2026-H-MI-08,2026-H-MI-08,C00879510,America PAC,IMGE LLC,TEXTING SERVICE,2026,SE24.1331,4091020261596495060,2011266,F24,48,N,A,True,True,202609099904179062,https://docquery.fec.gov/cgi-bin/fecimg/?202609099904179062,2026-09-09,2026-09-09,2026-09-10,"MCDONALD RIVET, KRISTEN",DEM,G2026
2026-09-10,1350.00,support,2026-H-MI-04,MI-04 (2026),H0MI02094,Bill Huizenga,H,MI,04,candidate_id,False,2026-H-MI-04,2026-H-MI-04,C00879510,America PAC,IMGE LLC,TEXTING SERVICE,2026,SE24.1332,4091020261596495061,2011266,F24,48,N,A,True,True,202609099904179063,https://docquery.fec.gov/cgi-bin/fecimg/?202609099904179063,2026-09-09,2026-09-09,2026-09-10,"HUIZENGA, WILLIAM P",REP,G2026
2026-09-10,1350.00,oppose,2026-H-MI-04,MI-04 (2026),H6MI04204,Sean McCann,H,MI,04,candidate_id,False,2026-H-MI-04,2026-H-MI-04,C00879510,America PAC,IMGE LLC,TEXTING SERVICE,2026,SE24.1333,4091020261596495062,2011266,F24,48,N,A,True,True,202609099904179063,https://docquery.fec.gov/cgi-bin/fecimg/?202609099904179063,2026-09-09,2026-09-09,2026-09-10,"MCCANN, SEAN",DEM,G2026
2026-09-10,1435.00,support,2026-H-MI-10,MI-10 (2026),H6MI10359,Michael Bouchard,H,MI,10,candidate_id,False,2026-H-MI-10,2026-H-MI-10,C00879510,America PAC,IMGE LLC,TEXTING SERVICE,2026,SE24.1334,4091020261596495063,2011266,F24,48,N,A,True,True,202609099904179064,https://docquery.fec.gov/cgi-bin/fecimg/?202609099904179064,2026-09-09,2026-09-09,2026-09-10,"BOUCHARD, MICHAEL",REP,G2026
2026-09-10,1435.00,oppose,2026-H-MI-10,MI-10 (2026),H6MI10276,Christina Hines,H,MI,10,candidate_id,False,2026-H-MI-10,2026-H-MI-10,C00879510,America PAC,IMGE LLC,TEXTING SERVICE,2026,SE24.1335,4091020261596495064,2011266,F24,48,N,A,True,True,202609099904179064,https://docquery.fec.gov/cgi-bin/fecimg/?202609099904179064,2026-09-09,2026-09-09,2026-09-10,"HINES, CHRISTINA",DEM,G2026
2026-09-10,1350.00,support,2026-H-MI-07,MI-07 (2026),H2MI07123,Tom Barrett,H,MI,07,candidate_id,False,2026-H-MI-07,2026-H-MI-07,C00879510,America PAC,IMGE LLC,TEXTING SERVICE,2026,SE24.1336,4091020261596495065,2011266,F24,48,N,A,True,True,202609099904179065,https://docquery.fec.gov/cgi-bin/fecimg/?202609099904179065,2026-09-09,2026-09-09,2026-09-10,"BARRETT, THOMAS MORE",REP,G2026
2026-09-10,1350.00,oppose,2026-H-MI-07,MI-07 (2026),H6MI07298,William Lawrence,H,MI,07,candidate_id,False,2026-H-MI-07,2026-H-MI-07,C00879510,America PAC,IMGE LLC,TEXTING SERVICE,2026,SE24.1337,4091020261596495066,2011266,F24,48,N,A,True,True,202609099904179065,https://docquery.fec.gov/cgi-bin/fecimg/?202609099904179065,2026-09-09,2026-09-09,2026-09-10,"LAWRENCE, WILLIAM",DEM,G2026
2026-09-10,5849.35,support,2026-H-MI-08,MI-08 (2026),H6MI08312,Tom Smith,H,MI,08,candidate_id,False,2026-H-MI-08,2026-H-MI-08,C00879510,America PAC,IMGE LLC,TEXTING SERVICE,2026,SE24.1338,4091020261596495067,2011266,F24,48,N,A,True,True,202609099904179066,https://docquery.fec.gov/cgi-bin/fecimg/?202609099904179066,2026-09-09,2026-09-09,2026-09-10,"SMITH, THOMAS JAMES MR",REP,G2026
2026-09-10,5849.35,oppose,2026-H-MI-08,MI-08 (2026),H4MI08218,Kristen McDonald Rivet,H,MI,08,candidate_id,False,2026-H-MI-08,2026-H-MI-08,C00879510,America PAC,IMGE LLC,TEXTING SERVICE,2026,SE24.1339,4091020261596495068,2011266,F24,48,N,A,True,True,202609099904179066,https://docquery.fec.gov/cgi-bin/fecimg/?202609099904179066,2026-09-09,2026-09-09,2026-09-10,"MCDONALD RIVET, KRISTEN",DEM,G2026
2026-09-10,5448.63,support,2026-H-MI-04,MI-04 (2026),H0MI02094,Bill Huizenga,H,MI,04,candidate_id,False,2026-H-MI-04,2026-H-MI-04,C00879510,America PAC,IMGE LLC,TEXTING SERVICE,2026,SE24.1340,4091020261596495069,2011266,F24,48,N,A,True,True,202609099904179067,https://docquery.fec.gov/cgi-bin/fecimg/?202609099904179067,2026-09-09,2026-09-09,2026-09-10,"HUIZENGA, WILLIAM P",REP,G2026
2026-09-10,5448.63,oppose,2026-H-MI-04,MI-04 (2026),H6MI04204,Sean McCann,H,MI,04,candidate_id,False,2026-H-MI-04,2026-H-MI-04,C00879510,America PAC,IMGE LLC,TEXTING SERVICE,2026,SE24.1341,4091020261596495070,2011266,F24,48,N,A,True,True,202609099904179067,https://docquery.fec.gov/cgi-bin/fecimg/?202609099904179067,2026-09-09,2026-09-09,2026-09-10,"MCCANN, SEAN",DEM,G2026
2026-09-10,5875.08,support,2026-H-MI-07,MI-07 (2026),H2MI07123,Tom Barrett,H,MI,07,candidate_id,False,2026-H-MI-07,2026-H-MI-07,C00879510,America PAC,IMGE LLC,TEXTING SERVICE,2026,SE24.1342,4091020261596495071,2011266,F24,48,N,A,True,True,202609099904179068,https://docquery.fec.gov/cgi-bin/fecimg/?202609099904179068,2026-09-09,2026-09-09,2026-09-10,"BARRETT, THOMAS MORE",REP,G2026
2026-09-10,5875.07,oppose,2026-H-MI-07,MI-07 (2026),H6MI07298,William Lawrence,H,MI,07,candidate_id,False,2026-H-MI-07,2026-H-MI-07,C00879510,America PAC,IMGE LLC,TEXTING SERVICE,2026,SE24.1343,4091020261596495072,2011266,F24,48,N,A,True,True,202609099904179068,https://docquery.fec.gov/cgi-bin/fecimg/?202609099904179068,2026-09-09,2026-09-09,2026-09-10,"LAWRENCE, WILLIAM",DEM,G2026
2026-09-10,3538.29,support,2026-H-MI-10,MI-10 (2026),H6MI10359,Michael Bouchard,H,MI,10,candidate_id,False,2026-H-MI-10,2026-H-MI-10,C00879510,America PAC,IMGE LLC,TEXTING SERVICE,2026,SE24.1344,4091020261596495073,2011266,F24,48,N,A,True,True,202609099904179069,https://docquery.fec.gov/cgi-bin/fecimg/?202609099904179069,2026-09-09,2026-09-09,2026-09-10,"BOUCHARD, MICHAEL",REP,G2026
2026-09-10,3538.29,oppose,2026-H-MI-10,MI-10 (2026),H6MI10276,Christina Hines,H,MI,10,candidate_id,False,2026-H-MI-10,2026-H-MI-10,C00879510,America PAC,IMGE LLC,TEXTING SERVICE,2026,SE24.1345,4091020261596495074,2011266,F24,48,N,A,True,True,202609099904179069,https://docquery.fec.gov/cgi-bin/fecimg/?202609099904179069,2026-09-09,2026-09-09,2026-09-10,"HINES, CHRISTINA",DEM,G2026
2026-09-10,2224.97,support,2026-H-ME-02,ME-02 (2026),H6ME02148,Paul LePage,H,ME,02,candidate_id,False,2026-H-ME-02,2026-H-ME-02,C00879510,America PAC,IMGE LLC,TEXTING SERVICE,2026,SE24.1346,4091020261596495075,2011266,F24,48,N,A,True,True,202609099904179070,https://docquery.fec.gov/cgi-bin/fecimg/?202609099904179070,2026-09-09,2026-09-09,2026-09-10,"LEPAGE, PAUL",REP,G2026
2026-09-10,2224.97,oppose,2026-H-ME-02,ME-02 (2026),H6ME02171,Matt Dunlap,H,ME,02,candidate_id,False,2026-H-ME-02,2026-H-ME-02,C00879510,America PAC,IMGE LLC,TEXTING SERVICE,2026,SE24.1347,4091020261596495076,2011266,F24,48,N,A,True,True,202609099904179070,https://docquery.fec.gov/cgi-bin/fecimg/?202609099904179070,2026-09-09,2026-09-09,2026-09-10,"DUNLAP, MATT",DEM,G2026
2026-09-10,2720.55,support,2026-H-FL-25,FL-25 (2026),H6FL23188,Scott Singer,H,FL,25,candidate_id,False,2026-H-FL-25,2026-H-FL-25,C00879510,America PAC,IMGE LLC,TEXTING SERVICE,2026,SE24.1350,4091020261596495079,2011266,F24,48,N,A,True,True,202609099904179072,https://docquery.fec.gov/cgi-bin/fecimg/?202609099904179072,2026-09-09,2026-09-09,2026-09-10,"SINGER, SCOTT M.",REP,G2026
2026-09-10,2720.54,oppose,2026-H-FL-25,FL-25 (2026),H2FL22171,Jared Moskowitz,H,FL,25,candidate_id,False,2026-H-FL-25,2026-H-FL-25,C00879510,America PAC,IMGE LLC,TEXTING SERVICE,2026,SE24.1351,4091020261596495080,2011266,F24,48,N,A,True,True,202609099904179072,https://docquery.fec.gov/cgi-bin/fecimg/?202609099904179072,2026-09-09,2026-09-09,2026-09-10,"MOSKOWITZ, JARED",DEM,G2026
2026-09-10,590.00,support,2026-H-ME-02,ME-02 (2026),H6ME02148,Paul LePage,H,ME,02,candidate_id,False,2026-H-ME-02,2026-H-ME-02,C00879510,America PAC,IMGE LLC,TEXTING SERVICE,2026,SE24.1354,4091020261596495083,2011266,F24,48,N,A,True,True,202609099904179074,https://docquery.fec.gov/cgi-bin/fecimg/?202609099904179074,2026-09-09,2026-09-09,2026-09-10,"LEPAGE, PAUL",REP,G2026
2026-09-10,590.00,oppose,2026-H-ME-02,ME-02 (2026),H6ME02171,Matt Dunlap,H,ME,02,candidate_id,False,2026-H-ME-02,2026-H-ME-02,C00879510,America PAC,IMGE LLC,TEXTING SERVICE,2026,SE24.1355,4091020261596495084,2011266,F24,48,N,A,True,True,202609099904179074,https://docquery.fec.gov/cgi-bin/fecimg/?202609099904179074,2026-09-09,2026-09-09,2026-09-10,"DUNLAP, MATT",DEM,G2026
2026-09-10,19301.59,support,2026-S-MI,MI Senate (2026),S4MI00595,Mike Rogers,S,MI,00,candidate_id,False,2026-S-MI,2026-S-MI,C00879510,America PAC,IMGE LLC,TEXTING SERVICE,2026,SE24.1356,4091020261596495085,2011266,F24,48,N,A,True,True,202609099904179075,https://docquery.fec.gov/cgi-bin/fecimg/?202609099904179075,2026-09-09,2026-09-09,2026-09-10,"ROGERS, MICHAEL J",REP,G2026
2026-09-10,19301.58,oppose,2026-S-MI,MI Senate (2026),S6MI00418,Abdul El-Sayed,S,MI,00,candidate_id,False,2026-S-MI,2026-S-MI,C00879510,America PAC,IMGE LLC,TEXTING SERVICE,2026,SE24.1357,4091020261596495086,2011266,F24,48,N,A,True,True,202609099904179075,https://docquery.fec.gov/cgi-bin/fecimg/?202609099904179075,2026-09-09,2026-09-09,2026-09-10,"EL-SAYED, ABDUL",DEM,G2026
2026-09-10,42170.70,support,2026-H-NY-17,NY-17 (2026),H2NY17162,Michael Lawler,H,NY,17,candidate_id,False,2026-H-NY-17,2026-H-NY-17,C00879510,America PAC,CONNECTION STRATEGY LLC,MESSAGE PHONE CALLS,2026,SE24.1384,4091120261598241074,2011470,F24,48,N,A,True,True,202609109904190231,https://docquery.fec.gov/cgi-bin/fecimg/?202609109904190231,2026-09-10,2026-09-10,2026-09-10,"LAWLER, MICHAEL VINCENT",REP,G2026
2026-09-10,33449.90,support,2026-H-WA-03,WA-03 (2026),H6WA03275,John Braun,H,WA,03,candidate_id,False,2026-H-WA-03,2026-H-WA-03,C00879510,America PAC,CONNECTION STRATEGY LLC,MESSAGE PHONE CALLS,2026,SE24.1389,4091120261598241079,2011470,F24,48,N,A,True,True,202609109904190233,https://docquery.fec.gov/cgi-bin/fecimg/?202609109904190233,2026-09-10,2026-09-10,2026-09-10,"BRAUN, JOHN",REP,G2026
2026-09-10,42754.80,support,2026-H-NJ-07,NJ-07 (2026),H0NJ07261,"Thomas H. Kean, Jr.",H,NJ,07,candidate_id,False,2026-H-NJ-07,2026-H-NJ-07,C00879510,America PAC,CONNECTION STRATEGY LLC,MESSAGE PHONE CALLS,2026,SE24.1390,4091120261598241080,2011470,F24,48,N,A,True,True,202609109904190234,https://docquery.fec.gov/cgi-bin/fecimg/?202609109904190234,2026-09-10,2026-09-10,2026-09-10,"KEAN, THOMAS H. JR.",REP,G2026
2026-09-10,47089.90,support,2026-H-PA-07,PA-07 (2026),H8PA15195,Ryan Mackenzie,H,PA,07,candidate_id,False,2026-H-PA-07,2026-H-PA-07,C00879510,America PAC,CONNECTION STRATEGY LLC,MESSAGE PHONE CALLS,2026,SE24.1394,4091120261598241084,2011470,F24,48,N,A,True,True,202609109904190236,https://docquery.fec.gov/cgi-bin/fecimg/?202609109904190236,2026-09-10,2026-09-10,2026-09-10,"MACKENZIE, RYAN EDWARD",REP,G2026
2026-09-10,49787.65,support,2026-H-PA-08,PA-08 (2026),H4PA08124,Rob Bresnahan,H,PA,08,candidate_id,False,2026-H-PA-08,2026-H-PA-08,C00879510,America PAC,CONNECTION STRATEGY LLC,MESSAGE PHONE CALLS,2026,SE24.1395,4091120261598241085,2011470,F24,48,N,A,True,True,202609109904190236,https://docquery.fec.gov/cgi-bin/fecimg/?202609109904190236,2026-09-10,2026-09-10,2026-09-10,"BRESNAHAN, ROB",REP,G2026
2026-09-10,47089.90,support,2026-H-PA-10,PA-10 (2026),H2PA04135,Scott Perry,H,PA,10,candidate_id,False,2026-H-PA-10,2026-H-PA-10,C00879510,America PAC,CONNECTION STRATEGY LLC,MESSAGE PHONE CALLS,2026,SE24.1396,4091120261598241086,2011470,F24,48,N,A,True,True,202609109904190237,https://docquery.fec.gov/cgi-bin/fecimg/?202609109904190237,2026-09-10,2026-09-10,2026-09-10,"PERRY, SCOTT",REP,G2026
2026-09-10,30759.85,support,2026-H-VA-02,VA-02 (2026),H2VA02064,Jen Kiggans,H,VA,02,candidate_id,False,2026-H-VA-02,2026-H-VA-02,C00879510,America PAC,CONNECTION STRATEGY LLC,MESSAGE PHONE CALLS,2026,SE24.1397,4091120261598241087,2011470,F24,48,N,A,True,True,202609109904190237,https://docquery.fec.gov/cgi-bin/fecimg/?202609109904190237,2026-09-10,2026-09-10,2026-09-10,"KIGGANS, JENNIFER",REP,G2026
2026-09-10,20000.00,support,2026-S-MI,MI Senate (2026),S4MI00595,Mike Rogers,S,MI,00,candidate_id,False,2026-S-MI,2026-S-MI,C00879510,America PAC,IMGE LLC,DIGITAL MEDIA,2026,SE24.1406,4091220261598268135,2011659,F24,48,N,A,True,True,202609119904198215,https://docquery.fec.gov/cgi-bin/fecimg/?202609119904198215,2026-09-11,2026-09-11,2026-09-10,"ROGERS, MICHAEL J",REP,G2026
2026-09-10,20000.00,oppose,2026-S-MI,MI Senate (2026),S6MI00418,Abdul El-Sayed,S,MI,00,candidate_id,False,2026-S-MI,2026-S-MI,C00879510,America PAC,IMGE LLC,DIGITAL MEDIA,2026,SE24.1407,4091220261598268136,2011659,F24,48,N,A,True,True,202609119904198216,https://docquery.fec.gov/cgi-bin/fecimg/?202609119904198216,2026-09-11,2026-09-11,2026-09-10,"EL-SAYED, ABDUL",DEM,G2026
2026-09-11,295.00,support,2026-S-MI,MI Senate (2026),S4MI00595,Mike Rogers,S,MI,00,candidate_id,False,2026-S-MI,2026-S-MI,C00879510,America PAC,IMGE LLC,TEXTING SERVICE,2026,SE24.1348,4091020261596495077,2011266,F24,48,N,A,True,True,202609099904179071,https://docquery.fec.gov/cgi-bin/fecimg/?202609099904179071,2026-09-09,2026-09-09,2026-09-11,"ROGERS, MICHAEL J",REP,G2026
2026-09-11,295.00,oppose,2026-S-MI,MI Senate (2026),S6MI00418,Abdul El-Sayed,S,MI,00,candidate_id,False,2026-S-MI,2026-S-MI,C00879510,America PAC,IMGE LLC,TEXTING SERVICE,2026,SE24.1349,4091020261596495078,2011266,F24,48,N,A,True,True,202609099904179071,https://docquery.fec.gov/cgi-bin/fecimg/?202609099904179071,2026-09-09,2026-09-09,2026-09-11,"EL-SAYED, ABDUL",DEM,G2026
2026-09-11,1012.50,support,2026-H-FL-25,FL-25 (2026),H6FL23188,Scott Singer,H,FL,25,candidate_id,False,2026-H-FL-25,2026-H-FL-25,C00879510,America PAC,IMGE LLC,TEXTING SERVICE,2026,SE24.1352,4091020261596495081,2011266,F24,48,N,A,True,True,202609099904179073,https://docquery.fec.gov/cgi-bin/fecimg/?202609099904179073,2026-09-09,2026-09-09,2026-09-11,"SINGER, SCOTT M.",REP,G2026
2026-09-11,1012.50,oppose,2026-H-FL-25,FL-25 (2026),H2FL22171,Jared Moskowitz,H,FL,25,candidate_id,False,2026-H-FL-25,2026-H-FL-25,C00879510,America PAC,IMGE LLC,TEXTING SERVICE,2026,SE24.1353,4091020261596495082,2011266,F24,48,N,A,True,True,202609099904179073,https://docquery.fec.gov/cgi-bin/fecimg/?202609099904179073,2026-09-09,2026-09-09,2026-09-11,"MOSKOWITZ, JARED",DEM,G2026
2026-09-12,19292.48,oppose,2026-S-IA,IA Senate (2026),S6IA00298,Josh Turek,S,IA,00,candidate_id,False,2026-S-IA,2026-S-IA,C00879510,America PAC,IMGE LLC,TEXTING SERVICE,2026,SE24.1404,4091220261598268134,2011659,F24,48,N,A,True,True,202609119904198215,https://docquery.fec.gov/cgi-bin/fecimg/?202609119904198215,2026-09-11,2026-09-11,2026-09-12,"TUREK, JOSHUA",DEM,G2026
2026-09-14,20384.50,support,2026-S-AK,AK Senate (2026),S4AK00214,Dan Sullivan,S,AK,00,candidate_id,False,2026-S-AK,2026-S-AK,C00879510,America PAC,THE BAKER GROUP LLC,PRINTING/POSTAGE,2026,SE24.1398,4091220261598268137,2011659,F24,48,N,A,True,True,202609119904198216,https://docquery.fec.gov/cgi-bin/fecimg/?202609119904198216,2026-09-11,2026-09-11,2026-09-14,"SULLIVAN, DAN",REP,G2026
2026-09-14,20384.50,oppose,2026-S-AK,AK Senate (2026),S6AK00276,Mary Peltola,S,AK,00,candidate_id,False,2026-S-AK,2026-S-AK,C00879510,America PAC,THE BAKER GROUP LLC,PRINTING/POSTAGE,2026,SE24.1399,4091220261598268138,2011659,F24,48,N,A,True,True,202609119904198217,https://docquery.fec.gov/cgi-bin/fecimg/?202609119904198217,2026-09-11,2026-09-11,2026-09-14,"PELTOLA, MARY",DEM,G2026
2026-09-14,30917.23,support,2026-H-CA-22,CA-22 (2026),H2CA20094,David G. Valadao,H,CA,22,candidate_id,False,2026-H-CA-22,2026-H-CA-22,C00879510,America PAC,CALIBER CONTACT,PRINTING,2026,SE24.1416,4091520261598532027,2011920,F24,48,N,A,True,True,202609149904205607,https://docquery.fec.gov/cgi-bin/fecimg/?202609149904205607,2026-09-14,2026-09-14,2026-09-14,"VALADAO, DAVID",REP,G2026
2026-09-14,49147.70,support,2026-H-AZ-06,AZ-06 (2026),H2AZ02360,Juan Ciscomani,H,AZ,06,candidate_id,False,2026-H-AZ-06,2026-H-AZ-06,C00879510,America PAC,CALIBER CONTACT,PRINTING/POSTAGE,2026,SE24.1417,4091520261598532028,2011920,F24,48,N,A,True,True,202609149904205607,https://docquery.fec.gov/cgi-bin/fecimg/?202609149904205607,2026-09-14,2026-09-14,2026-09-14,"CISCOMANI, JUAN",REP,G2026
2026-09-14,3824.16,oppose,2026-H-WI-03,WI-03 (2026),H4WI03169,Rebecca Cooke,H,WI,03,candidate_id,False,2026-H-WI-03,2026-H-WI-03,C00879510,America PAC,IMGE LLC,TEXTING SERVICE,2026,SE24.1438,4091620261598620011,2012126,F24,48,N,A,True,True,202609159904217894,https://docquery.fec.gov/cgi-bin/fecimg/?202609159904217894,2026-09-15,2026-09-15,2026-09-14,"COOKE, REBECCA",DEM,G2026
2026-09-15,164363.00,oppose,2026-S-IA,IA Senate (2026),S6IA00298,Josh Turek,S,IA,00,candidate_id,False,2026-S-IA,2026-S-IA,C00879510,America PAC,THE BAKER GROUP LLC,PRINTING/POSTAGE,2026,SE24.1402,4091220261598268141,2011659,F24,48,N,A,True,True,202609119904198218,https://docquery.fec.gov/cgi-bin/fecimg/?202609119904198218,2026-09-11,2026-09-11,2026-09-15,"TUREK, JOSHUA",DEM,G2026
2026-09-15,30241.88,support,2026-H-CO-08,CO-08 (2026),H4CO08034,Gabe Evans,H,CO,08,candidate_id,False,2026-H-CO-08,2026-H-CO-08,C00879510,America PAC,CALIBER CONTACT,PRINTING/POSTAGE,2026,SE24.1414,4091520261598532025,2011920,F24,48,N,A,True,True,202609149904205606,https://docquery.fec.gov/cgi-bin/fecimg/?202609149904205606,2026-09-14,2026-09-14,2026-09-15,"EVANS, TIMOTHY GABRIEL JOSEPH",REP,G2026
2026-09-15,43474.86,support,2026-H-WA-03,WA-03 (2026),H6WA03275,John Braun,H,WA,03,candidate_id,False,2026-H-WA-03,2026-H-WA-03,C00879510,America PAC,CALIBER CONTACT,PRINTING/POSTAGE,2026,SE24.1415,4091520261598532026,2011920,F24,48,N,A,True,True,202609149904205606,https://docquery.fec.gov/cgi-bin/fecimg/?202609149904205606,2026-09-14,2026-09-14,2026-09-15,"BRAUN, JOHN",REP,G2026
2026-09-15,49695.42,support,2026-H-AZ-01,AZ-01 (2026),H6AZ05190,Jay Feely,H,AZ,01,candidate_id,False,2026-H-AZ-01,2026-H-AZ-01,C00879510,America PAC,CALIBER CONTACT,PRINTING/POSTAGE,2026,SE24.1418,4091520261598532029,2011920,F24,48,N,A,True,True,202609149904205608,https://docquery.fec.gov/cgi-bin/fecimg/?202609149904205608,2026-09-14,2026-09-14,2026-09-15,"FEELY, THOMAS JAMES",REP,G2026
2026-09-15,197742.57,support,2026-S-MI,MI Senate (2026),S4MI00595,Mike Rogers,S,MI,00,candidate_id,False,2026-S-MI,2026-S-MI,C00879510,America PAC,RED ZONE STRATEGIC LLC,PRINTING/POSTAGE,2026,SE24.1419,4091520261598532039,2011920,F24,48,N,A,True,True,202609149904205613,https://docquery.fec.gov/cgi-bin/fecimg/?202609149904205613,2026-09-14,2026-09-14,2026-09-15,"ROGERS, MICHAEL J",REP,G2026
2026-09-15,197742.56,oppose,2026-S-MI,MI Senate (2026),S6MI00418,Abdul El-Sayed,S,MI,00,candidate_id,False,2026-S-MI,2026-S-MI,C00879510,America PAC,RED ZONE STRATEGIC LLC,PRINTING/POSTAGE,2026,SE24.1420,4091520261598532040,2011920,F24,48,N,A,True,True,202609149904205613,https://docquery.fec.gov/cgi-bin/fecimg/?202609149904205613,2026-09-14,2026-09-14,2026-09-15,"EL-SAYED, ABDUL",DEM,G2026
2026-09-15,219129.49,support,2026-S-OH,OH Senate (2026),S6OH00304,Jon Husted,S,OH,00,candidate_id,False,2026-S-OH,2026-S-OH,C00879510,America PAC,RED ZONE STRATEGIC LLC,PRINTING/POSTAGE,2026,SE24.1421,4091520261598532041,2011920,F24,48,N,A,True,True,202609149904205614,https://docquery.fec.gov/cgi-bin/fecimg/?202609149904205614,2026-09-14,2026-09-14,2026-09-15,"HUSTED, JON",REP,G2026
2026-09-15,219129.49,oppose,2026-S-OH,OH Senate (2026),S6OH00163,Sherrod Brown,S,OH,00,candidate_id,False,2026-S-OH,2026-S-OH,C00879510,America PAC,RED ZONE STRATEGIC LLC,PRINTING/POSTAGE,2026,SE24.1422,4091520261598532042,2011920,F24,48,N,A,True,True,202609149904205614,https://docquery.fec.gov/cgi-bin/fecimg/?202609149904205614,2026-09-14,2026-09-14,2026-09-15,"BROWN, SHERROD",DEM,G2026
2026-09-15,48500.00,oppose,2026-H-VA-02,VA-02 (2026),H6VA02198,Elaine Luria,H,VA,02,candidate_id,False,2026-H-VA-02,2026-H-VA-02,C00879510,America PAC,FULL REACH MEDIA GROUP LLC,DIGITAL MEDIA,2026,SE24.1423,4091520261598532030,2011920,F24,48,N,A,True,True,202609149904205608,https://docquery.fec.gov/cgi-bin/fecimg/?202609149904205608,2026-09-14,2026-09-14,2026-09-15,"LURIA, ELAINE",DEM,G2026
2026-09-15,42837.51,oppose,2026-H-VA-02,VA-02 (2026),H6VA02198,Elaine Luria,H,VA,02,candidate_id,False,2026-H-VA-02,2026-H-VA-02,C00879510,America PAC,IMGE LLC,DIGITAL MEDIA,2026,SE24.1425,4091520261598532031,2011920,F24,48,N,A,True,True,202609149904205609,https://docquery.fec.gov/cgi-bin/fecimg/?202609149904205609,2026-09-14,2026-09-14,2026-09-15,"LURIA, ELAINE",DEM,G2026
2026-09-15,665.00,support,2026-S-OH,OH Senate (2026),S6OH00304,Jon Husted,S,OH,00,candidate_id,False,2026-S-OH,2026-S-OH,C00879510,America PAC,RED ZONE STRATEGIC LLC,PRINTING,2026,SE24.1426,4091520261598532043,2011920,F24,48,N,A,True,True,202609149904205615,https://docquery.fec.gov/cgi-bin/fecimg/?202609149904205615,2026-09-14,2026-09-14,2026-09-15,"HUSTED, JON",REP,G2026
2026-09-15,20464.00,support,2026-H-VA-02,VA-02 (2026),H2VA02064,Jen Kiggans,H,VA,02,candidate_id,False,2026-H-VA-02,2026-H-VA-02,C00879510,America PAC,STORYTELLERS GROUP LLC,PRINTING/POSTAGE,2026,SE24.1432,4091620261598620014,2012126,F24,48,N,A,True,True,202609159904217895,https://docquery.fec.gov/cgi-bin/fecimg/?202609159904217895,2026-09-15,2026-09-15,2026-09-15,"KIGGANS, JENNIFER",REP,G2026
2026-09-15,20464.00,oppose,2026-H-VA-02,VA-02 (2026),H6VA02198,Elaine Luria,H,VA,02,candidate_id,False,2026-H-VA-02,2026-H-VA-02,C00879510,America PAC,STORYTELLERS GROUP LLC,PRINTING/POSTAGE,2026,SE24.1433,4091620261598620015,2012126,F24,48,N,A,True,True,202609159904217896,https://docquery.fec.gov/cgi-bin/fecimg/?202609159904217896,2026-09-15,2026-09-15,2026-09-15,"LURIA, ELAINE",DEM,G2026
2026-09-15,35142.00,oppose,2026-S-IA,IA Senate (2026),S6IA00298,Josh Turek,S,IA,00,candidate_id,False,2026-S-IA,2026-S-IA,C00879510,America PAC,THE BAKER GROUP LLC,PRINTING/POSTAGE,2026,SE24.1469,4091820261598920157,2012867,F24,48,N,A,True,True,202609179904302344,https://docquery.fec.gov/cgi-bin/fecimg/?202609179904302344,2026-09-17,2026-09-17,2026-09-15,"TUREK, JOSHUA",DEM,G2026
2026-09-16,21328.88,support,2026-S-NH,NH Senate (2026),S6NH00208,John Sununu,S,NH,00,candidate_id,False,2026-S-NH,2026-S-NH,C00879510,America PAC,RED MAVERICK MEDIA LLC,PRINTING,2026,SE24.1408,4091520261598532032,2011920,F24,48,N,A,True,True,202609149904205609,https://docquery.fec.gov/cgi-bin/fecimg/?202609149904205609,2026-09-14,2026-09-14,2026-09-16,"SUNUNU, JOHN E",REP,G2026
2026-09-16,21328.87,oppose,2026-S-NH,NH Senate (2026),S6NH00141,Chris Pappas,S,NH,00,candidate_id,False,2026-S-NH,2026-S-NH,C00879510,America PAC,RED MAVERICK MEDIA LLC,PRINTING,2026,SE24.1409,4091520261598532033,2011920,F24,48,N,A,True,True,202609149904205610,https://docquery.fec.gov/cgi-bin/fecimg/?202609149904205610,2026-09-14,2026-09-14,2026-09-16,"PAPPAS, CHRIS",DEM,G2026
2026-09-18,505.00,oppose,2026-S-NH,NH Senate (2026),S6NH00141,Chris Pappas,S,NH,00,candidate_id,False,2026-S-NH,2026-S-NH,C00879510,America PAC,IMGE LLC,TEXTING SERVICE,2026,SE24.1370,4091120261598241088,2011470,F24,48,N,A,True,True,202609109904190238,https://docquery.fec.gov/cgi-bin/fecimg/?202609109904190238,2026-09-10,2026-09-10,2026-09-18,"PAPPAS, CHRIS",DEM,G2026
2026-09-18,505.00,oppose,2026-S-ME,ME Senate (2026),S6ME00464,Troy Jackson,S,ME,00,candidate_id,False,2026-S-ME,2026-S-ME,C00879510,America PAC,IMGE LLC,TEXTING SERVICE,2026,SE24.1371,4091120261598241089,2011470,F24,48,N,A,True,True,202609109904190238,https://docquery.fec.gov/cgi-bin/fecimg/?202609109904190238,2026-09-10,2026-09-10,2026-09-18,"JACKSON, TROY DALE",DEM,G2026
2026-09-18,4020.13,oppose,2026-S-NH,NH Senate (2026),S6NH00141,Chris Pappas,S,NH,00,candidate_id,False,2026-S-NH,2026-S-NH,C00879510,America PAC,IMGE LLC,TEXTING SERVICE,2026,SE24.1372,4091120261598241090,2011470,F24,48,N,A,True,True,202609109904190239,https://docquery.fec.gov/cgi-bin/fecimg/?202609109904190239,2026-09-10,2026-09-10,2026-09-18,"PAPPAS, CHRIS",DEM,G2026
2026-09-18,3305.30,oppose,2026-S-ME,ME Senate (2026),S6ME00464,Troy Jackson,S,ME,00,candidate_id,False,2026-S-ME,2026-S-ME,C00879510,America PAC,IMGE LLC,TEXTING SERVICE,2026,SE24.1374,4091120261598241091,2011470,F24,48,N,A,True,True,202609109904190239,https://docquery.fec.gov/cgi-bin/fecimg/?202609109904190239,2026-09-10,2026-09-10,2026-09-18,"JACKSON, TROY DALE",DEM,G2026
2026-09-18,1600.00,support,2026-S-MI,MI Senate (2026),S4MI00595,Mike Rogers,S,MI,00,candidate_id,False,2026-S-MI,2026-S-MI,C00879510,America PAC,RED ZONE STRATEGIC LLC,PRINTING,2026,SE24.1449,4091620261598620263,2012435,F24,48,N,A,True,True,202609169904267676,https://docquery.fec.gov/cgi-bin/fecimg/?202609169904267676,2026-09-16,2026-09-16,2026-09-18,"ROGERS, MICHAEL J",REP,G2026
2026-09-18,15978.00,support,2026-S-AK,AK Senate (2026),S4AK00214,Dan Sullivan,S,AK,00,candidate_id,False,2026-S-AK,2026-S-AK,C00879510,America PAC,THE BAKER GROUP LLC,PRINTING,2026,SE24.1470,4091820261598920158,2012867,F24,48,N,A,True,True,202609179904302344,https://docquery.fec.gov/cgi-bin/fecimg/?202609179904302344,2026-09-17,2026-09-17,2026-09-18,"SULLIVAN, DAN",REP,G2026
2026-09-19,63500.00,oppose,2026-H-TX-35,TX-35 (2026),H6TX35095,Johnny Garcia,H,TX,35,candidate_id,False,2026-H-TX-35,2026-H-TX-35,C00879510,America PAC,FULL REACH MEDIA GROUP LLC,DIGITAL MEDIA,2026,SE24.1441,4091620261598620005,2012126,F24,48,N,A,True,True,202609159904217891,https://docquery.fec.gov/cgi-bin/fecimg/?202609159904217891,2026-09-15,2026-09-15,2026-09-19,"GARCIA, JOHNNY",DEM,G2026
2026-09-19,2500.00,support,2026-H-TX-35,TX-35 (2026),H6TX35087,Carlos De La Cruz,H,TX,35,candidate_id,False,2026-H-TX-35,2026-H-TX-35,C00879510,America PAC,FULL REACH MEDIA GROUP LLC,DIGITAL MEDIA,2026,SE24.1442,4091620261598620006,2012126,F24,48,N,A,True,True,202609159904217891,https://docquery.fec.gov/cgi-bin/fecimg/?202609159904217891,2026-09-15,2026-09-15,2026-09-19,"DE LA CRUZ, CARLOS JR.",REP,G2026
2026-09-19,5000.00,oppose,2026-H-TX-15,TX-15 (2026),H6TX15246,Bobby Pulido,H,TX,15,candidate_id,False,2026-H-TX-15,2026-H-TX-15,C00879510,America PAC,FULL REACH MEDIA GROUP LLC,DIGITAL MEDIA,2026,SE24.1443,4091620261598620007,2012126,F24,48,N,A,True,True,202609159904217892,https://docquery.fec.gov/cgi-bin/fecimg/?202609159904217892,2026-09-15,2026-09-15,2026-09-19,"PULIDO, BOBBY",DEM,G2026
2026-09-19,5000.00,oppose,2026-H-TX-23,TX-23 (2026),H6TX23273,Katy Padilla Stout,H,TX,23,candidate_id,False,2026-H-TX-23,2026-H-TX-23,C00879510,America PAC,FULL REACH MEDIA GROUP LLC,DIGITAL MEDIA,2026,SE24.1444,4091620261598620008,2012126,F24,48,N,A,True,True,202609159904217892,https://docquery.fec.gov/cgi-bin/fecimg/?202609159904217892,2026-09-15,2026-09-15,2026-09-19,"STOUT, KATY PADILLA",DEM,G2026
2026-09-19,5000.00,oppose,2026-H-TX-34,TX-34 (2026),H6TX15162,Vicente Gonzalez,H,TX,34,candidate_id,False,2026-H-TX-34,2026-H-TX-34,C00879510,America PAC,FULL REACH MEDIA GROUP LLC,DIGITAL MEDIA,2026,SE24.1445,4091620261598620009,2012126,F24,48,N,A,True,True,202609159904217893,https://docquery.fec.gov/cgi-bin/fecimg/?202609159904217893,2026-09-15,2026-09-15,2026-09-19,"GONZALEZ, VICENTE",DEM,G2026
2026-09-19,5000.00,oppose,2026-H-TX-28,TX-28 (2026),H2TX23082,Henry Cuellar,H,TX,28,candidate_id,False,2026-H-TX-28,2026-H-TX-28,C00879510,America PAC,FULL REACH MEDIA GROUP LLC,DIGITAL MEDIA,2026,SE24.1446,4091620261598620010,2012126,F24,48,N,A,True,True,202609159904217893,https://docquery.fec.gov/cgi-bin/fecimg/?202609159904217893,2026-09-15,2026-09-15,2026-09-19,"CUELLAR, HENRY R.",DEM,G2026
2026-09-19,3130.67,oppose,2026-H-VA-02,VA-02 (2026),H6VA02198,Elaine Luria,H,VA,02,candidate_id,False,2026-H-VA-02,2026-H-VA-02,C00879510,America PAC,IMGE LLC,TEXTING SERVICE,2026,SE24.1461,4091820261598920149,2012867,F24,48,N,A,True,True,202609179904302340,https://docquery.fec.gov/cgi-bin/fecimg/?202609179904302340,2026-09-17,2026-09-17,2026-09-19,"LURIA, ELAINE",DEM,G2026
2026-09-19,9758.05,support,2026-H-TX-15,TX-15 (2026),H0TX15124,Monica De La Cruz,H,TX,15,candidate_id,False,2026-H-TX-15,2026-H-TX-15,C00879510,America PAC,IMGE LLC,DIGITAL MEDIA,2026,SE24.1484,4091920261598950098,2013960,F24,48,N,A,True,True,202609189904424526,https://docquery.fec.gov/cgi-bin/fecimg/?202609189904424526,2026-09-18,2026-09-18,2026-09-19,"DE LA CRUZ, MONICA",REP,G2026
2026-09-19,9758.05,oppose,2026-H-TX-15,TX-15 (2026),H6TX15246,Bobby Pulido,H,TX,15,candidate_id,False,2026-H-TX-15,2026-H-TX-15,C00879510,America PAC,IMGE LLC,DIGITAL MEDIA,2026,SE24.1485,4091920261598950099,2013960,F24,48,N,A,True,True,202609189904424526,https://docquery.fec.gov/cgi-bin/fecimg/?202609189904424526,2026-09-18,2026-09-18,2026-09-19,"PULIDO, BOBBY",DEM,G2026
2026-09-19,13466.54,support,2026-H-TX-23,TX-23 (2026),H4TX23120,Brandon Herrera,H,TX,23,candidate_id,False,2026-H-TX-23,2026-H-TX-23,C00879510,America PAC,IMGE LLC,DIGITAL MEDIA,2026,SE24.1486,4091920261598950100,2013960,F24,48,N,A,True,True,202609189904424527,https://docquery.fec.gov/cgi-bin/fecimg/?202609189904424527,2026-09-18,2026-09-18,2026-09-19,"HERRERA, BRANDON",REP,G2026
2026-09-19,13466.54,oppose,2026-H-TX-23,TX-23 (2026),H6TX23273,Katy Padilla Stout,H,TX,23,candidate_id,False,2026-H-TX-23,2026-H-TX-23,C00879510,America PAC,IMGE LLC,DIGITAL MEDIA,2026,SE24.1487,4091920261598950101,2013960,F24,48,N,A,True,True,202609189904424527,https://docquery.fec.gov/cgi-bin/fecimg/?202609189904424527,2026-09-18,2026-09-18,2026-09-19,"STOUT, KATY PADILLA",DEM,G2026
2026-09-19,13455.54,support,2026-H-TX-28,TX-28 (2026),H6TX28124,Tano Tijerina,H,TX,28,candidate_id,False,2026-H-TX-28,2026-H-TX-28,C00879510,America PAC,IMGE LLC,DIGITAL MEDIA,2026,SE24.1488,4091920261598950102,2013960,F24,48,N,A,True,True,202609189904424528,https://docquery.fec.gov/cgi-bin/fecimg/?202609189904424528,2026-09-18,2026-09-18,2026-09-19,"TIJERINA, TANO",REP,G2026
2026-09-19,13455.53,oppose,2026-H-TX-28,TX-28 (2026),H2TX23082,Henry Cuellar,H,TX,28,candidate_id,False,2026-H-TX-28,2026-H-TX-28,C00879510,America PAC,IMGE LLC,DIGITAL MEDIA,2026,SE24.1489,4091920261598950103,2013960,F24,48,N,A,True,True,202609189904424528,https://docquery.fec.gov/cgi-bin/fecimg/?202609189904424528,2026-09-18,2026-09-18,2026-09-19,"CUELLAR, HENRY R.",DEM,G2026
2026-09-19,9134.96,support,2026-H-TX-34,TX-34 (2026),H6TX34080,Eric Flores,H,TX,34,candidate_id,False,2026-H-TX-34,2026-H-TX-34,C00879510,America PAC,IMGE LLC,DIGITAL MEDIA,2026,SE24.1490,4091920261598950104,2013960,F24,48,N,A,True,True,202609189904424529,https://docquery.fec.gov/cgi-bin/fecimg/?202609189904424529,2026-09-18,2026-09-18,2026-09-19,"FLORES, ERIC",REP,G2026
2026-09-19,9134.96,oppose,2026-H-TX-34,TX-34 (2026),H6TX15162,Vicente Gonzalez,H,TX,34,candidate_id,False,2026-H-TX-34,2026-H-TX-34,C00879510,America PAC,IMGE LLC,DIGITAL MEDIA,2026,SE24.1491,4091920261598950105,2013960,F24,48,N,A,True,True,202609189904424529,https://docquery.fec.gov/cgi-bin/fecimg/?202609189904424529,2026-09-18,2026-09-18,2026-09-19,"GONZALEZ, VICENTE",DEM,G2026
2026-09-19,11328.79,support,2026-H-TX-35,TX-35 (2026),H6TX35087,Carlos De La Cruz,H,TX,35,candidate_id,False,2026-H-TX-35,2026-H-TX-35,C00879510,America PAC,IMGE LLC,DIGITAL MEDIA,2026,SE24.1492,4091920261598950106,2013960,F24,48,N,A,True,True,202609189904424530,https://docquery.fec.gov/cgi-bin/fecimg/?202609189904424530,2026-09-18,2026-09-18,2026-09-19,"DE LA CRUZ, CARLOS JR.",REP,G2026
2026-09-19,11328.78,oppose,2026-H-TX-35,TX-35 (2026),H6TX35095,Johnny Garcia,H,TX,35,candidate_id,False,2026-H-TX-35,2026-H-TX-35,C00879510,America PAC,IMGE LLC,DIGITAL MEDIA,2026,SE24.1493,4091920261598950107,2013960,F24,48,N,A,True,True,202609189904424530,https://docquery.fec.gov/cgi-bin/fecimg/?202609189904424530,2026-09-18,2026-09-18,2026-09-19,"GARCIA, JOHNNY",DEM,G2026
2026-09-20,61000.00,oppose,2026-S-TX,TX Senate (2026),S6TX00479,James Talarico,S,TX,00,candidate_id,False,2026-S-TX,2026-S-TX,C00879510,America PAC,FULL REACH MEDIA GROUP LLC,DIGITAL MEDIA,2026,SE24.1428,4091620261598620001,2012126,F24,48,N,A,True,True,202609159904217889,https://docquery.fec.gov/cgi-bin/fecimg/?202609159904217889,2026-09-15,2026-09-15,2026-09-20,"TALARICO, JAMES",DEM,G2026
2026-09-20,61000.00,oppose,2026-S-AK,AK Senate (2026),S6AK00276,Mary Peltola,S,AK,00,candidate_id,False,2026-S-AK,2026-S-AK,C00879510,America PAC,FULL REACH MEDIA GROUP LLC,DIGITAL MEDIA,2026,SE24.1429,4091620261598620002,2012126,F24,48,N,A,True,True,202609159904217889,https://docquery.fec.gov/cgi-bin/fecimg/?202609159904217889,2026-09-15,2026-09-15,2026-09-20,"PELTOLA, MARY",DEM,G2026
2026-09-20,61000.00,oppose,2026-S-OH,OH Senate (2026),S6OH00163,Sherrod Brown,S,OH,00,candidate_id,False,2026-S-OH,2026-S-OH,C00879510,America PAC,FULL REACH MEDIA GROUP LLC,DIGITAL MEDIA,2026,SE24.1430,4091620261598620003,2012126,F24,48,N,A,True,True,202609159904217890,https://docquery.fec.gov/cgi-bin/fecimg/?202609159904217890,2026-09-15,2026-09-15,2026-09-20,"BROWN, SHERROD",DEM,G2026
2026-09-20,61000.00,oppose,2026-S-IA,IA Senate (2026),S6IA00298,Josh Turek,S,IA,00,candidate_id,False,2026-S-IA,2026-S-IA,C00879510,America PAC,FULL REACH MEDIA GROUP LLC,DIGITAL MEDIA,2026,SE24.1431,4091620261598620004,2012126,F24,48,N,A,True,True,202609159904217890,https://docquery.fec.gov/cgi-bin/fecimg/?202609159904217890,2026-09-15,2026-09-15,2026-09-20,"TUREK, JOSHUA",DEM,G2026
2026-09-20,40000.00,oppose,2026-S-MI,MI Senate (2026),S6MI00418,Abdul El-Sayed,S,MI,00,candidate_id,False,2026-S-MI,2026-S-MI,C00879510,America PAC,IMGE LLC,DIGITAL MEDIA,2026,SE24.1462,4091820261598920150,2012867,F24,48,N,A,True,True,202609179904302340,https://docquery.fec.gov/cgi-bin/fecimg/?202609179904302340,2026-09-17,2026-09-17,2026-09-20,"EL-SAYED, ABDUL",DEM,G2026
2026-09-20,673377.95,oppose,2026-S-MI,MI Senate (2026),S6MI00418,Abdul El-Sayed,S,MI,00,candidate_id,False,2026-S-MI,2026-S-MI,C00879510,America PAC,IMGE LLC,DIGITAL MEDIA,2026,SE24.1463,4091820261598920151,2012867,F24,48,N,A,True,True,202609179904302341,https://docquery.fec.gov/cgi-bin/fecimg/?202609179904302341,2026-09-17,2026-09-17,2026-09-20,"EL-SAYED, ABDUL",DEM,G2026
2026-09-20,40424.27,oppose,2026-S-AK,AK Senate (2026),S6AK00276,Mary Peltola,S,AK,00,candidate_id,False,2026-S-AK,2026-S-AK,C00879510,America PAC,IMGE LLC,DIGITAL MEDIA,2026,SE24.1464,4091820261598920152,2012867,F24,48,N,A,True,True,202609179904302341,https://docquery.fec.gov/cgi-bin/fecimg/?202609179904302341,2026-09-17,2026-09-17,2026-09-20,"PELTOLA, MARY",DEM,G2026
2026-09-20,572506.00,oppose,2026-S-OH,OH Senate (2026),S6OH00163,Sherrod Brown,S,OH,00,candidate_id,False,2026-S-OH,2026-S-OH,C00879510,America PAC,IMGE LLC,DIGITAL MEDIA,2026,SE24.1465,4091820261598920153,2012867,F24,48,N,A,True,True,202609179904302342,https://docquery.fec.gov/cgi-bin/fecimg/?202609179904302342,2026-09-17,2026-09-17,2026-09-20,"BROWN, SHERROD",DEM,G2026
2026-09-20,1362443.00,oppose,2026-S-TX,TX Senate (2026),S6TX00479,James Talarico,S,TX,00,candidate_id,False,2026-S-TX,2026-S-TX,C00879510,America PAC,IMGE LLC,DIGITAL MEDIA,2026,SE24.1466,4091820261598920154,2012867,F24,48,N,A,True,True,202609179904302342,https://docquery.fec.gov/cgi-bin/fecimg/?202609179904302342,2026-09-17,2026-09-17,2026-09-20,"TALARICO, JAMES",DEM,G2026
2026-09-20,40000.00,oppose,2026-S-NH,NH Senate (2026),S6NH00141,Chris Pappas,S,NH,00,candidate_id,False,2026-S-NH,2026-S-NH,C00879510,America PAC,IMGE LLC,DIGITAL MEDIA,2026,SE24.1480,4091920261598950094,2013960,F24,48,N,A,True,True,202609189904424524,https://docquery.fec.gov/cgi-bin/fecimg/?202609189904424524,2026-09-18,2026-09-18,2026-09-20,"PAPPAS, CHRIS",DEM,G2026
2026-09-20,40000.00,oppose,2026-S-ME,ME Senate (2026),S6ME00464,Troy Jackson,S,ME,00,candidate_id,False,2026-S-ME,2026-S-ME,C00879510,America PAC,IMGE LLC,DIGITAL MEDIA,2026,SE24.1481,4091920261598950095,2013960,F24,48,N,A,True,True,202609189904424524,https://docquery.fec.gov/cgi-bin/fecimg/?202609189904424524,2026-09-18,2026-09-18,2026-09-20,"JACKSON, TROY DALE",DEM,G2026
2026-09-20,81310.98,oppose,2026-S-NH,NH Senate (2026),S6NH00141,Chris Pappas,S,NH,00,candidate_id,False,2026-S-NH,2026-S-NH,C00879510,America PAC,IMGE LLC,DIGITAL MEDIA,2026,SE24.1482,4091920261598950096,2013960,F24,48,N,A,True,True,202609189904424525,https://docquery.fec.gov/cgi-bin/fecimg/?202609189904424525,2026-09-18,2026-09-18,2026-09-20,"PAPPAS, CHRIS",DEM,G2026
2026-09-20,97361.14,oppose,2026-S-ME,ME Senate (2026),S6ME00464,Troy Jackson,S,ME,00,candidate_id,False,2026-S-ME,2026-S-ME,C00879510,America PAC,IMGE LLC,DIGITAL MEDIA,2026,SE24.1483,4091920261598950097,2013960,F24,48,N,A,True,True,202609189904424525,https://docquery.fec.gov/cgi-bin/fecimg/?202609189904424525,2026-09-18,2026-09-18,2026-09-20,"JACKSON, TROY DALE",DEM,G2026
2026-09-20,150695.94,oppose,2026-S-IA,IA Senate (2026),S6IA00298,Josh Turek,S,IA,00,candidate_id,False,2026-S-IA,2026-S-IA,C00879510,America PAC,IMGE LLC,DIGITAL MEDIA,2026,SE24.1494,4091920261598950108,2013960,F24,48,N,A,True,True,202609189904424531,https://docquery.fec.gov/cgi-bin/fecimg/?202609189904424531,2026-09-18,2026-09-18,2026-09-20,"TUREK, JOSHUA",DEM,G2026
2026-09-21,20384.50,support,2026-S-AK,AK Senate (2026),S4AK00214,Dan Sullivan,S,AK,00,candidate_id,False,2026-S-AK,2026-S-AK,C00879510,America PAC,THE BAKER GROUP LLC,PRINTING/POSTAGE,2026,SE24.1400,4091220261598268139,2011659,F24,48,N,A,True,True,202609119904198217,https://docquery.fec.gov/cgi-bin/fecimg/?202609119904198217,2026-09-11,2026-09-11,2026-09-21,"SULLIVAN, DAN",REP,G2026
2026-09-21,20384.50,oppose,2026-S-AK,AK Senate (2026),S6AK00276,Mary Peltola,S,AK,00,candidate_id,False,2026-S-AK,2026-S-AK,C00879510,America PAC,THE BAKER GROUP LLC,PRINTING/POSTAGE,2026,SE24.1401,4091220261598268140,2011659,F24,48,N,A,True,True,202609119904198218,https://docquery.fec.gov/cgi-bin/fecimg/?202609119904198218,2026-09-11,2026-09-11,2026-09-21,"PELTOLA, MARY",DEM,G2026
2026-09-21,1632.77,support,2026-S-AK,AK Senate (2026),S4AK00214,Dan Sullivan,S,AK,00,candidate_id,False,2026-S-AK,2026-S-AK,C00879510,America PAC,IMGE LLC,TEXTING SERVICE,2026,SE24.1495,4091920261598950109,2013960,F24,48,N,A,True,True,202609189904424531,https://docquery.fec.gov/cgi-bin/fecimg/?202609189904424531,2026-09-18,2026-09-18,2026-09-21,"SULLIVAN, DAN",REP,G2026
2026-09-21,52012.62,support,2026-H-AZ-01,AZ-01 (2026),H6AZ05190,Jay Feely,H,AZ,01,candidate_id,False,2026-H-AZ-01,2026-H-AZ-01,C00879510,America PAC,CALIBER CONTACT,PRINTING/POSTAGE,2026,SE24.1496,4092220261599309019,2014723,F24,48,N,A,True,True,202609219908383837,https://docquery.fec.gov/cgi-bin/fecimg/?202609219908383837,2026-09-21,2026-09-21,2026-09-21,"FEELY, THOMAS JAMES",REP,G2026
2026-09-21,49147.70,support,2026-H-AZ-06,AZ-06 (2026),H2AZ02360,Juan Ciscomani,H,AZ,06,candidate_id,False,2026-H-AZ-06,2026-H-AZ-06,C00879510,America PAC,CALIBER CONTACT,PRINTING/POSTAGE,2026,SE24.1497,4092220261599309020,2014723,F24,48,N,A,True,True,202609219908383837,https://docquery.fec.gov/cgi-bin/fecimg/?202609219908383837,2026-09-21,2026-09-21,2026-09-21,"CISCOMANI, JUAN",REP,G2026
2026-09-22,246000.00,oppose,2026-S-TX,TX Senate (2026),S6TX00479,James Talarico,S,TX,00,candidate_id,False,2026-S-TX,2026-S-TX,C00879510,America PAC,STORYTELLERS GROUP LLC,PRINTING,2026,SE24.1366,4091120261598241104,2011470,F24,48,N,A,True,True,202609109904190246,https://docquery.fec.gov/cgi-bin/fecimg/?202609109904190246,2026-09-10,2026-09-10,2026-09-22,"TALARICO, JAMES",DEM,G2026
2026-09-22,4500.00,support,2026-H-VA-02,VA-02 (2026),H2VA02064,Jen Kiggans,H,VA,02,candidate_id,False,2026-H-VA-02,2026-H-VA-02,C00879510,America PAC,STORYTELLERS GROUP LLC,PRINTING,2026,SE24.1367,4091120261598241105,2011470,F24,48,N,A,True,True,202609109904190246,https://docquery.fec.gov/cgi-bin/fecimg/?202609109904190246,2026-09-10,2026-09-10,2026-09-22,"KIGGANS, JENNIFER",REP,G2026
2026-09-22,4500.00,oppose,2026-H-VA-02,VA-02 (2026),H6VA02198,Elaine Luria,H,VA,02,candidate_id,False,2026-H-VA-02,2026-H-VA-02,C00879510,America PAC,STORYTELLERS GROUP LLC,PRINTING,2026,SE24.1368,4091120261598241106,2011470,F24,48,N,A,True,True,202609109904190247,https://docquery.fec.gov/cgi-bin/fecimg/?202609109904190247,2026-09-10,2026-09-10,2026-09-22,"LURIA, ELAINE",DEM,G2026
2026-09-22,196885.00,oppose,2026-S-IA,IA Senate (2026),S6IA00298,Josh Turek,S,IA,00,candidate_id,False,2026-S-IA,2026-S-IA,C00879510,America PAC,THE BAKER GROUP LLC,PRINTING/POSTAGE,2026,SE24.1403,4091220261598268142,2011659,F24,48,N,A,True,True,202609119904198219,https://docquery.fec.gov/cgi-bin/fecimg/?202609119904198219,2026-09-11,2026-09-11,2026-09-22,"TUREK, JOSHUA",DEM,G2026
2026-09-22,4336.20,support,2026-H-FL-25,FL-25 (2026),H6FL23188,Scott Singer,H,FL,25,candidate_id,False,2026-H-FL-25,2026-H-FL-25,C00879510,America PAC,STORYTELLERS GROUP LLC,PRINTING,2026,SE24.1434,4091620261598620016,2012126,F24,48,N,A,True,True,202609159904217896,https://docquery.fec.gov/cgi-bin/fecimg/?202609159904217896,2026-09-15,2026-09-15,2026-09-22,"SINGER, SCOTT M.",REP,G2026
2026-09-22,4336.20,oppose,2026-H-FL-25,FL-25 (2026),H2FL22171,Jared Moskowitz,H,FL,25,candidate_id,False,2026-H-FL-25,2026-H-FL-25,C00879510,America PAC,STORYTELLERS GROUP LLC,PRINTING,2026,SE24.1435,4091620261598620017,2012126,F24,48,N,A,True,True,202609159904217897,https://docquery.fec.gov/cgi-bin/fecimg/?202609159904217897,2026-09-15,2026-09-15,2026-09-22,"MOSKOWITZ, JARED",DEM,G2026
2026-09-22,4725.00,support,2026-H-WI-03,WI-03 (2026),H0WI03175,Derrick Van Orden,H,WI,03,candidate_id,False,2026-H-WI-03,2026-H-WI-03,C00879510,America PAC,STORYTELLERS GROUP LLC,PRINTING,2026,SE24.1436,4091620261598620018,2012126,F24,48,N,A,True,True,202609159904217897,https://docquery.fec.gov/cgi-bin/fecimg/?202609159904217897,2026-09-15,2026-09-15,2026-09-22,"VAN ORDEN, DERRICK F. MR.",REP,G2026
2026-09-22,4725.00,oppose,2026-H-WI-03,WI-03 (2026),H4WI03169,Rebecca Cooke,H,WI,03,candidate_id,False,2026-H-WI-03,2026-H-WI-03,C00879510,America PAC,STORYTELLERS GROUP LLC,PRINTING,2026,SE24.1437,4091620261598620019,2012126,F24,48,N,A,True,True,202609159904217898,https://docquery.fec.gov/cgi-bin/fecimg/?202609159904217898,2026-09-15,2026-09-15,2026-09-22,"COOKE, REBECCA",DEM,G2026
2026-09-22,10941.50,support,2026-S-ME,ME Senate (2026),S6ME00159,Susan M. Collins,S,ME,00,candidate_id,False,2026-S-ME,2026-S-ME,C00879510,America PAC,RED MAVERICK MEDIA LLC,PRINTING,2026,SE24.1467,4091820261598920155,2012867,F24,48,N,A,True,True,202609179904302343,https://docquery.fec.gov/cgi-bin/fecimg/?202609179904302343,2026-09-17,2026-09-17,2026-09-22,"COLLINS, SUSAN M.",REP,G2026
2026-09-22,10941.50,oppose,2026-S-ME,ME Senate (2026),S6ME00464,Troy Jackson,S,ME,00,candidate_id,False,2026-S-ME,2026-S-ME,C00879510,America PAC,RED MAVERICK MEDIA LLC,PRINTING,2026,SE24.1468,4091820261598920156,2012867,F24,48,N,A,True,True,202609179904302343,https://docquery.fec.gov/cgi-bin/fecimg/?202609179904302343,2026-09-17,2026-09-17,2026-09-22,"JACKSON, TROY DALE",DEM,G2026
2026-09-22,24521.50,support,2026-H-PA-07,PA-07 (2026),H4PA07118,Ryan Mackenzie,H,PA,07,unmatched_candidate_id,False,2026-H-PA-07,,C00879510,America PAC,STORYTELLERS GROUP LLC,PRINTING/POSTAGE,2026,SE24.1474,4091920261598950110,2013960,F24,48,N,A,True,True,202609189904424532,https://docquery.fec.gov/cgi-bin/fecimg/?202609189904424532,2026-09-18,2026-09-18,2026-09-22,"MACKENZIE, RYAN EDWARD",,G2026
2026-09-22,24521.50,oppose,2026-H-PA-07,PA-07 (2026),H6PA07188,Bob Brooks,H,PA,07,candidate_id,False,2026-H-PA-07,2026-H-PA-07,C00879510,America PAC,STORYTELLERS GROUP LLC,PRINTING/POSTAGE,2026,SE24.1475,4091920261598950111,2013960,F24,48,N,A,True,True,202609189904424532,https://docquery.fec.gov/cgi-bin/fecimg/?202609189904424532,2026-09-18,2026-09-18,2026-09-22,"BROOKS, BOB",DEM,G2026
2026-09-22,27374.00,support,2026-H-PA-08,PA-08 (2026),H4PA08124,Rob Bresnahan,H,PA,08,candidate_id,False,2026-H-PA-08,2026-H-PA-08,C00879510,America PAC,STORYTELLERS GROUP LLC,PRINTING/POSTAGE,2026,SE24.1476,4091920261598950112,2013960,F24,48,N,A,True,True,202609189904424533,https://docquery.fec.gov/cgi-bin/fecimg/?202609189904424533,2026-09-18,2026-09-18,2026-09-22,"BRESNAHAN, ROB",REP,G2026
2026-09-22,27374.00,oppose,2026-H-PA-08,PA-08 (2026),H6PA08293,Paige Cognetti,H,PA,08,candidate_id,False,2026-H-PA-08,2026-H-PA-08,C00879510,America PAC,STORYTELLERS GROUP LLC,PRINTING/POSTAGE,2026,SE24.1477,4091920261598950113,2013960,F24,48,N,A,True,True,202609189904424533,https://docquery.fec.gov/cgi-bin/fecimg/?202609189904424533,2026-09-18,2026-09-18,2026-09-22,"COGNETTI, PAIGE",DEM,G2026
2026-09-22,26043.50,support,2026-H-PA-10,PA-10 (2026),H2PA04135,Scott Perry,H,PA,10,candidate_id,False,2026-H-PA-10,2026-H-PA-10,C00879510,America PAC,STORYTELLERS GROUP LLC,PRINTING/POSTAGE,2026,SE24.1478,4091920261598950114,2013960,F24,48,N,A,True,True,202609189904424534,https://docquery.fec.gov/cgi-bin/fecimg/?202609189904424534,2026-09-18,2026-09-18,2026-09-22,"PERRY, SCOTT",REP,G2026
2026-09-22,26043.50,oppose,2026-H-PA-10,PA-10 (2026),H4PA10104,Janelle Stelson,H,PA,10,candidate_id,False,2026-H-PA-10,2026-H-PA-10,C00879510,America PAC,STORYTELLERS GROUP LLC,PRINTING/POSTAGE,2026,SE24.1479,4091920261598950115,2013960,F24,48,N,A,True,True,202609189904424534,https://docquery.fec.gov/cgi-bin/fecimg/?202609189904424534,2026-09-18,2026-09-18,2026-09-22,"STELSON, JANELLE",DEM,G2026
2026-09-22,30917.23,support,2026-H-CA-22,CA-22 (2026),H2CA20094,David G. Valadao,H,CA,22,candidate_id,False,2026-H-CA-22,2026-H-CA-22,C00879510,America PAC,CALIBER CONTACT,PRINTING/POSTAGE,2026,SE24.1498,4092220261599309021,2014723,F24,48,N,A,True,True,202609219908383838,https://docquery.fec.gov/cgi-bin/fecimg/?202609219908383838,2026-09-21,2026-09-21,2026-09-22,"VALADAO, DAVID",REP,G2026
2026-09-22,44419.33,support,2026-H-WA-03,WA-03 (2026),H6WA03275,John Braun,H,WA,03,candidate_id,False,2026-H-WA-03,2026-H-WA-03,C00879510,America PAC,CALIBER CONTACT,PRINTING/POSTAGE,2026,SE24.1499,4092220261599309022,2014723,F24,48,N,A,True,True,202609219908383838,https://docquery.fec.gov/cgi-bin/fecimg/?202609219908383838,2026-09-21,2026-09-21,2026-09-22,"BRAUN, JOHN",REP,G2026
2026-09-22,30241.88,support,2026-H-CO-08,CO-08 (2026),H4CO08034,Gabe Evans,H,CO,08,candidate_id,False,2026-H-CO-08,2026-H-CO-08,C00879510,America PAC,CALIBER CONTACT,PRINTING/POSTAGE,2026,SE24.1500,4092220261599309023,2014723,F24,48,N,A,True,True,202609219908383839,https://docquery.fec.gov/cgi-bin/fecimg/?202609219908383839,2026-09-21,2026-09-21,2026-09-22,"EVANS, TIMOTHY GABRIEL JOSEPH",REP,G2026
2026-09-22,44904.19,support,2026-S-OH,OH Senate (2026),S6OH00304,Jon Husted,S,OH,00,candidate_id,False,2026-S-OH,2026-S-OH,C00879510,America PAC,RED ZONE STRATEGIC LLC,PRINTING/POSTAGE,2026,SE24.1501,4092220261599309030,2014723,F24,48,N,A,True,True,202609219908383842,https://docquery.fec.gov/cgi-bin/fecimg/?202609219908383842,2026-09-21,2026-09-21,2026-09-22,"HUSTED, JON",REP,G2026
2026-09-22,44904.18,oppose,2026-S-OH,OH Senate (2026),S6OH00163,Sherrod Brown,S,OH,00,candidate_id,False,2026-S-OH,2026-S-OH,C00879510,America PAC,RED ZONE STRATEGIC LLC,PRINTING/POSTAGE,2026,SE24.1502,4092220261599309031,2014723,F24,48,N,A,True,True,202609219908383843,https://docquery.fec.gov/cgi-bin/fecimg/?202609219908383843,2026-09-21,2026-09-21,2026-09-22,"BROWN, SHERROD",DEM,G2026
2026-09-22,58357.21,support,2026-S-MI,MI Senate (2026),S4MI00595,Mike Rogers,S,MI,00,candidate_id,False,2026-S-MI,2026-S-MI,C00879510,America PAC,RED ZONE STRATEGIC LLC,PRINTING/POSTAGE,2026,SE24.1503,4092220261599309032,2014723,F24,48,N,A,True,True,202609219908383843,https://docquery.fec.gov/cgi-bin/fecimg/?202609219908383843,2026-09-21,2026-09-21,2026-09-22,"ROGERS, MICHAEL J",REP,G2026
2026-09-22,58357.21,oppose,2026-S-MI,MI Senate (2026),S6MI00418,Abdul El-Sayed,S,MI,00,candidate_id,False,2026-S-MI,2026-S-MI,C00879510,America PAC,RED ZONE STRATEGIC LLC,PRINTING/POSTAGE,2026,SE24.1504,4092220261599309033,2014723,F24,48,N,A,True,True,202609219908383844,https://docquery.fec.gov/cgi-bin/fecimg/?202609219908383844,2026-09-21,2026-09-21,2026-09-22,"EL-SAYED, ABDUL",DEM,G2026
2026-09-22,185756.03,support,2026-S-MI,MI Senate (2026),S4MI00595,Mike Rogers,S,MI,00,candidate_id,False,2026-S-MI,2026-S-MI,C00879510,America PAC,RED ZONE STRATEGIC LLC,PRINTING/POSTAGE,2026,SE24.1505,4092220261599309034,2014723,F24,48,N,A,True,True,202609219908383844,https://docquery.fec.gov/cgi-bin/fecimg/?202609219908383844,2026-09-21,2026-09-21,2026-09-22,"ROGERS, MICHAEL J",REP,G2026
2026-09-22,185756.02,oppose,2026-S-MI,MI Senate (2026),S6MI00418,Abdul El-Sayed,S,MI,00,candidate_id,False,2026-S-MI,2026-S-MI,C00879510,America PAC,RED ZONE STRATEGIC LLC,PRINTING/POSTAGE,2026,SE24.1506,4092220261599309035,2014723,F24,48,N,A,True,True,202609219908383845,https://docquery.fec.gov/cgi-bin/fecimg/?202609219908383845,2026-09-21,2026-09-21,2026-09-22,"EL-SAYED, ABDUL",DEM,G2026
2026-09-22,184491.57,support,2026-S-OH,OH Senate (2026),S6OH00304,Jon Husted,S,OH,00,candidate_id,False,2026-S-OH,2026-S-OH,C00879510,America PAC,RED ZONE STRATEGIC LLC,PRINTING/POSTAGE,2026,SE24.1507,4092220261599309036,2014723,F24,48,N,A,True,True,202609219908383845,https://docquery.fec.gov/cgi-bin/fecimg/?202609219908383845,2026-09-21,2026-09-21,2026-09-22,"HUSTED, JON",REP,G2026
2026-09-22,184491.57,oppose,2026-S-OH,OH Senate (2026),S6OH00163,Sherrod Brown,S,OH,00,candidate_id,False,2026-S-OH,2026-S-OH,C00879510,America PAC,RED ZONE STRATEGIC LLC,PRINTING/POSTAGE,2026,SE24.1508,4092220261599309037,2014723,F24,48,N,A,True,True,202609219908383846,https://docquery.fec.gov/cgi-bin/fecimg/?202609219908383846,2026-09-21,2026-09-21,2026-09-22,"BROWN, SHERROD",DEM,G2026
2026-09-22,2193.75,support,2026-S-OH,OH Senate (2026),S6OH00304,Jon Husted,S,OH,00,candidate_id,False,2026-S-OH,2026-S-OH,C00879510,America PAC,RED ZONE STRATEGIC LLC,PRINTING,2026,SE24.1519,4092520261599630028,2015089,F24,48,N,A,True,True,202609249908417824,https://docquery.fec.gov/cgi-bin/fecimg/?202609249908417824,2026-09-23,2026-09-23,2026-09-22,"HUSTED, JON",REP,G2026
2026-09-22,2193.75,oppose,2026-S-OH,OH Senate (2026),S6OH00163,Sherrod Brown,S,OH,00,candidate_id,False,2026-S-OH,2026-S-OH,C00879510,America PAC,RED ZONE STRATEGIC LLC,PRINTING,2026,SE24.1520,4092520261599630029,2015089,F24,48,N,A,True,True,202609249908417824,https://docquery.fec.gov/cgi-bin/fecimg/?202609249908417824,2026-09-23,2026-09-23,2026-09-22,"BROWN, SHERROD",DEM,G2026
2026-09-22,2193.75,support,2026-H-OH-01,OH-01 (2026),H6OH01138,Eric Conroy,H,OH,01,candidate_id,False,2026-H-OH-01,2026-H-OH-01,C00879510,America PAC,RED ZONE STRATEGIC LLC,PRINTING,2026,SE24.1521,4092520261599630030,2015089,F24,48,N,A,True,True,202609249908417825,https://docquery.fec.gov/cgi-bin/fecimg/?202609249908417825,2026-09-23,2026-09-23,2026-09-22,"CONROY, ERIC",REP,G2026
2026-09-22,2193.75,oppose,2026-H-OH-01,OH-01 (2026),H2OH01194,Greg Landsman,H,OH,01,candidate_id,False,2026-H-OH-01,2026-H-OH-01,C00879510,America PAC,RED ZONE STRATEGIC LLC,PRINTING,2026,SE24.1522,4092520261599630031,2015089,F24,48,N,A,True,True,202609249908417825,https://docquery.fec.gov/cgi-bin/fecimg/?202609249908417825,2026-09-23,2026-09-23,2026-09-22,"LANDSMAN, GREG",DEM,G2026
2026-09-22,2632.50,support,2026-S-OH,OH Senate (2026),S6OH00304,Jon Husted,S,OH,00,candidate_id,False,2026-S-OH,2026-S-OH,C00879510,America PAC,RED ZONE STRATEGIC LLC,PRINTING,2026,SE24.1523,4092520261599630032,2015089,F24,48,N,A,True,True,202609249908417826,https://docquery.fec.gov/cgi-bin/fecimg/?202609249908417826,2026-09-23,2026-09-23,2026-09-22,"HUSTED, JON",REP,G2026
2026-09-22,2632.50,oppose,2026-S-OH,OH Senate (2026),S6OH00163,Sherrod Brown,S,OH,00,candidate_id,False,2026-S-OH,2026-S-OH,C00879510,America PAC,RED ZONE STRATEGIC LLC,PRINTING,2026,SE24.1524,4092520261599630033,2015089,F24,48,N,A,True,True,202609249908417826,https://docquery.fec.gov/cgi-bin/fecimg/?202609249908417826,2026-09-23,2026-09-23,2026-09-22,"BROWN, SHERROD",DEM,G2026
2026-09-22,2632.50,support,2026-H-OH-05,OH-05 (2026),H8OH05036,Bob Latta,H,OH,05,candidate_id,False,2026-H-OH-05,2026-H-OH-05,C00879510,America PAC,RED ZONE STRATEGIC LLC,PRINTING,2026,SE24.1525,4092520261599630034,2015089,F24,48,N,A,True,True,202609249908417827,https://docquery.fec.gov/cgi-bin/fecimg/?202609249908417827,2026-09-23,2026-09-23,2026-09-22,"LATTA, ROBERT EDWARD",REP,G2026
2026-09-22,2632.50,oppose,2026-H-OH-05,OH-05 (2026),H6OH05154,Brian Shaver,H,OH,05,candidate_id,False,2026-H-OH-05,2026-H-OH-05,C00879510,America PAC,RED ZONE STRATEGIC LLC,PRINTING,2026,SE24.1526,4092520261599630035,2015089,F24,48,N,A,True,True,202609249908417827,https://docquery.fec.gov/cgi-bin/fecimg/?202609249908417827,2026-09-23,2026-09-23,2026-09-22,"SHAVER, BRIAN ALAN MR.",DEM,G2026
2026-09-22,4865.00,support,2026-S-OH,OH Senate (2026),S6OH00304,Jon Husted,S,OH,00,candidate_id,False,2026-S-OH,2026-S-OH,C00879510,America PAC,RED ZONE STRATEGIC LLC,PRINTING,2026,SE24.1527,4092520261599630036,2015089,F24,48,N,A,True,True,202609249908417828,https://docquery.fec.gov/cgi-bin/fecimg/?202609249908417828,2026-09-23,2026-09-23,2026-09-22,"HUSTED, JON",REP,G2026
2026-09-22,2432.50,oppose,2026-S-OH,OH Senate (2026),S6OH00163,Sherrod Brown,S,OH,00,candidate_id,False,2026-S-OH,2026-S-OH,C00879510,America PAC,RED ZONE STRATEGIC LLC,PRINTING,2026,SE24.1528,4092520261599630037,2015089,F24,48,N,A,True,True,202609249908417828,https://docquery.fec.gov/cgi-bin/fecimg/?202609249908417828,2026-09-23,2026-09-23,2026-09-22,"BROWN, SHERROD",DEM,G2026
2026-09-22,2432.50,oppose,2026-H-OH-07,OH-07 (2026),H6OH07168,Brian Poindexter,H,OH,07,candidate_id,False,2026-H-OH-07,2026-H-OH-07,C00879510,America PAC,RED ZONE STRATEGIC LLC,PRINTING,2026,SE24.1529,4092520261599630106,2015089,F24,48,N,A,True,True,202609249908417863,https://docquery.fec.gov/cgi-bin/fecimg/?202609249908417863,2026-09-24,2026-09-24,2026-09-22,"POINDEXTER, BRIAN",DEM,G2026
2026-09-22,2043.75,support,2026-S-OH,OH Senate (2026),S6OH00304,Jon Husted,S,OH,00,candidate_id,False,2026-S-OH,2026-S-OH,C00879510,America PAC,RED ZONE STRATEGIC LLC,PRINTING,2026,SE24.1530,4092520261599630107,2015089,F24,48,N,A,True,True,202609249908417863,https://docquery.fec.gov/cgi-bin/fecimg/?202609249908417863,2026-09-24,2026-09-24,2026-09-22,"HUSTED, JON",REP,G2026
2026-09-22,2043.75,oppose,2026-S-OH,OH Senate (2026),S6OH00163,Sherrod Brown,S,OH,00,candidate_id,False,2026-S-OH,2026-S-OH,C00879510,America PAC,RED ZONE STRATEGIC LLC,PRINTING,2026,SE24.1531,4092520261599630038,2015089,F24,48,N,A,True,True,202609249908417829,https://docquery.fec.gov/cgi-bin/fecimg/?202609249908417829,2026-09-23,2026-09-23,2026-09-22,"BROWN, SHERROD",DEM,G2026
2026-09-22,2043.75,support,2026-H-OH-09,OH-09 (2026),H4OH09169,Derek Merrin,H,OH,09,candidate_id,False,2026-H-OH-09,2026-H-OH-09,C00879510,America PAC,RED ZONE STRATEGIC LLC,PRINTING,2026,SE24.1532,4092520261599630039,2015089,F24,48,N,A,True,True,202609249908417829,https://docquery.fec.gov/cgi-bin/fecimg/?202609249908417829,2026-09-23,2026-09-23,2026-09-22,"MERRIN, DEREK",REP,G2026
2026-09-22,2043.75,oppose,2026-H-OH-09,OH-09 (2026),H2OH09031,Marcy Kaptur,H,OH,09,candidate_id,False,2026-H-OH-09,2026-H-OH-09,C00879510,America PAC,RED ZONE STRATEGIC LLC,PRINTING,2026,SE24.1533,4092520261599630040,2015089,F24,48,N,A,True,True,202609249908417830,https://docquery.fec.gov/cgi-bin/fecimg/?202609249908417830,2026-09-23,2026-09-23,2026-09-22,"KAPTUR, MARCY HON. M.C.",DEM,G2026
2026-09-22,2043.75,support,2026-S-OH,OH Senate (2026),S6OH00304,Jon Husted,S,OH,00,candidate_id,False,2026-S-OH,2026-S-OH,C00879510,America PAC,RED ZONE STRATEGIC LLC,PRINTING,2026,SE24.1534,4092520261599630041,2015089,F24,48,N,A,True,True,202609249908417830,https://docquery.fec.gov/cgi-bin/fecimg/?202609249908417830,2026-09-23,2026-09-23,2026-09-22,"HUSTED, JON",REP,G2026
2026-09-22,2043.75,oppose,2026-S-OH,OH Senate (2026),S6OH00163,Sherrod Brown,S,OH,00,candidate_id,False,2026-S-OH,2026-S-OH,C00879510,America PAC,RED ZONE STRATEGIC LLC,PRINTING,2026,SE24.1535,4092520261599630042,2015089,F24,48,N,A,True,True,202609249908417831,https://docquery.fec.gov/cgi-bin/fecimg/?202609249908417831,2026-09-23,2026-09-23,2026-09-22,"BROWN, SHERROD",DEM,G2026
2026-09-22,2043.75,support,2026-H-OH-13,OH-13 (2026),H6OH13307,Carey Coleman,H,OH,13,candidate_id,False,2026-H-OH-13,2026-H-OH-13,C00879510,America PAC,RED ZONE STRATEGIC LLC,PRINTING,2026,SE24.1536,4092520261599630043,2015089,F24,48,N,A,True,True,202609249908417831,https://docquery.fec.gov/cgi-bin/fecimg/?202609249908417831,2026-09-23,2026-09-23,2026-09-22,"COLEMAN, CAREY",REP,G2026
2026-09-22,2043.75,oppose,2026-H-OH-13,OH-13 (2026),H2OH13264,Emilia Sykes,H,OH,13,candidate_id,False,2026-H-OH-13,2026-H-OH-13,C00879510,America PAC,RED ZONE STRATEGIC LLC,PRINTING,2026,SE24.1537,4092520261599630044,2015089,F24,48,N,A,True,True,202609249908417832,https://docquery.fec.gov/cgi-bin/fecimg/?202609249908417832,2026-09-23,2026-09-23,2026-09-22,"SYKES, EMILIA",DEM,G2026
2026-09-22,33093.75,support,2026-S-OH,OH Senate (2026),S6OH00304,Jon Husted,S,OH,00,candidate_id,False,2026-S-OH,2026-S-OH,C00879510,America PAC,RED ZONE STRATEGIC LLC,PRINTING,2026,SE24.1538,4092520261599630045,2015089,F24,48,N,A,True,True,202609249908417832,https://docquery.fec.gov/cgi-bin/fecimg/?202609249908417832,2026-09-23,2026-09-23,2026-09-22,"HUSTED, JON",REP,G2026
2026-09-22,33093.75,oppose,2026-S-OH,OH Senate (2026),S6OH00163,Sherrod Brown,S,OH,00,candidate_id,False,2026-S-OH,2026-S-OH,C00879510,America PAC,RED ZONE STRATEGIC LLC,PRINTING,2026,SE24.1539,4092520261599630046,2015089,F24,48,N,A,True,True,202609249908417833,https://docquery.fec.gov/cgi-bin/fecimg/?202609249908417833,2026-09-23,2026-09-23,2026-09-22,"BROWN, SHERROD",DEM,G2026
2026-09-23,9012.35,oppose,2026-H-NY-17,NY-17 (2026),H6NY17171,Cait Conley,H,NY,17,candidate_id,False,2026-H-NY-17,2026-H-NY-17,C00879510,America PAC,IMGE LLC,DIGITAL MEDIA,2026,SE24.1560,4092520261599630066,2015089,F24,48,N,A,True,True,202609249908417843,https://docquery.fec.gov/cgi-bin/fecimg/?202609249908417843,2026-09-24,2026-09-24,2026-09-23,"CONLEY, CAIT",DEM,G2026
2026-09-23,29085.64,oppose,2026-H-PA-07,PA-07 (2026),H6PA07188,Bob Brooks,H,PA,07,candidate_id,False,2026-H-PA-07,2026-H-PA-07,C00879510,America PAC,IMGE LLC,DIGITAL MEDIA,2026,SE24.1561,4092520261599630067,2015089,F24,48,N,A,True,True,202609249908417843,https://docquery.fec.gov/cgi-bin/fecimg/?202609249908417843,2026-09-24,2026-09-24,2026-09-23,"BROOKS, BOB",DEM,G2026
2026-09-23,29631.50,oppose,2026-H-PA-10,PA-10 (2026),H4PA10104,Janelle Stelson,H,PA,10,candidate_id,False,2026-H-PA-10,2026-H-PA-10,C00879510,America PAC,IMGE LLC,DIGITAL MEDIA,2026,SE24.1562,4092520261599630068,2015089,F24,48,N,A,True,True,202609249908417844,https://docquery.fec.gov/cgi-bin/fecimg/?202609249908417844,2026-09-24,2026-09-24,2026-09-23,"STELSON, JANELLE",DEM,G2026
2026-09-23,31663.71,oppose,2026-H-PA-08,PA-08 (2026),H6PA08293,Paige Cognetti,H,PA,08,candidate_id,False,2026-H-PA-08,2026-H-PA-08,C00879510,America PAC,IMGE LLC,DIGITAL MEDIA,2026,SE24.1563,4092520261599630069,2015089,F24,48,N,A,True,True,202609249908417844,https://docquery.fec.gov/cgi-bin/fecimg/?202609249908417844,2026-09-24,2026-09-24,2026-09-23,"COGNETTI, PAIGE",DEM,G2026
2026-09-23,14647.72,oppose,2026-H-NJ-07,NJ-07 (2026),H6NJ07201,Rebecca Bennett,H,NJ,07,candidate_id,False,2026-H-NJ-07,2026-H-NJ-07,C00879510,America PAC,IMGE LLC,DIGITAL MEDIA,2026,SE24.1564,4092520261599630070,2015089,F24,48,N,A,True,True,202609249908417845,https://docquery.fec.gov/cgi-bin/fecimg/?202609249908417845,2026-09-24,2026-09-24,2026-09-23,"BENNETT, REBECCA",DEM,G2026
2026-09-24,137665.11,oppose,2026-S-MI,MI Senate (2026),S6MI00418,Abdul El-Sayed,S,MI,00,candidate_id,False,2026-S-MI,2026-S-MI,C00879510,America PAC,IMGE LLC,TEXTING SERVICE,2026,SE24.1551,4092520261599630057,2015089,F24,48,N,A,True,True,202609249908417838,https://docquery.fec.gov/cgi-bin/fecimg/?202609249908417838,2026-09-24,2026-09-24,2026-09-24,"EL-SAYED, ABDUL",DEM,G2026
2026-09-24,1515.00,oppose,2026-S-MI,MI Senate (2026),S6MI00418,Abdul El-Sayed,S,MI,00,candidate_id,False,2026-S-MI,2026-S-MI,C00879510,America PAC,IMGE LLC,TEXTING SERVICE,2026,SE24.1552,4092520261599630058,2015089,F24,48,N,A,True,True,202609249908417839,https://docquery.fec.gov/cgi-bin/fecimg/?202609249908417839,2026-09-24,2026-09-24,2026-09-24,"EL-SAYED, ABDUL",DEM,G2026
2026-09-24,37500.00,oppose,2026-H-MI-04,MI-04 (2026),H6MI04204,Sean McCann,H,MI,04,candidate_id,False,2026-H-MI-04,2026-H-MI-04,C00879510,America PAC,IMGE LLC,DIGITAL MEDIA,2026,SE24.1553,4092520261599630059,2015089,F24,48,N,A,True,True,202609249908417839,https://docquery.fec.gov/cgi-bin/fecimg/?202609249908417839,2026-09-24,2026-09-24,2026-09-24,"MCCANN, SEAN",DEM,G2026
2026-09-24,10000.00,oppose,2026-H-MI-07,MI-07 (2026),H6MI07298,William Lawrence,H,MI,07,candidate_id,False,2026-H-MI-07,2026-H-MI-07,C00879510,America PAC,IMGE LLC,DIGITAL MEDIA,2026,SE24.1554,4092520261599630060,2015089,F24,48,N,A,True,True,202609249908417840,https://docquery.fec.gov/cgi-bin/fecimg/?202609249908417840,2026-09-24,2026-09-24,2026-09-24,"LAWRENCE, WILLIAM",DEM,G2026
2026-09-24,10000.00,oppose,2026-H-MI-08,MI-08 (2026),H4MI08218,Kristen McDonald Rivet,H,MI,08,candidate_id,False,2026-H-MI-08,2026-H-MI-08,C00879510,America PAC,IMGE LLC,DIGITAL MEDIA,2026,SE24.1555,4092520261599630061,2015089,F24,48,N,A,True,True,202609249908417840,https://docquery.fec.gov/cgi-bin/fecimg/?202609249908417840,2026-09-24,2026-09-24,2026-09-24,"MCDONALD RIVET, KRISTEN",DEM,G2026
2026-09-24,10000.00,oppose,2026-H-MI-10,MI-10 (2026),H6MI10276,Christina Hines,H,MI,10,candidate_id,False,2026-H-MI-10,2026-H-MI-10,C00879510,America PAC,IMGE LLC,DIGITAL MEDIA,2026,SE24.1556,4092520261599630062,2015089,F24,48,N,A,True,True,202609249908417841,https://docquery.fec.gov/cgi-bin/fecimg/?202609249908417841,2026-09-24,2026-09-24,2026-09-24,"HINES, CHRISTINA",DEM,G2026
2026-09-24,114727.05,oppose,2026-S-MI,MI Senate (2026),S6MI00418,Abdul El-Sayed,S,MI,00,candidate_id,False,2026-S-MI,2026-S-MI,C00879510,America PAC,IMGE LLC,DIGITAL MEDIA,2026,SE24.1557,4092520261599630063,2015089,F24,48,N,A,True,True,202609249908417841,https://docquery.fec.gov/cgi-bin/fecimg/?202609249908417841,2026-09-24,2026-09-24,2026-09-24,"EL-SAYED, ABDUL",DEM,G2026
2026-09-24,35000.00,oppose,2026-S-MI,MI Senate (2026),S6MI00418,Abdul El-Sayed,S,MI,00,candidate_id,False,2026-S-MI,2026-S-MI,C00879510,America PAC,IMGE LLC,DIGITAL MEDIA,2026,SE24.1558,4092520261599630064,2015089,F24,48,N,A,True,True,202609249908417842,https://docquery.fec.gov/cgi-bin/fecimg/?202609249908417842,2026-09-24,2026-09-24,2026-09-24,"EL-SAYED, ABDUL",DEM,G2026
2026-09-24,851.49,oppose,2026-H-IA-03,IA-03 (2026),H6IA03268,Sarah Trone Garriott,H,IA,03,candidate_id,False,2026-H-IA-03,2026-H-IA-03,C00879510,America PAC,IMGE LLC,TEXTING SERVICE,2026,SE24.1565,4092520261599630071,2015089,F24,48,N,A,True,True,202609249908417845,https://docquery.fec.gov/cgi-bin/fecimg/?202609249908417845,2026-09-24,2026-09-24,2026-09-24,"TRONE GARRIOTT, SARAH",DEM,G2026
2026-09-24,1727.36,oppose,2026-H-TX-28,TX-28 (2026),H2TX23082,Henry Cuellar,H,TX,28,candidate_id,False,2026-H-TX-28,2026-H-TX-28,C00879510,America PAC,IMGE LLC,TEXTING SERVICE,2026,SE24.1566,4092520261599630072,2015089,F24,48,N,A,True,True,202609249908417846,https://docquery.fec.gov/cgi-bin/fecimg/?202609249908417846,2026-09-24,2026-09-24,2026-09-24,"CUELLAR, HENRY R.",DEM,G2026
2026-09-24,1236.37,oppose,2026-H-OH-13,OH-13 (2026),H2OH13264,Emilia Sykes,H,OH,13,candidate_id,False,2026-H-OH-13,2026-H-OH-13,C00879510,America PAC,IMGE LLC,TEXTING SERVICE,2026,SE24.1567,4092520261599630073,2015089,F24,48,N,A,True,True,202609249908417846,https://docquery.fec.gov/cgi-bin/fecimg/?202609249908417846,2026-09-24,2026-09-24,2026-09-24,"SYKES, EMILIA",DEM,G2026
2026-09-24,1007.32,oppose,2026-S-OH,OH Senate (2026),S6OH00163,Sherrod Brown,S,OH,00,candidate_id,False,2026-S-OH,2026-S-OH,C00879510,America PAC,IMGE LLC,TEXTING SERVICE,2026,SE24.1568,4092520261599630074,2015089,F24,48,N,A,True,True,202609249908417847,https://docquery.fec.gov/cgi-bin/fecimg/?202609249908417847,2026-09-24,2026-09-24,2026-09-24,"BROWN, SHERROD",DEM,G2026
2026-09-24,1007.31,oppose,2026-H-OH-07,OH-07 (2026),H6OH07168,Brian Poindexter,H,OH,07,candidate_id,False,2026-H-OH-07,2026-H-OH-07,C00879510,America PAC,IMGE LLC,TEXTING SERVICE,2026,SE24.1569,4092520261599630075,2015089,F24,48,N,A,True,True,202609249908417847,https://docquery.fec.gov/cgi-bin/fecimg/?202609249908417847,2026-09-24,2026-09-24,2026-09-24,"POINDEXTER, BRIAN",DEM,G2026
2026-09-24,1417.99,oppose,2026-S-OH,OH Senate (2026),S6OH00163,Sherrod Brown,S,OH,00,candidate_id,False,2026-S-OH,2026-S-OH,C00879510,America PAC,IMGE LLC,TEXTING SERVICE,2026,SE24.1570,4092520261599630076,2015089,F24,48,N,A,True,True,202609249908417848,https://docquery.fec.gov/cgi-bin/fecimg/?202609249908417848,2026-09-24,2026-09-24,2026-09-24,"BROWN, SHERROD",DEM,G2026
2026-09-24,1417.98,oppose,2026-H-OH-05,OH-05 (2026),H6OH05154,Brian Shaver,H,OH,05,candidate_id,False,2026-H-OH-05,2026-H-OH-05,C00879510,America PAC,IMGE LLC,TEXTING SERVICE,2026,SE24.1571,4092520261599630077,2015089,F24,48,N,A,True,True,202609249908417848,https://docquery.fec.gov/cgi-bin/fecimg/?202609249908417848,2026-09-24,2026-09-24,2026-09-24,"SHAVER, BRIAN ALAN MR.",DEM,G2026
2026-09-24,768.51,oppose,2026-H-IA-02,IA-02 (2026),H6IA02211,Lindsay James,H,IA,02,candidate_id,False,2026-H-IA-02,2026-H-IA-02,C00879510,America PAC,IMGE LLC,TEXTING SERVICE,2026,SE24.1572,4092520261599630078,2015089,F24,48,N,A,True,True,202609249908417849,https://docquery.fec.gov/cgi-bin/fecimg/?202609249908417849,2026-09-24,2026-09-24,2026-09-24,"JAMES, LINDSAY",DEM,G2026
2026-09-24,977.34,oppose,2026-S-OH,OH Senate (2026),S6OH00163,Sherrod Brown,S,OH,00,candidate_id,False,2026-S-OH,2026-S-OH,C00879510,America PAC,IMGE LLC,TEXTING SERVICE,2026,SE24.1573,4092520261599630079,2015089,F24,48,N,A,True,True,202609249908417849,https://docquery.fec.gov/cgi-bin/fecimg/?202609249908417849,2026-09-24,2026-09-24,2026-09-24,"BROWN, SHERROD",DEM,G2026
2026-09-24,977.33,oppose,2026-H-OH-01,OH-01 (2026),H2OH01194,Greg Landsman,H,OH,01,candidate_id,False,2026-H-OH-01,2026-H-OH-01,C00879510,America PAC,IMGE LLC,TEXTING SERVICE,2026,SE24.1574,4092520261599630080,2015089,F24,48,N,A,True,True,202609249908417850,https://docquery.fec.gov/cgi-bin/fecimg/?202609249908417850,2026-09-24,2026-09-24,2026-09-24,"LANDSMAN, GREG",DEM,G2026
2026-09-24,837.34,oppose,2026-H-IA-01,IA-01 (2026),H2IA02111,Christina Bohannan,H,IA,01,candidate_id,False,2026-H-IA-01,2026-H-IA-01,C00879510,America PAC,IMGE LLC,TEXTING SERVICE,2026,SE24.1575,4092520261599630081,2015089,F24,48,N,A,True,True,202609249908417850,https://docquery.fec.gov/cgi-bin/fecimg/?202609249908417850,2026-09-24,2026-09-24,2026-09-24,"BOHANNAN, CHRISTINA",DEM,G2026
2026-09-24,1047.43,oppose,2026-S-OH,OH Senate (2026),S6OH00163,Sherrod Brown,S,OH,00,candidate_id,False,2026-S-OH,2026-S-OH,C00879510,America PAC,IMGE LLC,TEXTING SERVICE,2026,SE24.1576,4092520261599630082,2015089,F24,48,N,A,True,True,202609249908417851,https://docquery.fec.gov/cgi-bin/fecimg/?202609249908417851,2026-09-24,2026-09-24,2026-09-24,"BROWN, SHERROD",DEM,G2026
2026-09-24,1047.42,oppose,2026-H-OH-09,OH-09 (2026),H2OH09031,Marcy Kaptur,H,OH,09,candidate_id,False,2026-H-OH-09,2026-H-OH-09,C00879510,America PAC,IMGE LLC,TEXTING SERVICE,2026,SE24.1577,4092520261599630083,2015089,F24,48,N,A,True,True,202609249908417851,https://docquery.fec.gov/cgi-bin/fecimg/?202609249908417851,2026-09-24,2026-09-24,2026-09-24,"KAPTUR, MARCY HON. M.C.",DEM,G2026
2026-09-24,335.00,oppose,2026-H-FL-25,FL-25 (2026),H2FL22171,Jared Moskowitz,H,FL,25,candidate_id,False,2026-H-FL-25,2026-H-FL-25,C00879510,America PAC,IMGE LLC,TEXTING SERVICE,2026,SE24.1578,4092520261599630084,2015089,F24,48,N,A,True,True,202609249908417852,https://docquery.fec.gov/cgi-bin/fecimg/?202609249908417852,2026-09-24,2026-09-24,2026-09-24,"MOSKOWITZ, JARED",DEM,G2026
2026-09-24,10728.75,oppose,2026-H-FL-25,FL-25 (2026),H2FL22171,Jared Moskowitz,H,FL,25,candidate_id,False,2026-H-FL-25,2026-H-FL-25,C00879510,America PAC,IMGE LLC,TEXTING SERVICE,2026,SE24.1579,4092520261599630085,2015089,F24,48,N,A,True,True,202609249908417852,https://docquery.fec.gov/cgi-bin/fecimg/?202609249908417852,2026-09-24,2026-09-24,2026-09-24,"MOSKOWITZ, JARED",DEM,G2026
2026-09-24,11780.90,oppose,2026-S-NH,NH Senate (2026),S6NH00141,Chris Pappas,S,NH,00,candidate_id,False,2026-S-NH,2026-S-NH,C00879510,America PAC,IMGE LLC,TEXTING SERVICE,2026,SE24.1590,4092520261599630096,2015089,F24,48,N,A,True,True,202609249908417858,https://docquery.fec.gov/cgi-bin/fecimg/?202609249908417858,2026-09-24,2026-09-24,2026-09-24,"PAPPAS, CHRIS",DEM,G2026
2026-09-24,9686.12,oppose,2026-S-ME,ME Senate (2026),S6ME00464,Troy Jackson,S,ME,00,candidate_id,False,2026-S-ME,2026-S-ME,C00879510,America PAC,IMGE LLC,TEXTING SERVICE,2026,SE24.1591,4092520261599630097,2015089,F24,48,N,A,True,True,202609249908417858,https://docquery.fec.gov/cgi-bin/fecimg/?202609249908417858,2026-09-24,2026-09-24,2026-09-24,"JACKSON, TROY DALE",DEM,G2026
2026-09-24,2658.43,oppose,2026-H-PA-07,PA-07 (2026),H6PA07188,Bob Brooks,H,PA,07,candidate_id,False,2026-H-PA-07,2026-H-PA-07,C00879510,America PAC,IMGE LLC,TEXTING SERVICE,2026,SE24.1594,4092520261599630100,2015089,F24,48,N,A,True,True,202609249908417860,https://docquery.fec.gov/cgi-bin/fecimg/?202609249908417860,2026-09-24,2026-09-24,2026-09-24,"BROOKS, BOB",DEM,G2026
2026-09-24,1138.22,oppose,2026-H-NJ-07,NJ-07 (2026),H6NJ07201,Rebecca Bennett,H,NJ,07,candidate_id,False,2026-H-NJ-07,2026-H-NJ-07,C00879510,America PAC,IMGE LLC,TEXTING SERVICE,2026,SE24.1595,4092520261599630101,2015089,F24,48,N,A,True,True,202609249908417860,https://docquery.fec.gov/cgi-bin/fecimg/?202609249908417860,2026-09-24,2026-09-24,2026-09-24,"BENNETT, REBECCA",DEM,G2026
2026-09-24,2653.08,oppose,2026-H-PA-10,PA-10 (2026),H4PA10104,Janelle Stelson,H,PA,10,candidate_id,False,2026-H-PA-10,2026-H-PA-10,C00879510,America PAC,IMGE LLC,TEXTING SERVICE,2026,SE24.1596,4092520261599630102,2015089,F24,48,N,A,True,True,202609249908417861,https://docquery.fec.gov/cgi-bin/fecimg/?202609249908417861,2026-09-24,2026-09-24,2026-09-24,"STELSON, JANELLE",DEM,G2026
2026-09-24,2780.24,oppose,2026-H-PA-08,PA-08 (2026),H6PA08293,Paige Cognetti,H,PA,08,candidate_id,False,2026-H-PA-08,2026-H-PA-08,C00879510,America PAC,IMGE LLC,TEXTING SERVICE,2026,SE24.1597,4092520261599630103,2015089,F24,48,N,A,True,True,202609249908417861,https://docquery.fec.gov/cgi-bin/fecimg/?202609249908417861,2026-09-24,2026-09-24,2026-09-24,"COGNETTI, PAIGE",DEM,G2026
2026-09-24,30917.23,support,2026-H-CA-22,CA-22 (2026),H2CA20094,David G. Valadao,H,CA,22,candidate_id,False,2026-H-CA-22,2026-H-CA-22,C00879510,America PAC,CALIBER CONTACT,PRINTING/POSTAGE,2026,SE24.1605,4092520261599630049,2015089,F24,48,N,A,True,True,202609249908417834,https://docquery.fec.gov/cgi-bin/fecimg/?202609249908417834,2026-09-24,2026-09-24,2026-09-24,"VALADAO, DAVID",REP,G2026
2026-09-25,38592.50,support,2026-S-NH,NH Senate (2026),S6NH00208,John Sununu,S,NH,00,candidate_id,False,2026-S-NH,2026-S-NH,C00879510,America PAC,RED MAVERICK MEDIA LLC,PRINTING/POSTAGE,2026,SE24.1358,4091120261598241095,2011470,F24,48,N,A,True,True,202609109904190241,https://docquery.fec.gov/cgi-bin/fecimg/?202609109904190241,2026-09-10,2026-09-10,2026-09-25,"SUNUNU, JOHN E",REP,G2026
2026-09-25,38592.50,oppose,2026-S-NH,NH Senate (2026),S6NH00141,Chris Pappas,S,NH,00,candidate_id,False,2026-S-NH,2026-S-NH,C00879510,America PAC,RED MAVERICK MEDIA LLC,PRINTING/POSTAGE,2026,SE24.1359,4091120261598241096,2011470,F24,48,N,A,True,True,202609109904190242,https://docquery.fec.gov/cgi-bin/fecimg/?202609109904190242,2026-09-10,2026-09-10,2026-09-25,"PAPPAS, CHRIS",DEM,G2026
2026-09-25,51424.00,support,2026-S-ME,ME Senate (2026),S6ME00159,Susan M. Collins,S,ME,00,candidate_id,False,2026-S-ME,2026-S-ME,C00879510,America PAC,RED MAVERICK MEDIA LLC,PRINTING/POSTAGE,2026,SE24.1360,4091120261598241097,2011470,F24,48,N,A,True,True,202609109904190242,https://docquery.fec.gov/cgi-bin/fecimg/?202609109904190242,2026-09-10,2026-09-10,2026-09-25,"COLLINS, SUSAN M.",REP,G2026
2026-09-25,51424.00,oppose,2026-S-ME,ME Senate (2026),S6ME00464,Troy Jackson,S,ME,00,candidate_id,False,2026-S-ME,2026-S-ME,C00879510,America PAC,RED MAVERICK MEDIA LLC,PRINTING/POSTAGE,2026,SE24.1361,4091120261598241098,2011470,F24,48,N,A,True,True,202609109904190243,https://docquery.fec.gov/cgi-bin/fecimg/?202609109904190243,2026-09-10,2026-09-10,2026-09-25,"JACKSON, TROY DALE",DEM,G2026
2026-09-25,39088.00,support,2026-S-NH,NH Senate (2026),S6NH00208,John Sununu,S,NH,00,candidate_id,False,2026-S-NH,2026-S-NH,C00879510,America PAC,RED MAVERICK MEDIA LLC,PRINTING/POSTAGE,2026,SE24.1447,4091620261598620261,2012435,F24,48,N,A,True,True,202609169904267675,https://docquery.fec.gov/cgi-bin/fecimg/?202609169904267675,2026-09-16,2026-09-16,2026-09-25,"SUNUNU, JOHN E",REP,G2026
2026-09-25,39088.00,oppose,2026-S-NH,NH Senate (2026),S6NH00141,Chris Pappas,S,NH,00,candidate_id,False,2026-S-NH,2026-S-NH,C00879510,America PAC,RED MAVERICK MEDIA LLC,PRINTING/POSTAGE,2026,SE24.1448,4091620261598620262,2012435,F24,48,N,A,True,True,202609169904267675,https://docquery.fec.gov/cgi-bin/fecimg/?202609169904267675,2026-09-16,2026-09-16,2026-09-25,"PAPPAS, CHRIS",DEM,G2026
2026-09-25,39462.60,oppose,2026-H-WI-03,WI-03 (2026),H4WI03169,Rebecca Cooke,H,WI,03,candidate_id,False,2026-H-WI-03,2026-H-WI-03,C00879510,America PAC,IMGE LLC,DIGITAL MEDIA,2026,SE24.1559,4092520261599630065,2015089,F24,48,N,A,True,True,202609249908417842,https://docquery.fec.gov/cgi-bin/fecimg/?202609249908417842,2026-09-24,2026-09-24,2026-09-25,"COOKE, REBECCA",DEM,G2026
2026-09-25,1322.44,support,2026-H-ME-02,ME-02 (2026),H6ME02148,Paul LePage,H,ME,02,candidate_id,False,2026-H-ME-02,2026-H-ME-02,C00879510,America PAC,IMGE LLC,TEXTING SERVICE,2026,SE24.1592,4092520261599630098,2015089,F24,48,N,A,True,True,202609249908417859,https://docquery.fec.gov/cgi-bin/fecimg/?202609249908417859,2026-09-24,2026-09-24,2026-09-25,"LEPAGE, PAUL",REP,G2026
2026-09-25,1322.43,oppose,2026-H-ME-02,ME-02 (2026),H6ME02171,Matt Dunlap,H,ME,02,candidate_id,False,2026-H-ME-02,2026-H-ME-02,C00879510,America PAC,IMGE LLC,TEXTING SERVICE,2026,SE24.1593,4092520261599630099,2015089,F24,48,N,A,True,True,202609249908417859,https://docquery.fec.gov/cgi-bin/fecimg/?202609249908417859,2026-09-24,2026-09-24,2026-09-25,"DUNLAP, MATT",DEM,G2026
2026-09-25,49147.70,support,2026-H-AZ-06,AZ-06 (2026),H2AZ02360,Juan Ciscomani,H,AZ,06,candidate_id,False,2026-H-AZ-06,2026-H-AZ-06,C00879510,America PAC,CALIBER CONTACT,PRINTING/POSTAGE,2026,SE24.1606,4092520261599630050,2015089,F24,48,N,A,True,True,202609249908417835,https://docquery.fec.gov/cgi-bin/fecimg/?202609249908417835,2026-09-24,2026-09-24,2026-09-25,"CISCOMANI, JUAN",REP,G2026
2026-09-25,52012.62,support,2026-H-AZ-01,AZ-01 (2026),H6AZ05190,Jay Feely,H,AZ,01,candidate_id,False,2026-H-AZ-01,2026-H-AZ-01,C00879510,America PAC,CALIBER CONTACT,PRINTING/POSTAGE,2026,SE24.1607,4092520261599630051,2015089,F24,48,N,A,True,True,202609249908417835,https://docquery.fec.gov/cgi-bin/fecimg/?202609249908417835,2026-09-24,2026-09-24,2026-09-25,"FEELY, THOMAS JAMES",REP,G2026
2026-09-25,1133.61,oppose,2026-H-NY-17,NY-17 (2026),H6NY17171,Cait Conley,H,NY,17,candidate_id,False,2026-H-NY-17,2026-H-NY-17,C00879510,America PAC,IMGE LLC,TEXTING SERVICE,2026,SE24.1608,4092520261599630544,2015220,F24,48,N,A,True,True,202609259908418862,https://docquery.fec.gov/cgi-bin/fecimg/?202609259908418862,2026-09-25,2026-09-25,2026-09-25,"CONLEY, CAIT",DEM,G2026
2026-09-26,3820.40,oppose,2026-H-MI-10,MI-10 (2026),H6MI10276,Christina Hines,H,MI,10,candidate_id,False,2026-H-MI-10,2026-H-MI-10,C00879510,America PAC,IMGE LLC,TEXTING SERVICE,2026,SE24.1580,4092520261599630086,2015089,F24,48,N,A,True,True,202609249908417853,https://docquery.fec.gov/cgi-bin/fecimg/?202609249908417853,2026-09-24,2026-09-24,2026-09-26,"HINES, CHRISTINA",DEM,G2026
2026-09-26,845.00,oppose,2026-H-MI-10,MI-10 (2026),H6MI10276,Christina Hines,H,MI,10,candidate_id,False,2026-H-MI-10,2026-H-MI-10,C00879510,America PAC,IMGE LLC,TEXTING SERVICE,2026,SE24.1581,4092520261599630087,2015089,F24,48,N,A,True,True,202609249908417853,https://docquery.fec.gov/cgi-bin/fecimg/?202609249908417853,2026-09-24,2026-09-24,2026-09-26,"HINES, CHRISTINA",DEM,G2026
2026-09-26,845.00,oppose,2026-H-MI-07,MI-07 (2026),H6MI07298,William Lawrence,H,MI,07,candidate_id,False,2026-H-MI-07,2026-H-MI-07,C00879510,America PAC,IMGE LLC,TEXTING SERVICE,2026,SE24.1582,4092520261599630088,2015089,F24,48,N,A,True,True,202609249908417854,https://docquery.fec.gov/cgi-bin/fecimg/?202609249908417854,2026-09-24,2026-09-24,2026-09-26,"LAWRENCE, WILLIAM",DEM,G2026
2026-09-26,5740.10,oppose,2026-H-MI-04,MI-04 (2026),H6MI04204,Sean McCann,H,MI,04,candidate_id,False,2026-H-MI-04,2026-H-MI-04,C00879510,America PAC,IMGE LLC,TEXTING SERVICE,2026,SE24.1583,4092520261599630089,2015089,F24,48,N,A,True,True,202609249908417854,https://docquery.fec.gov/cgi-bin/fecimg/?202609249908417854,2026-09-24,2026-09-24,2026-09-26,"MCCANN, SEAN",DEM,G2026
2026-09-26,5753.28,oppose,2026-H-MI-07,MI-07 (2026),H6MI07298,William Lawrence,H,MI,07,candidate_id,False,2026-H-MI-07,2026-H-MI-07,C00879510,America PAC,IMGE LLC,TEXTING SERVICE,2026,SE24.1584,4092520261599630090,2015089,F24,48,N,A,True,True,202609249908417855,https://docquery.fec.gov/cgi-bin/fecimg/?202609249908417855,2026-09-24,2026-09-24,2026-09-26,"LAWRENCE, WILLIAM",DEM,G2026
2026-09-26,5783.71,oppose,2026-H-MI-08,MI-08 (2026),H4MI08218,Kristen McDonald Rivet,H,MI,08,candidate_id,False,2026-H-MI-08,2026-H-MI-08,C00879510,America PAC,IMGE LLC,TEXTING SERVICE,2026,SE24.1585,4092520261599630091,2015089,F24,48,N,A,True,True,202609249908417855,https://docquery.fec.gov/cgi-bin/fecimg/?202609249908417855,2026-09-24,2026-09-24,2026-09-26,"MCDONALD RIVET, KRISTEN",DEM,G2026
2026-09-26,1180.00,oppose,2026-H-MI-04,MI-04 (2026),H6MI04204,Sean McCann,H,MI,04,candidate_id,False,2026-H-MI-04,2026-H-MI-04,C00879510,America PAC,IMGE LLC,TEXTING SERVICE,2026,SE24.1586,4092520261599630092,2015089,F24,48,N,A,True,True,202609249908417856,https://docquery.fec.gov/cgi-bin/fecimg/?202609249908417856,2026-09-24,2026-09-24,2026-09-26,"MCCANN, SEAN",DEM,G2026
2026-09-26,1180.00,oppose,2026-H-MI-08,MI-08 (2026),H4MI08218,Kristen McDonald Rivet,H,MI,08,candidate_id,False,2026-H-MI-08,2026-H-MI-08,C00879510,America PAC,IMGE LLC,TEXTING SERVICE,2026,SE24.1587,4092520261599630093,2015089,F24,48,N,A,True,True,202609249908417856,https://docquery.fec.gov/cgi-bin/fecimg/?202609249908417856,2026-09-24,2026-09-24,2026-09-26,"MCDONALD RIVET, KRISTEN",DEM,G2026
2026-09-26,1832.46,oppose,2026-H-TX-15,TX-15 (2026),H6TX15246,Bobby Pulido,H,TX,15,candidate_id,False,2026-H-TX-15,2026-H-TX-15,C00879510,America PAC,IMGE LLC,TEXTING SERVICE,2026,SE24.1625,4092920261599843009,2015471,F24,48,N,A,True,True,202609289908481357,https://docquery.fec.gov/cgi-bin/fecimg/?202609289908481357,2026-09-28,2026-09-28,2026-09-26,"PULIDO, BOBBY",DEM,G2026
2026-09-26,2524.20,oppose,2026-H-TX-23,TX-23 (2026),H6TX23273,Katy Padilla Stout,H,TX,23,candidate_id,False,2026-H-TX-23,2026-H-TX-23,C00879510,America PAC,IMGE LLC,TEXTING SERVICE,2026,SE24.1626,4092920261599843010,2015471,F24,48,N,A,True,True,202609289908481357,https://docquery.fec.gov/cgi-bin/fecimg/?202609289908481357,2026-09-28,2026-09-28,2026-09-26,"STOUT, KATY PADILLA",DEM,G2026
2026-09-26,2183.23,oppose,2026-H-TX-35,TX-35 (2026),H6TX35095,Johnny Garcia,H,TX,35,candidate_id,False,2026-H-TX-35,2026-H-TX-35,C00879510,America PAC,IMGE LLC,TEXTING SERVICE,2026,SE24.1627,4092920261599843011,2015471,F24,48,N,A,True,True,202609289908481358,https://docquery.fec.gov/cgi-bin/fecimg/?202609289908481358,2026-09-28,2026-09-28,2026-09-26,"GARCIA, JOHNNY",DEM,G2026
2026-09-26,2530.88,oppose,2026-H-TX-28,TX-28 (2026),H2TX23082,Henry Cuellar,H,TX,28,candidate_id,False,2026-H-TX-28,2026-H-TX-28,C00879510,America PAC,IMGE LLC,TEXTING SERVICE,2026,SE24.1628,4092920261599843012,2015471,F24,48,N,A,True,True,202609289908481358,https://docquery.fec.gov/cgi-bin/fecimg/?202609289908481358,2026-09-28,2026-09-28,2026-09-26,"CUELLAR, HENRY R.",DEM,G2026
2026-09-26,1690.85,oppose,2026-H-TX-34,TX-34 (2026),H6TX15162,Vicente Gonzalez,H,TX,34,candidate_id,False,2026-H-TX-34,2026-H-TX-34,C00879510,America PAC,IMGE LLC,TEXTING SERVICE,2026,SE24.1629,4092920261599843013,2015471,F24,48,N,A,True,True,202609289908481359,https://docquery.fec.gov/cgi-bin/fecimg/?202609289908481359,2026-09-28,2026-09-28,2026-09-26,"GONZALEZ, VICENTE",DEM,G2026
2026-09-26,550.21,support,2026-S-AK,AK Senate (2026),S4AK00214,Dan Sullivan,S,AK,00,candidate_id,False,2026-S-AK,2026-S-AK,C00879510,America PAC,IMGE LLC,TEXTING SERVICE,2026,SE24.1631,4092920261599843015,2015471,F24,48,N,A,True,True,202609289908481360,https://docquery.fec.gov/cgi-bin/fecimg/?202609289908481360,2026-09-28,2026-09-28,2026-09-26,"SULLIVAN, DAN",REP,G2026
2026-09-26,11720.10,oppose,2026-S-OH,OH Senate (2026),S6OH00163,Sherrod Brown,S,OH,00,candidate_id,False,2026-S-OH,2026-S-OH,C00879510,America PAC,IMGE LLC,TEXTING SERVICE,2026,SE24.1632,4092920261599843016,2015471,F24,48,N,A,True,True,202609289908481360,https://docquery.fec.gov/cgi-bin/fecimg/?202609289908481360,2026-09-28,2026-09-28,2026-09-26,"BROWN, SHERROD",DEM,G2026
2026-09-27,26198.12,oppose,2026-H-MI-07,MI-07 (2026),H6MI07298,William Lawrence,H,MI,07,candidate_id,False,2026-H-MI-07,2026-H-MI-07,C00879510,America PAC,IMGE LLC,DIGITAL MEDIA,2026,SE24.1548,4092520261599630054,2015089,F24,48,N,A,True,True,202609249908417837,https://docquery.fec.gov/cgi-bin/fecimg/?202609249908417837,2026-09-24,2026-09-24,2026-09-27,"LAWRENCE, WILLIAM",DEM,G2026
2026-09-27,27531.99,oppose,2026-H-MI-04,MI-04 (2026),H6MI04204,Sean McCann,H,MI,04,candidate_id,False,2026-H-MI-04,2026-H-MI-04,C00879510,America PAC,IMGE LLC,DIGITAL MEDIA,2026,SE24.1549,4092520261599630055,2015089,F24,48,N,A,True,True,202609249908417837,https://docquery.fec.gov/cgi-bin/fecimg/?202609249908417837,2026-09-24,2026-09-24,2026-09-27,"MCCANN, SEAN",DEM,G2026
2026-09-27,17242.94,oppose,2026-H-MI-10,MI-10 (2026),H6MI10276,Christina Hines,H,MI,10,candidate_id,False,2026-H-MI-10,2026-H-MI-10,C00879510,America PAC,IMGE LLC,DIGITAL MEDIA,2026,SE24.1550,4092520261599630056,2015089,F24,48,N,A,True,True,202609249908417838,https://docquery.fec.gov/cgi-bin/fecimg/?202609249908417838,2026-09-24,2026-09-24,2026-09-27,"HINES, CHRISTINA",DEM,G2026
2026-09-27,29365.50,oppose,2026-H-FL-25,FL-25 (2026),H2FL22171,Jared Moskowitz,H,FL,25,candidate_id,False,2026-H-FL-25,2026-H-FL-25,C00879510,America PAC,IMGE LLC,DIGITAL MEDIA,2026,SE24.1588,4092520261599630094,2015089,F24,48,N,A,True,True,202609249908417857,https://docquery.fec.gov/cgi-bin/fecimg/?202609249908417857,2026-09-24,2026-09-24,2026-09-27,"MOSKOWITZ, JARED",DEM,G2026
2026-09-27,10000.00,oppose,2026-H-FL-25,FL-25 (2026),H2FL22171,Jared Moskowitz,H,FL,25,candidate_id,False,2026-H-FL-25,2026-H-FL-25,C00879510,America PAC,IMGE LLC,DIGITAL MEDIA,2026,SE24.1589,4092520261599630095,2015089,F24,48,N,A,True,True,202609249908417857,https://docquery.fec.gov/cgi-bin/fecimg/?202609249908417857,2026-09-24,2026-09-24,2026-09-27,"MOSKOWITZ, JARED",DEM,G2026
2026-09-27,26161.05,oppose,2026-H-MI-04,MI-04 (2026),H6MI04204,Sean McCann,H,MI,04,candidate_id,False,2026-H-MI-04,2026-H-MI-04,C00879510,America PAC,IMGE LLC,DIGITAL MEDIA,2026,SE24.1609,4092520261599630545,2015220,F24,48,N,A,True,True,202609259908418862,https://docquery.fec.gov/cgi-bin/fecimg/?202609259908418862,2026-09-25,2026-09-25,2026-09-27,"MCCANN, SEAN",DEM,G2026
2026-09-28,15735.00,support,2026-H-TX-35,TX-35 (2026),H6TX35087,Carlos De La Cruz,H,TX,35,candidate_id,False,2026-H-TX-35,2026-H-TX-35,C00879510,America PAC,STORYTELLERS GROUP LLC,PRINTING/POSTAGE,2026,SE24.1450,4091620261598620264,2012435,F24,48,N,A,True,True,202609169904267676,https://docquery.fec.gov/cgi-bin/fecimg/?202609169904267676,2026-09-16,2026-09-16,2026-09-28,"DE LA CRUZ, CARLOS JR.",REP,G2026
2026-09-28,15735.00,oppose,2026-H-TX-35,TX-35 (2026),H6TX35095,Johnny Garcia,H,TX,35,candidate_id,False,2026-H-TX-35,2026-H-TX-35,C00879510,America PAC,STORYTELLERS GROUP LLC,PRINTING/POSTAGE,2026,SE24.1451,4091620261598620265,2012435,F24,48,N,A,True,True,202609169904267677,https://docquery.fec.gov/cgi-bin/fecimg/?202609169904267677,2026-09-16,2026-09-16,2026-09-28,"GARCIA, JOHNNY",DEM,G2026
2026-09-28,12602.00,support,2026-H-TX-34,TX-34 (2026),H6TX34080,Eric Flores,H,TX,34,candidate_id,False,2026-H-TX-34,2026-H-TX-34,C00879510,America PAC,STORYTELLERS GROUP LLC,PRINTING/POSTAGE,2026,SE24.1452,4091620261598620266,2012435,F24,48,N,A,True,True,202609169904267677,https://docquery.fec.gov/cgi-bin/fecimg/?202609169904267677,2026-09-16,2026-09-16,2026-09-28,"FLORES, ERIC",REP,G2026
2026-09-28,12602.00,oppose,2026-H-TX-34,TX-34 (2026),H6TX15162,Vicente Gonzalez,H,TX,34,candidate_id,False,2026-H-TX-34,2026-H-TX-34,C00879510,America PAC,STORYTELLERS GROUP LLC,PRINTING/POSTAGE,2026,SE24.1453,4091620261598620267,2012435,F24,48,N,A,True,True,202609169904267678,https://docquery.fec.gov/cgi-bin/fecimg/?202609169904267678,2026-09-16,2026-09-16,2026-09-28,"GONZALEZ, VICENTE",DEM,G2026
2026-09-28,18832.50,support,2026-H-TX-28,TX-28 (2026),H6TX28124,Tano Tijerina,H,TX,28,candidate_id,False,2026-H-TX-28,2026-H-TX-28,C00879510,America PAC,STORYTELLERS GROUP LLC,PRINTING/POSTAGE,2026,SE24.1454,4091620261598620268,2012435,F24,48,N,A,True,True,202609169904267678,https://docquery.fec.gov/cgi-bin/fecimg/?202609169904267678,2026-09-16,2026-09-16,2026-09-28,"TIJERINA, TANO",REP,G2026
2026-09-28,18832.50,oppose,2026-H-TX-28,TX-28 (2026),H2TX23082,Henry Cuellar,H,TX,28,candidate_id,False,2026-H-TX-28,2026-H-TX-28,C00879510,America PAC,STORYTELLERS GROUP LLC,PRINTING/POSTAGE,2026,SE24.1455,4091620261598620269,2012435,F24,48,N,A,True,True,202609169904267679,https://docquery.fec.gov/cgi-bin/fecimg/?202609169904267679,2026-09-16,2026-09-16,2026-09-28,"CUELLAR, HENRY R.",DEM,G2026
2026-09-28,20984.00,support,2026-H-TX-23,TX-23 (2026),H4TX23120,Brandon Herrera,H,TX,23,candidate_id,False,2026-H-TX-23,2026-H-TX-23,C00879510,America PAC,STORYTELLERS GROUP LLC,PRINTING/POSTAGE,2026,SE24.1456,4091620261598620270,2012435,F24,48,N,A,True,True,202609169904267679,https://docquery.fec.gov/cgi-bin/fecimg/?202609169904267679,2026-09-16,2026-09-16,2026-09-28,"HERRERA, BRANDON",REP,G2026
2026-09-28,10492.00,oppose,2026-H-TX-23,TX-23 (2026),H6TX23273,Katy Padilla Stout,H,TX,23,candidate_id,False,2026-H-TX-23,2026-H-TX-23,C00879510,America PAC,STORYTELLERS GROUP LLC,PRINTING/POSTAGE,2026,SE24.1457,4091620261598620271,2012435,F24,48,N,A,True,True,202609169904267680,https://docquery.fec.gov/cgi-bin/fecimg/?202609169904267680,2026-09-16,2026-09-16,2026-09-28,"STOUT, KATY PADILLA",DEM,G2026
2026-09-28,10492.00,oppose,2026-S-TX,TX Senate (2026),S6TX00479,James Talarico,S,TX,00,candidate_id,False,2026-S-TX,2026-S-TX,C00879510,America PAC,STORYTELLERS GROUP LLC,PRINTING/POSTAGE,2026,SE24.1458,4091620261598620272,2012435,F24,48,N,A,True,True,202609169904267680,https://docquery.fec.gov/cgi-bin/fecimg/?202609169904267680,2026-09-16,2026-09-16,2026-09-28,"TALARICO, JAMES",DEM,G2026
2026-09-28,13969.00,support,2026-H-TX-15,TX-15 (2026),H0TX15124,Monica De La Cruz,H,TX,15,candidate_id,False,2026-H-TX-15,2026-H-TX-15,C00879510,America PAC,STORYTELLERS GROUP LLC,PRINTING/POSTAGE,2026,SE24.1459,4091620261598620273,2012435,F24,48,N,A,True,True,202609169904267681,https://docquery.fec.gov/cgi-bin/fecimg/?202609169904267681,2026-09-16,2026-09-16,2026-09-28,"DE LA CRUZ, MONICA",REP,G2026
2026-09-28,13969.00,oppose,2026-H-TX-15,TX-15 (2026),H6TX15246,Bobby Pulido,H,TX,15,candidate_id,False,2026-H-TX-15,2026-H-TX-15,C00879510,America PAC,STORYTELLERS GROUP LLC,PRINTING/POSTAGE,2026,SE24.1460,4091620261598620274,2012435,F24,48,N,A,True,True,202609169904267681,https://docquery.fec.gov/cgi-bin/fecimg/?202609169904267681,2026-09-16,2026-09-16,2026-09-28,"PULIDO, BOBBY",DEM,G2026
2026-09-28,9930.00,oppose,2026-H-IA-01,IA-01 (2026),H2IA02111,Christina Bohannan,H,IA,01,candidate_id,False,2026-H-IA-01,2026-H-IA-01,C00879510,America PAC,THE BAKER GROUP LLC,PRINTING/POSTAGE,2026,SE24.1471,4091920261598950116,2013960,F24,48,N,A,True,True,202609189904424535,https://docquery.fec.gov/cgi-bin/fecimg/?202609189904424535,2026-09-18,2026-09-18,2026-09-28,"BOHANNAN, CHRISTINA",DEM,G2026
2026-09-28,8783.00,oppose,2026-H-IA-02,IA-02 (2026),H6IA02211,Lindsay James,H,IA,02,candidate_id,False,2026-H-IA-02,2026-H-IA-02,C00879510,America PAC,THE BAKER GROUP LLC,PRINTING/POSTAGE,2026,SE24.1472,4091920261598950117,2013960,F24,48,N,A,True,True,202609189904424535,https://docquery.fec.gov/cgi-bin/fecimg/?202609189904424535,2026-09-18,2026-09-18,2026-09-28,"JAMES, LINDSAY",DEM,G2026
2026-09-28,7033.00,oppose,2026-H-IA-03,IA-03 (2026),H6IA03268,Sarah Trone Garriott,H,IA,03,candidate_id,False,2026-H-IA-03,2026-H-IA-03,C00879510,America PAC,THE BAKER GROUP LLC,PRINTING/POSTAGE,2026,SE24.1473,4091920261598950118,2013960,F24,48,N,A,True,True,202609189904424536,https://docquery.fec.gov/cgi-bin/fecimg/?202609189904424536,2026-09-18,2026-09-18,2026-09-28,"TRONE GARRIOTT, SARAH",DEM,G2026
2026-09-28,20384.50,support,2026-S-AK,AK Senate (2026),S4AK00214,Dan Sullivan,S,AK,00,candidate_id,False,2026-S-AK,2026-S-AK,C00879510,America PAC,THE BAKER GROUP LLC,PRINTING/POSTAGE,2026,SE24.1515,4092220261599309038,2014723,F24,48,N,A,True,True,202609219908383846,https://docquery.fec.gov/cgi-bin/fecimg/?202609219908383846,2026-09-21,2026-09-21,2026-09-28,"SULLIVAN, DAN",REP,G2026
2026-09-28,20384.50,oppose,2026-S-AK,AK Senate (2026),S6AK00276,Mary Peltola,S,AK,00,candidate_id,False,2026-S-AK,2026-S-AK,C00879510,America PAC,THE BAKER GROUP LLC,PRINTING/POSTAGE,2026,SE24.1516,4092220261599309039,2014723,F24,48,N,A,True,True,202609219908383847,https://docquery.fec.gov/cgi-bin/fecimg/?202609219908383847,2026-09-21,2026-09-21,2026-09-28,"PELTOLA, MARY",DEM,G2026
2026-09-28,16693.05,support,2026-S-NH,NH Senate (2026),S6NH00208,John Sununu,S,NH,00,candidate_id,False,2026-S-NH,2026-S-NH,C00879510,America PAC,CONNECTION STRATEGY LLC,MESSAGE PHONE CALLS,2026,SE24.1600,4092520261599630052,2015089,F24,48,N,A,True,True,202609249908417836,https://docquery.fec.gov/cgi-bin/fecimg/?202609249908417836,2026-09-24,2026-09-24,2026-09-28,"SUNUNU, JOHN E",REP,G2026
2026-09-28,16693.05,oppose,2026-S-NH,NH Senate (2026),S6NH00141,Chris Pappas,S,NH,00,candidate_id,False,2026-S-NH,2026-S-NH,C00879510,America PAC,CONNECTION STRATEGY LLC,MESSAGE PHONE CALLS,2026,SE24.1601,4092520261599630053,2015089,F24,48,N,A,True,True,202609249908417836,https://docquery.fec.gov/cgi-bin/fecimg/?202609249908417836,2026-09-24,2026-09-24,2026-09-28,"PAPPAS, CHRIS",DEM,G2026
2026-09-28,8713.71,support,2026-H-VA-02,VA-02 (2026),H2VA02064,Jen Kiggans,H,VA,02,candidate_id,False,2026-H-VA-02,2026-H-VA-02,C00879510,America PAC,STORYTELLERS GROUP LLC,PRINTING/POSTAGE,2026,SE24.1602,4092520261599630116,2015089,F24,48,N,A,True,True,202609249908417868,https://docquery.fec.gov/cgi-bin/fecimg/?202609249908417868,2026-09-24,2026-09-24,2026-09-28,"KIGGANS, JENNIFER",REP,G2026
2026-09-28,30241.88,support,2026-H-CO-08,CO-08 (2026),H4CO08034,Gabe Evans,H,CO,08,candidate_id,False,2026-H-CO-08,2026-H-CO-08,C00879510,America PAC,CALIBER CONTACT,PRINTING/POSTAGE,2026,SE24.1603,4092520261599630047,2015089,F24,48,N,A,True,True,202609249908417833,https://docquery.fec.gov/cgi-bin/fecimg/?202609249908417833,2026-09-24,2026-09-24,2026-09-28,"EVANS, TIMOTHY GABRIEL JOSEPH",REP,G2026
2026-09-28,44419.33,support,2026-H-WA-03,WA-03 (2026),H6WA03275,John Braun,H,WA,03,candidate_id,False,2026-H-WA-03,2026-H-WA-03,C00879510,America PAC,CALIBER CONTACT,PRINTING/POSTAGE,2026,SE24.1604,4092520261599630048,2015089,F24,48,N,A,True,True,202609249908417834,https://docquery.fec.gov/cgi-bin/fecimg/?202609249908417834,2026-09-24,2026-09-24,2026-09-28,"BRAUN, JOHN",REP,G2026
2026-09-28,28206.85,support,2026-S-TX,TX Senate (2026),S6TX00388,Ken Paxton,S,TX,00,candidate_id,False,2026-S-TX,2026-S-TX,C00879510,America PAC,CONNECTION STRATEGY LLC,MESSAGE PHONE CALLS,2026,SE24.1610,4092520261599630530,2015220,F24,48,N,A,True,True,202609259908418855,https://docquery.fec.gov/cgi-bin/fecimg/?202609259908418855,2026-09-25,2026-09-25,2026-09-28,"PAXTON, WARREN KENNETH JR.",REP,G2026
2026-09-28,28206.85,oppose,2026-S-TX,TX Senate (2026),S6TX00479,James Talarico,S,TX,00,candidate_id,False,2026-S-TX,2026-S-TX,C00879510,America PAC,CONNECTION STRATEGY LLC,MESSAGE PHONE CALLS,2026,SE24.1611,4092520261599630531,2015220,F24,48,N,A,True,True,202609259908418855,https://docquery.fec.gov/cgi-bin/fecimg/?202609259908418855,2026-09-25,2026-09-25,2026-09-28,"TALARICO, JAMES",DEM,G2026
2026-09-28,6570.20,support,2026-S-AK,AK Senate (2026),S4AK00214,Dan Sullivan,S,AK,00,candidate_id,False,2026-S-AK,2026-S-AK,C00879510,America PAC,CONNECTION STRATEGY LLC,MESSAGE PHONE CALLS,2026,SE24.1613,4092520261599630532,2015220,F24,48,N,A,True,True,202609259908418856,https://docquery.fec.gov/cgi-bin/fecimg/?202609259908418856,2026-09-25,2026-09-25,2026-09-28,"SULLIVAN, DAN",REP,G2026
2026-09-28,6570.20,oppose,2026-S-AK,AK Senate (2026),S6AK00276,Mary Peltola,S,AK,00,candidate_id,False,2026-S-AK,2026-S-AK,C00879510,America PAC,CONNECTION STRATEGY LLC,MESSAGE PHONE CALLS,2026,SE24.1614,4092520261599630533,2015220,F24,48,N,A,True,True,202609259908418856,https://docquery.fec.gov/cgi-bin/fecimg/?202609259908418856,2026-09-25,2026-09-25,2026-09-28,"PELTOLA, MARY",DEM,G2026
2026-09-28,6531.53,support,2026-S-IA,IA Senate (2026),S6IA00314,Ashley Hinson,S,IA,00,candidate_id,False,2026-S-IA,2026-S-IA,C00879510,America PAC,CONNECTION STRATEGY LLC,MESSAGE PHONE CALLS,2026,SE24.1615,4092520261599630534,2015220,F24,48,N,A,True,True,202609259908418857,https://docquery.fec.gov/cgi-bin/fecimg/?202609259908418857,2026-09-25,2026-09-25,2026-09-28,"ARENHOLZ, ASHLEY HINSON",REP,G2026
2026-09-28,6531.52,oppose,2026-S-IA,IA Senate (2026),S6IA00298,Josh Turek,S,IA,00,candidate_id,False,2026-S-IA,2026-S-IA,C00879510,America PAC,CONNECTION STRATEGY LLC,MESSAGE PHONE CALLS,2026,SE24.1616,4092520261599630535,2015220,F24,48,N,A,True,True,202609259908418857,https://docquery.fec.gov/cgi-bin/fecimg/?202609259908418857,2026-09-25,2026-09-25,2026-09-28,"TUREK, JOSHUA",DEM,G2026
2026-09-28,5632.55,support,2026-S-ME,ME Senate (2026),S6ME00159,Susan M. Collins,S,ME,00,candidate_id,False,2026-S-ME,2026-S-ME,C00879510,America PAC,CONNECTION STRATEGY LLC,MESSAGE PHONE CALLS,2026,SE24.1617,4092520261599630536,2015220,F24,48,N,A,True,True,202609259908418858,https://docquery.fec.gov/cgi-bin/fecimg/?202609259908418858,2026-09-25,2026-09-25,2026-09-28,"COLLINS, SUSAN M.",REP,G2026
2026-09-28,5632.55,oppose,2026-S-ME,ME Senate (2026),S6ME00464,Troy Jackson,S,ME,00,candidate_id,False,2026-S-ME,2026-S-ME,C00879510,America PAC,CONNECTION STRATEGY LLC,MESSAGE PHONE CALLS,2026,SE24.1618,4092520261599630537,2015220,F24,48,N,A,True,True,202609259908418858,https://docquery.fec.gov/cgi-bin/fecimg/?202609259908418858,2026-09-25,2026-09-25,2026-09-28,"JACKSON, TROY DALE",DEM,G2026
2026-09-28,13007.05,support,2026-S-MI,MI Senate (2026),S4MI00595,Mike Rogers,S,MI,00,candidate_id,False,2026-S-MI,2026-S-MI,C00879510,America PAC,CONNECTION STRATEGY LLC,MESSAGE PHONE CALLS,2026,SE24.1619,4092520261599630538,2015220,F24,48,N,A,True,True,202609259908418859,https://docquery.fec.gov/cgi-bin/fecimg/?202609259908418859,2026-09-25,2026-09-25,2026-09-28,"ROGERS, MICHAEL J",REP,G2026
2026-09-28,13007.05,oppose,2026-S-MI,MI Senate (2026),S6MI00418,Abdul El-Sayed,S,MI,00,candidate_id,False,2026-S-MI,2026-S-MI,C00879510,America PAC,CONNECTION STRATEGY LLC,MESSAGE PHONE CALLS,2026,SE24.1620,4092520261599630539,2015220,F24,48,N,A,True,True,202609259908418859,https://docquery.fec.gov/cgi-bin/fecimg/?202609259908418859,2026-09-25,2026-09-25,2026-09-28,"EL-SAYED, ABDUL",DEM,G2026
2026-09-28,16034.73,support,2026-S-NH,NH Senate (2026),S6NH00208,John Sununu,S,NH,00,candidate_id,False,2026-S-NH,2026-S-NH,C00879510,America PAC,CONNECTION STRATEGY LLC,MESSAGE PHONE CALLS,2026,SE24.1621,4092520261599630540,2015220,F24,48,N,A,True,True,202609259908418860,https://docquery.fec.gov/cgi-bin/fecimg/?202609259908418860,2026-09-25,2026-09-25,2026-09-28,"SUNUNU, JOHN E",REP,G2026
2026-09-28,16034.72,oppose,2026-S-NH,NH Senate (2026),S6NH00141,Chris Pappas,S,NH,00,candidate_id,False,2026-S-NH,2026-S-NH,C00879510,America PAC,CONNECTION STRATEGY LLC,MESSAGE PHONE CALLS,2026,SE24.1622,4092520261599630541,2015220,F24,48,N,A,True,True,202609259908418860,https://docquery.fec.gov/cgi-bin/fecimg/?202609259908418860,2026-09-25,2026-09-25,2026-09-28,"PAPPAS, CHRIS",DEM,G2026
2026-09-28,12442.50,support,2026-S-OH,OH Senate (2026),S6OH00304,Jon Husted,S,OH,00,candidate_id,False,2026-S-OH,2026-S-OH,C00879510,America PAC,CONNECTION STRATEGY LLC,MESSAGE PHONE CALLS,2026,SE24.1623,4092520261599630542,2015220,F24,48,N,A,True,True,202609259908418861,https://docquery.fec.gov/cgi-bin/fecimg/?202609259908418861,2026-09-25,2026-09-25,2026-09-28,"HUSTED, JON",REP,G2026
2026-09-28,12442.50,oppose,2026-S-OH,OH Senate (2026),S6OH00163,Sherrod Brown,S,OH,00,candidate_id,False,2026-S-OH,2026-S-OH,C00879510,America PAC,CONNECTION STRATEGY LLC,MESSAGE PHONE CALLS,2026,SE24.1624,4092520261599630543,2015220,F24,48,N,A,True,True,202609259908418861,https://docquery.fec.gov/cgi-bin/fecimg/?202609259908418861,2026-09-25,2026-09-25,2026-09-28,"BROWN, SHERROD",DEM,G2026
2026-09-28,1810.76,oppose,2026-H-NH-02,NH-02 (2026),H4NH02399,Maggie Goodlander,H,NH,02,candidate_id,False,2026-H-NH-02,2026-H-NH-02,C00879510,America PAC,IMGE LLC,TEXTING SERVICE,2026,SE24.1630,4092920261599843014,2015471,F24,48,N,A,True,True,202609289908481359,https://docquery.fec.gov/cgi-bin/fecimg/?202609289908481359,2026-09-28,2026-09-28,2026-09-28,"GOODLANDER, MAGGIE",DEM,G2026
2026-09-28,550.21,oppose,2026-S-AK,AK Senate (2026),S6AK00276,Mary Peltola,S,AK,00,candidate_id,False,2026-S-AK,2026-S-AK,C00879510,America PAC,IMGE LLC,TEXTING SERVICE,2026,SE24.1633,4092920261599843017,2015471,F24,48,N,A,True,True,202609289908481361,https://docquery.fec.gov/cgi-bin/fecimg/?202609289908481361,2026-09-28,2026-09-28,2026-09-28,"PELTOLA, MARY",DEM,G2026
2026-09-29,223596.98,support,2026-S-OH,OH Senate (2026),S6OH00304,Jon Husted,S,OH,00,candidate_id,False,2026-S-OH,2026-S-OH,C00879510,America PAC,RED ZONE STRATEGIC LLC,PRINTING/POSTAGE,2026,SE24.1598,4092520261599630108,2015089,F24,48,N,A,True,True,202609249908417864,https://docquery.fec.gov/cgi-bin/fecimg/?202609249908417864,2026-09-24,2026-09-24,2026-09-29,"HUSTED, JON",REP,G2026
2026-09-29,223596.97,oppose,2026-S-OH,OH Senate (2026),S6OH00163,Sherrod Brown,S,OH,00,candidate_id,False,2026-S-OH,2026-S-OH,C00879510,America PAC,RED ZONE STRATEGIC LLC,PRINTING/POSTAGE,2026,SE24.1599,4092520261599630109,2015089,F24,48,N,A,True,True,202609249908417864,https://docquery.fec.gov/cgi-bin/fecimg/?202609249908417864,2026-09-24,2026-09-24,2026-09-29,"BROWN, SHERROD",DEM,G2026
2026-09-29,235762.28,support,2026-S-MI,MI Senate (2026),S4MI00595,Mike Rogers,S,MI,00,candidate_id,False,2026-S-MI,2026-S-MI,C00879510,America PAC,RED ZONE STRATEGIC LLC,PRINTING/POSTAGE,2026,SE24.1639,4092920261599843020,2015471,F24,48,N,A,True,True,202609289908481362,https://docquery.fec.gov/cgi-bin/fecimg/?202609289908481362,2026-09-28,2026-09-28,2026-09-29,"ROGERS, MICHAEL J",REP,G2026
2026-09-29,235762.27,oppose,2026-S-MI,MI Senate (2026),S6MI00418,Abdul El-Sayed,S,MI,00,candidate_id,False,2026-S-MI,2026-S-MI,C00879510,America PAC,RED ZONE STRATEGIC LLC,PRINTING/POSTAGE,2026,SE24.1640,4092920261599843021,2015471,F24,48,N,A,True,True,202609289908481363,https://docquery.fec.gov/cgi-bin/fecimg/?202609289908481363,2026-09-28,2026-09-28,2026-09-29,"EL-SAYED, ABDUL",DEM,G2026
2026-09-29,36703.83,oppose,2026-S-OH,OH Senate (2026),S6OH00163,Sherrod Brown,S,OH,00,candidate_id,False,2026-S-OH,2026-S-OH,C00879510,America PAC,IMGE LLC,TEXTING SERVICE,2026,SE24.1697,4092920261599843155,2015607,F24,48,N,A,True,True,202609299908492893,https://docquery.fec.gov/cgi-bin/fecimg/?202609299908492893,2026-09-29,2026-09-29,2026-09-29,"BROWN, SHERROD",DEM,G2026
2026-09-29,28037.76,support,2026-H-CA-22,CA-22 (2026),H2CA20094,David G. Valadao,H,CA,22,candidate_id,False,2026-H-CA-22,2026-H-CA-22,C00879510,America PAC,CALIBER CONTACT,PRINTING/POSTAGE,2026,SE24.1709,4100120261600351029,2015792,F24,48,N,A,True,True,202609309908498239,https://docquery.fec.gov/cgi-bin/fecimg/?202609309908498239,2026-09-30,2026-09-30,2026-09-29,"VALADAO, DAVID",REP,G2026
2026-09-29,11363.10,support,2026-H-FL-25,FL-25 (2026),H6FL23188,Scott Singer,H,FL,25,candidate_id,False,2026-H-FL-25,2026-H-FL-25,C00879510,America PAC,CONNECTION STRATEGY LLC,MESSAGE PHONE CALLS,2026,SE24.1711,4100120261600351031,2015792,F24,48,N,A,True,True,202609309908498240,https://docquery.fec.gov/cgi-bin/fecimg/?202609309908498240,2026-09-30,2026-09-30,2026-09-29,"SINGER, SCOTT M.",REP,G2026
2026-09-29,11363.10,oppose,2026-H-FL-25,FL-25 (2026),H2FL22171,Jared Moskowitz,H,FL,25,candidate_id,False,2026-H-FL-25,2026-H-FL-25,C00879510,America PAC,CONNECTION STRATEGY LLC,MESSAGE PHONE CALLS,2026,SE24.1712,4100120261600351032,2015792,F24,48,N,A,True,True,202609309908498241,https://docquery.fec.gov/cgi-bin/fecimg/?202609309908498241,2026-09-30,2026-09-30,2026-09-29,"MOSKOWITZ, JARED",DEM,G2026
2026-09-29,11759.30,support,2026-H-WI-03,WI-03 (2026),H0WI03175,Derrick Van Orden,H,WI,03,candidate_id,False,2026-H-WI-03,2026-H-WI-03,C00879510,America PAC,CONNECTION STRATEGY LLC,MESSAGE PHONE CALLS,2026,SE24.1713,4100120261600351033,2015792,F24,48,N,A,True,True,202609309908498241,https://docquery.fec.gov/cgi-bin/fecimg/?202609309908498241,2026-09-30,2026-09-30,2026-09-29,"VAN ORDEN, DERRICK F. MR.",REP,G2026
2026-09-29,11759.30,oppose,2026-H-WI-03,WI-03 (2026),H4WI03169,Rebecca Cooke,H,WI,03,candidate_id,False,2026-H-WI-03,2026-H-WI-03,C00879510,America PAC,CONNECTION STRATEGY LLC,MESSAGE PHONE CALLS,2026,SE24.1714,4100120261600351034,2015792,F24,48,N,A,True,True,202609309908498242,https://docquery.fec.gov/cgi-bin/fecimg/?202609309908498242,2026-09-30,2026-09-30,2026-09-29,"COOKE, REBECCA",DEM,G2026
2026-09-29,23816.10,support,2026-H-AZ-01,AZ-01 (2026),H6AZ05190,Jay Feely,H,AZ,01,candidate_id,False,2026-H-AZ-01,2026-H-AZ-01,C00879510,America PAC,CONNECTION STRATEGY LLC,MESSAGE PHONE CALLS,2026,SE24.1715,4100120261600351035,2015792,F24,48,N,A,True,True,202609309908498242,https://docquery.fec.gov/cgi-bin/fecimg/?202609309908498242,2026-09-30,2026-09-30,2026-09-29,"FEELY, THOMAS JAMES",REP,G2026
2026-09-29,11191.95,support,2026-H-CA-22,CA-22 (2026),H2CA20094,David G. Valadao,H,CA,22,candidate_id,False,2026-H-CA-22,2026-H-CA-22,C00879510,America PAC,CONNECTION STRATEGY LLC,MESSAGE PHONE CALLS,2026,SE24.1716,4100120261600351036,2015792,F24,48,N,A,True,True,202609309908498243,https://docquery.fec.gov/cgi-bin/fecimg/?202609309908498243,2026-09-30,2026-09-30,2026-09-29,"VALADAO, DAVID",REP,G2026
2026-09-29,1150.00,support,2026-S-MI,MI Senate (2026),S4MI00595,Mike Rogers,S,MI,00,candidate_id,False,2026-S-MI,2026-S-MI,C00879510,America PAC,RED ZONE STRATEGIC LLC,PRINTING,2026,SE24.1737,4100120261600351057,2015792,F24,48,N,A,True,True,202609309908498253,https://docquery.fec.gov/cgi-bin/fecimg/?202609309908498253,2026-09-30,2026-09-30,2026-09-29,"ROGERS, MICHAEL J",REP,G2026
2026-09-30,48576.00,oppose,2026-H-ME-02,ME-02 (2026),H6ME02171,Matt Dunlap,H,ME,02,candidate_id,False,2026-H-ME-02,2026-H-ME-02,C00879510,America PAC,RED MAVERICK MEDIA LLC,PRINTING/POSTAGE,2026,SE24.1369,4091120261598241103,2011470,F24,48,N,A,True,True,202609109904190245,https://docquery.fec.gov/cgi-bin/fecimg/?202609109904190245,2026-09-10,2026-09-10,2026-09-30,"DUNLAP, MATT",DEM,G2026
2026-09-30,42274.00,oppose,2026-H-NH-01,NH-01 (2026),H6NH01321,Stefany Shaheen,H,NH,01,candidate_id,False,2026-H-NH-01,2026-H-NH-01,C00879510,America PAC,RED MAVERICK MEDIA LLC,PRINTING/POSTAGE,2026,SE24.1427,4091520261598532038,2011920,F24,48,N,A,True,True,202609149904205612,https://docquery.fec.gov/cgi-bin/fecimg/?202609149904205612,2026-09-14,2026-09-14,2026-09-30,"SHAHEEN, STEFANY",DEM,G2026
2026-09-30,8132.65,oppose,2026-H-PA-08,PA-08 (2026),H6PA08293,Paige Cognetti,H,PA,08,candidate_id,False,2026-H-PA-08,2026-H-PA-08,C00879510,America PAC,IMGE LLC,TEXTING SERVICE,2026,SE24.1678,4092920261599843149,2015607,F24,48,N,A,True,True,202609299908492890,https://docquery.fec.gov/cgi-bin/fecimg/?202609299908492890,2026-09-29,2026-09-29,2026-09-30,"COGNETTI, PAIGE",DEM,G2026
2026-09-30,7778.75,oppose,2026-H-PA-07,PA-07 (2026),H6PA07188,Bob Brooks,H,PA,07,candidate_id,False,2026-H-PA-07,2026-H-PA-07,C00879510,America PAC,IMGE LLC,TEXTING SERVICE,2026,SE24.1692,4092920261599843150,2015607,F24,48,N,A,True,True,202609299908492890,https://docquery.fec.gov/cgi-bin/fecimg/?202609299908492890,2026-09-29,2026-09-29,2026-09-30,"BROOKS, BOB",DEM,G2026
2026-09-30,7764.94,oppose,2026-H-PA-10,PA-10 (2026),H4PA10104,Janelle Stelson,H,PA,10,candidate_id,False,2026-H-PA-10,2026-H-PA-10,C00879510,America PAC,IMGE LLC,TEXTING SERVICE,2026,SE24.1693,4092920261599843151,2015607,F24,48,N,A,True,True,202609299908492891,https://docquery.fec.gov/cgi-bin/fecimg/?202609299908492891,2026-09-29,2026-09-29,2026-09-30,"STELSON, JANELLE",DEM,G2026
2026-09-30,3575.15,oppose,2026-H-NJ-07,NJ-07 (2026),H6NJ07201,Rebecca Bennett,H,NJ,07,candidate_id,False,2026-H-NJ-07,2026-H-NJ-07,C00879510,America PAC,IMGE LLC,TEXTING SERVICE,2026,SE24.1694,4092920261599843152,2015607,F24,48,N,A,True,True,202609299908492891,https://docquery.fec.gov/cgi-bin/fecimg/?202609299908492891,2026-09-29,2026-09-29,2026-09-30,"BENNETT, REBECCA",DEM,G2026
2026-09-30,3575.15,oppose,2026-H-NY-17,NY-17 (2026),H6NY17171,Cait Conley,H,NY,17,candidate_id,False,2026-H-NY-17,2026-H-NY-17,C00879510,America PAC,IMGE LLC,TEXTING SERVICE,2026,SE24.1695,4092920261599843153,2015607,F24,48,N,A,True,True,202609299908492892,https://docquery.fec.gov/cgi-bin/fecimg/?202609299908492892,2026-09-29,2026-09-29,2026-09-30,"CONLEY, CAIT",DEM,G2026
2026-09-30,7140.44,oppose,2026-H-NY-17,NY-17 (2026),H6NY17171,Cait Conley,H,NY,17,candidate_id,False,2026-H-NY-17,2026-H-NY-17,C00879510,America PAC,IMGE LLC,TEXTING SERVICE,2026,SE24.1696,4092920261599843154,2015607,F24,48,N,A,True,True,202609299908492892,https://docquery.fec.gov/cgi-bin/fecimg/?202609299908492892,2026-09-29,2026-09-29,2026-09-30,"CONLEY, CAIT",DEM,G2026
2026-09-30,52012.62,support,2026-H-AZ-01,AZ-01 (2026),H6AZ05190,Jay Feely,H,AZ,01,candidate_id,False,2026-H-AZ-01,2026-H-AZ-01,C00879510,America PAC,CALIBER CONTACT,PRINTING/POSTAGE,2026,SE24.1707,4100120261600351027,2015792,F24,48,N,A,True,True,202609309908498238,https://docquery.fec.gov/cgi-bin/fecimg/?202609309908498238,2026-09-30,2026-09-30,2026-09-30,"FEELY, THOMAS JAMES",REP,G2026
2026-09-30,49730.47,support,2026-H-AZ-06,AZ-06 (2026),H2AZ02360,Juan Ciscomani,H,AZ,06,candidate_id,False,2026-H-AZ-06,2026-H-AZ-06,C00879510,America PAC,CALIBER CONTACT,PRINTING/POSTAGE,2026,SE24.1708,4100120261600351028,2015792,F24,48,N,A,True,True,202609309908498239,https://docquery.fec.gov/cgi-bin/fecimg/?202609309908498239,2026-09-30,2026-09-30,2026-09-30,"CISCOMANI, JUAN",REP,G2026
2026-09-30,2001.43,oppose,2026-S-OH,OH Senate (2026),S6OH00163,Sherrod Brown,S,OH,00,candidate_id,False,2026-S-OH,2026-S-OH,C00879510,America PAC,IMGE LLC,TEXTING SERVICE,2026,SE24.1722,4100120261600351042,2015792,F24,48,N,A,True,True,202609309908498246,https://docquery.fec.gov/cgi-bin/fecimg/?202609309908498246,2026-09-30,2026-09-30,2026-09-30,"BROWN, SHERROD",DEM,G2026
2026-09-30,2001.43,oppose,2026-H-OH-09,OH-09 (2026),H2OH09031,Marcy Kaptur,H,OH,09,candidate_id,False,2026-H-OH-09,2026-H-OH-09,C00879510,America PAC,IMGE LLC,TEXTING SERVICE,2026,SE24.1723,4100120261600351043,2015792,F24,48,N,A,True,True,202609309908498246,https://docquery.fec.gov/cgi-bin/fecimg/?202609309908498246,2026-09-30,2026-09-30,2026-09-30,"KAPTUR, MARCY HON. M.C.",DEM,G2026
2026-09-30,4885.05,oppose,2026-S-IA,IA Senate (2026),S6IA00298,Josh Turek,S,IA,00,candidate_id,False,2026-S-IA,2026-S-IA,C00879510,America PAC,IMGE LLC,TEXTING SERVICE,2026,SE24.1724,4100120261600351044,2015792,F24,48,N,A,True,True,202609309908498247,https://docquery.fec.gov/cgi-bin/fecimg/?202609309908498247,2026-09-30,2026-09-30,2026-09-30,"TUREK, JOSHUA",DEM,G2026
2026-09-30,1523.57,oppose,2026-S-OH,OH Senate (2026),S6OH00163,Sherrod Brown,S,OH,00,candidate_id,False,2026-S-OH,2026-S-OH,C00879510,America PAC,IMGE LLC,TEXTING SERVICE,2026,SE24.1725,4100120261600351045,2015792,F24,48,N,A,True,True,202609309908498247,https://docquery.fec.gov/cgi-bin/fecimg/?202609309908498247,2026-09-30,2026-09-30,2026-09-30,"BROWN, SHERROD",DEM,G2026
2026-09-30,1523.56,oppose,2026-H-OH-01,OH-01 (2026),H2OH01194,Greg Landsman,H,OH,01,candidate_id,False,2026-H-OH-01,2026-H-OH-01,C00879510,America PAC,IMGE LLC,TEXTING SERVICE,2026,SE24.1726,4100120261600351046,2015792,F24,48,N,A,True,True,202609309908498248,https://docquery.fec.gov/cgi-bin/fecimg/?202609309908498248,2026-09-30,2026-09-30,2026-09-30,"LANDSMAN, GREG",DEM,G2026
2026-09-30,1960.74,oppose,2026-S-OH,OH Senate (2026),S6OH00163,Sherrod Brown,S,OH,00,candidate_id,False,2026-S-OH,2026-S-OH,C00879510,America PAC,IMGE LLC,TEXTING SERVICE,2026,SE24.1727,4100120261600351047,2015792,F24,48,N,A,True,True,202609309908498248,https://docquery.fec.gov/cgi-bin/fecimg/?202609309908498248,2026-09-30,2026-09-30,2026-09-30,"BROWN, SHERROD",DEM,G2026
2026-09-30,1960.73,oppose,2026-H-OH-05,OH-05 (2026),H6OH05154,Brian Shaver,H,OH,05,candidate_id,False,2026-H-OH-05,2026-H-OH-05,C00879510,America PAC,IMGE LLC,TEXTING SERVICE,2026,SE24.1728,4100120261600351048,2015792,F24,48,N,A,True,True,202609309908498249,https://docquery.fec.gov/cgi-bin/fecimg/?202609309908498249,2026-09-30,2026-09-30,2026-09-30,"SHAVER, BRIAN ALAN MR.",DEM,G2026
2026-09-30,2149.18,oppose,2026-S-OH,OH Senate (2026),S6OH00163,Sherrod Brown,S,OH,00,candidate_id,False,2026-S-OH,2026-S-OH,C00879510,America PAC,IMGE LLC,TEXTING SERVICE,2026,SE24.1729,4100120261600351049,2015792,F24,48,N,A,True,True,202609309908498249,https://docquery.fec.gov/cgi-bin/fecimg/?202609309908498249,2026-09-30,2026-09-30,2026-09-30,"BROWN, SHERROD",DEM,G2026
2026-09-30,2149.18,oppose,2026-H-OH-07,OH-07 (2026),H6OH07168,Brian Poindexter,H,OH,07,candidate_id,False,2026-H-OH-07,2026-H-OH-07,C00879510,America PAC,IMGE LLC,TEXTING SERVICE,2026,SE24.1730,4100120261600351050,2015792,F24,48,N,A,True,True,202609309908498250,https://docquery.fec.gov/cgi-bin/fecimg/?202609309908498250,2026-09-30,2026-09-30,2026-09-30,"POINDEXTER, BRIAN",DEM,G2026
2026-09-30,1655.91,oppose,2026-S-OH,OH Senate (2026),S6OH00163,Sherrod Brown,S,OH,00,candidate_id,False,2026-S-OH,2026-S-OH,C00879510,America PAC,IMGE LLC,TEXTING SERVICE,2026,SE24.1731,4100120261600351051,2015792,F24,48,N,A,True,True,202609309908498250,https://docquery.fec.gov/cgi-bin/fecimg/?202609309908498250,2026-09-30,2026-09-30,2026-09-30,"BROWN, SHERROD",DEM,G2026
2026-09-30,1655.91,oppose,2026-H-OH-13,OH-13 (2026),H2OH13264,Emilia Sykes,H,OH,13,candidate_id,False,2026-H-OH-13,2026-H-OH-13,C00879510,America PAC,IMGE LLC,TEXTING SERVICE,2026,SE24.1732,4100120261600351052,2015792,F24,48,N,A,True,True,202609309908498251,https://docquery.fec.gov/cgi-bin/fecimg/?202609309908498251,2026-09-30,2026-09-30,2026-09-30,"SYKES, EMILIA",DEM,G2026
2026-10-01,1106446.64,oppose,2026-S-TX,TX Senate (2026),S6TX00479,James Talarico,S,TX,00,candidate_id,False,2026-S-TX,2026-S-TX,C00879510,America PAC,STORYTELLERS GROUP LLC,PRINTING/POSTAGE,2026,SE24.1424,4091520261598532044,2011920,F24,48,N,A,True,True,202609149904205615,https://docquery.fec.gov/cgi-bin/fecimg/?202609149904205615,2026-09-14,2026-09-14,2026-10-01,"TALARICO, JAMES",DEM,G2026
2026-10-01,60500.00,oppose,2026-H-IA-01,IA-01 (2026),H2IA02111,Christina Bohannan,H,IA,01,candidate_id,False,2026-H-IA-01,2026-H-IA-01,C00879510,America PAC,FULL REACH MEDIA GROUP LLC,DIGITAL MEDIA,2026,SE24.1660,4092920261599843001,2015471,F24,48,N,A,True,True,202609289908481353,https://docquery.fec.gov/cgi-bin/fecimg/?202609289908481353,2026-09-28,2026-09-28,2026-10-01,"BOHANNAN, CHRISTINA",DEM,G2026
2026-10-01,192948.00,oppose,2026-S-IA,IA Senate (2026),S6IA00298,Josh Turek,S,IA,00,candidate_id,False,2026-S-IA,2026-S-IA,C00879510,America PAC,THE BAKER GROUP LLC,PRINTING/POSTAGE,2026,SE24.1669,4092920261599843173,2015607,F24,48,N,A,True,True,202609299908492902,https://docquery.fec.gov/cgi-bin/fecimg/?202609299908492902,2026-09-29,2026-09-29,2026-10-01,"TUREK, JOSHUA",DEM,G2026
2026-10-01,16969.15,support,2026-H-WA-03,WA-03 (2026),H6WA03275,John Braun,H,WA,03,candidate_id,False,2026-H-WA-03,2026-H-WA-03,C00879510,America PAC,IMGE LLC,DIGITAL MEDIA,2026,SE24.1698,4092920261599843156,2015607,F24,48,N,A,True,True,202609299908492893,https://docquery.fec.gov/cgi-bin/fecimg/?202609299908492893,2026-09-29,2026-09-29,2026-10-01,"BRAUN, JOHN",REP,G2026
2026-10-01,16969.15,oppose,2026-H-WA-03,WA-03 (2026),H2WA03217,Marie Gluesenkamp Perez,H,WA,03,candidate_id,False,2026-H-WA-03,2026-H-WA-03,C00879510,America PAC,IMGE LLC,DIGITAL MEDIA,2026,SE24.1699,4092920261599843157,2015607,F24,48,N,A,True,True,202609299908492894,https://docquery.fec.gov/cgi-bin/fecimg/?202609299908492894,2026-09-29,2026-09-29,2026-10-01,"GLUESENKAMP PEREZ, MARIE",DEM,G2026
2026-10-01,28477.61,oppose,2026-H-IA-03,IA-03 (2026),H6IA03268,Sarah Trone Garriott,H,IA,03,candidate_id,False,2026-H-IA-03,2026-H-IA-03,C00879510,America PAC,IMGE LLC,DIGITAL MEDIA,2026,SE24.1700,4092920261599843158,2015607,F24,48,N,A,True,True,202609299908492894,https://docquery.fec.gov/cgi-bin/fecimg/?202609299908492894,2026-09-29,2026-09-29,2026-10-01,"TRONE GARRIOTT, SARAH",DEM,G2026
2026-10-01,26904.53,oppose,2026-H-IA-02,IA-02 (2026),H6IA02211,Lindsay James,H,IA,02,candidate_id,False,2026-H-IA-02,2026-H-IA-02,C00879510,America PAC,IMGE LLC,DIGITAL MEDIA,2026,SE24.1701,4092920261599843159,2015607,F24,48,N,A,True,True,202609299908492895,https://docquery.fec.gov/cgi-bin/fecimg/?202609299908492895,2026-09-29,2026-09-29,2026-10-01,"JAMES, LINDSAY",DEM,G2026
2026-10-01,25828.96,support,2026-H-FL-25,FL-25 (2026),H6FL23188,Scott Singer,H,FL,25,candidate_id,False,2026-H-FL-25,2026-H-FL-25,C00879510,America PAC,IMGE LLC,DIGITAL MEDIA,2026,SE24.1702,4092920261599843160,2015607,F24,48,N,A,True,True,202609299908492895,https://docquery.fec.gov/cgi-bin/fecimg/?202609299908492895,2026-09-29,2026-09-29,2026-10-01,"SINGER, SCOTT M.",REP,G2026
2026-10-01,25828.96,oppose,2026-H-FL-25,FL-25 (2026),H2FL22171,Jared Moskowitz,H,FL,25,candidate_id,False,2026-H-FL-25,2026-H-FL-25,C00879510,America PAC,IMGE LLC,DIGITAL MEDIA,2026,SE24.1703,4092920261599843161,2015607,F24,48,N,A,True,True,202609299908492896,https://docquery.fec.gov/cgi-bin/fecimg/?202609299908492896,2026-09-29,2026-09-29,2026-10-01,"MOSKOWITZ, JARED",DEM,G2026
2026-10-01,28797.06,oppose,2026-H-IA-01,IA-01 (2026),H2IA02111,Christina Bohannan,H,IA,01,candidate_id,False,2026-H-IA-01,2026-H-IA-01,C00879510,America PAC,IMGE LLC,DIGITAL MEDIA,2026,SE24.1704,4092920261599843162,2015607,F24,48,N,A,True,True,202609299908492896,https://docquery.fec.gov/cgi-bin/fecimg/?202609299908492896,2026-09-29,2026-09-29,2026-10-01,"BOHANNAN, CHRISTINA",DEM,G2026
2026-10-01,40606.39,oppose,2026-H-VA-02,VA-02 (2026),H6VA02198,Elaine Luria,H,VA,02,candidate_id,False,2026-H-VA-02,2026-H-VA-02,C00879510,America PAC,IMGE LLC,DIGITAL MEDIA,2026,SE24.1705,4092920261599843163,2015607,F24,48,N,A,True,True,202609299908492897,https://docquery.fec.gov/cgi-bin/fecimg/?202609299908492897,2026-09-29,2026-09-29,2026-10-01,"LURIA, ELAINE",DEM,G2026
2026-10-01,13500.00,oppose,2026-H-VA-02,VA-02 (2026),H6VA02198,Elaine Luria,H,VA,02,candidate_id,False,2026-H-VA-02,2026-H-VA-02,C00879510,America PAC,FULL REACH MEDIA GROUP LLC,DIGITAL MEDIA,2026,SE24.1718,4100120261600351038,2015792,F24,48,N,A,True,True,202609309908498244,https://docquery.fec.gov/cgi-bin/fecimg/?202609309908498244,2026-09-30,2026-09-30,2026-10-01,"LURIA, ELAINE",DEM,G2026
2026-10-01,30500.00,support,2026-H-WA-03,WA-03 (2026),H6WA03275,John Braun,H,WA,03,candidate_id,False,2026-H-WA-03,2026-H-WA-03,C00879510,America PAC,FULL REACH MEDIA GROUP LLC,DIGITAL MEDIA,2026,SE24.1720,4100120261600351040,2015792,F24,48,N,A,True,True,202609309908498245,https://docquery.fec.gov/cgi-bin/fecimg/?202609309908498245,2026-09-30,2026-09-30,2026-10-01,"BRAUN, JOHN",REP,G2026
2026-10-01,30500.00,oppose,2026-H-WA-03,WA-03 (2026),H2WA03217,Marie Gluesenkamp Perez,H,WA,03,candidate_id,False,2026-H-WA-03,2026-H-WA-03,C00879510,America PAC,FULL REACH MEDIA GROUP LLC,DIGITAL MEDIA,2026,SE24.1721,4100120261600351041,2015792,F24,48,N,A,True,True,202609309908498245,https://docquery.fec.gov/cgi-bin/fecimg/?202609309908498245,2026-09-30,2026-09-30,2026-10-01,"GLUESENKAMP PEREZ, MARIE",DEM,G2026
2026-10-01,130747.90,oppose,2026-S-TX,TX Senate (2026),S6TX00479,James Talarico,S,TX,00,candidate_id,False,2026-S-TX,2026-S-TX,C00879510,America PAC,IMGE LLC,TEXTING SERVICE,2026,SE24.1753,4100220261600396001,2016111,F24,48,N,A,True,True,202610019908503253,https://docquery.fec.gov/cgi-bin/fecimg/?202610019908503253,2026-10-01,2026-10-01,2026-10-01,"TALARICO, JAMES",DEM,G2026
2026-10-01,814.58,support,2026-H-IA-02,IA-02 (2026),H6IA02237,Joe Mitchell,H,IA,02,candidate_id,False,2026-H-IA-02,2026-H-IA-02,C00879510,America PAC,IMGE LLC,TEXTING SERVICE,2026,SE24.1754,4100220261600396002,2016111,F24,48,N,A,True,True,202610019908503253,https://docquery.fec.gov/cgi-bin/fecimg/?202610019908503253,2026-10-01,2026-10-01,2026-10-01,"MITCHELL, JOE",REP,G2026
2026-10-01,814.57,oppose,2026-H-IA-02,IA-02 (2026),H6IA02211,Lindsay James,H,IA,02,candidate_id,False,2026-H-IA-02,2026-H-IA-02,C00879510,America PAC,IMGE LLC,TEXTING SERVICE,2026,SE24.1755,4100220261600396003,2016111,F24,48,N,A,True,True,202610019908503254,https://docquery.fec.gov/cgi-bin/fecimg/?202610019908503254,2026-10-01,2026-10-01,2026-10-01,"JAMES, LINDSAY",DEM,G2026
2026-10-01,1760.89,oppose,2026-H-IA-01,IA-01 (2026),H2IA02111,Christina Bohannan,H,IA,01,candidate_id,False,2026-H-IA-01,2026-H-IA-01,C00879510,America PAC,IMGE LLC,TEXTING SERVICE,2026,SE24.1756,4100220261600396004,2016111,F24,48,N,A,True,True,202610019908503254,https://docquery.fec.gov/cgi-bin/fecimg/?202610019908503254,2026-10-01,2026-10-01,2026-10-01,"BOHANNAN, CHRISTINA",DEM,G2026
2026-10-01,918.34,support,2026-H-IA-03,IA-03 (2026),H2IA03119,Zachary Nunn,H,IA,03,candidate_id,False,2026-H-IA-03,2026-H-IA-03,C00879510,America PAC,IMGE LLC,TEXTING SERVICE,2026,SE24.1757,4100220261600396005,2016111,F24,48,N,A,True,True,202610019908503255,https://docquery.fec.gov/cgi-bin/fecimg/?202610019908503255,2026-10-01,2026-10-01,2026-10-01,"NUNN, ZACH",REP,G2026
2026-10-01,918.34,oppose,2026-H-IA-03,IA-03 (2026),H6IA03268,Sarah Trone Garriott,H,IA,03,candidate_id,False,2026-H-IA-03,2026-H-IA-03,C00879510,America PAC,IMGE LLC,TEXTING SERVICE,2026,SE24.1758,4100220261600396006,2016111,F24,48,N,A,True,True,202610019908503255,https://docquery.fec.gov/cgi-bin/fecimg/?202610019908503255,2026-10-01,2026-10-01,2026-10-01,"TRONE GARRIOTT, SARAH",DEM,G2026
2026-10-01,25145.07,support,2026-H-ME-02,ME-02 (2026),H6ME02148,Paul LePage,H,ME,02,candidate_id,False,2026-H-ME-02,2026-H-ME-02,C00879510,America PAC,IMGE LLC,DIGITAL MEDIA,2026,SE24.1759,4100220261600396007,2016111,F24,48,N,A,True,True,202610019908503256,https://docquery.fec.gov/cgi-bin/fecimg/?202610019908503256,2026-10-01,2026-10-01,2026-10-01,"LEPAGE, PAUL",REP,G2026
2026-10-01,25145.07,oppose,2026-H-ME-02,ME-02 (2026),H6ME02171,Matt Dunlap,H,ME,02,candidate_id,False,2026-H-ME-02,2026-H-ME-02,C00879510,America PAC,IMGE LLC,DIGITAL MEDIA,2026,SE24.1760,4100220261600396008,2016111,F24,48,N,A,True,True,202610019908503256,https://docquery.fec.gov/cgi-bin/fecimg/?202610019908503256,2026-10-01,2026-10-01,2026-10-01,"DUNLAP, MATT",DEM,G2026
2026-10-01,10250.00,support,2026-H-ME-02,ME-02 (2026),H6ME02148,Paul LePage,H,ME,02,candidate_id,False,2026-H-ME-02,2026-H-ME-02,C00879510,America PAC,IMGE LLC,DIGITAL MEDIA,2026,SE24.1761,4100220261600396009,2016111,F24,48,N,A,True,True,202610019908503257,https://docquery.fec.gov/cgi-bin/fecimg/?202610019908503257,2026-10-01,2026-10-01,2026-10-01,"LEPAGE, PAUL",REP,G2026
2026-10-01,10250.00,oppose,2026-H-ME-02,ME-02 (2026),H6ME02171,Matt Dunlap,H,ME,02,candidate_id,False,2026-H-ME-02,2026-H-ME-02,C00879510,America PAC,IMGE LLC,DIGITAL MEDIA,2026,SE24.1762,4100220261600396010,2016111,F24,48,N,A,True,True,202610019908503257,https://docquery.fec.gov/cgi-bin/fecimg/?202610019908503257,2026-10-01,2026-10-01,2026-10-01,"DUNLAP, MATT",DEM,G2026
2026-10-01,19511.94,support,2026-H-NH-01,NH-01 (2026),H6NH01420,Anthony DiLorenzo,H,NH,01,candidate_id,False,2026-H-NH-01,2026-H-NH-01,C00879510,America PAC,IMGE LLC,DIGITAL MEDIA,2026,SE24.1763,4100220261600396011,2016111,F24,48,N,A,True,True,202610019908503258,https://docquery.fec.gov/cgi-bin/fecimg/?202610019908503258,2026-10-01,2026-10-01,2026-10-01,"DILORENZO, ANTHONY",REP,G2026
2026-10-01,19511.93,oppose,2026-H-NH-01,NH-01 (2026),H6NH01321,Stefany Shaheen,H,NH,01,candidate_id,False,2026-H-NH-01,2026-H-NH-01,C00879510,America PAC,IMGE LLC,DIGITAL MEDIA,2026,SE24.1764,4100220261600396012,2016111,F24,48,N,A,True,True,202610019908503258,https://docquery.fec.gov/cgi-bin/fecimg/?202610019908503258,2026-10-01,2026-10-01,2026-10-01,"SHAHEEN, STEFANY",DEM,G2026
2026-10-01,10250.00,support,2026-H-NH-01,NH-01 (2026),H6NH01420,Anthony DiLorenzo,H,NH,01,candidate_id,False,2026-H-NH-01,2026-H-NH-01,C00879510,America PAC,IMGE LLC,DIGITAL MEDIA,2026,SE24.1765,4100220261600396013,2016111,F24,48,N,A,True,True,202610019908503259,https://docquery.fec.gov/cgi-bin/fecimg/?202610019908503259,2026-10-01,2026-10-01,2026-10-01,"DILORENZO, ANTHONY",REP,G2026
2026-10-01,10250.00,oppose,2026-H-NH-01,NH-01 (2026),H6NH01321,Stefany Shaheen,H,NH,01,candidate_id,False,2026-H-NH-01,2026-H-NH-01,C00879510,America PAC,IMGE LLC,DIGITAL MEDIA,2026,SE24.1766,4100220261600396014,2016111,F24,48,N,A,True,True,202610019908503259,https://docquery.fec.gov/cgi-bin/fecimg/?202610019908503259,2026-10-01,2026-10-01,2026-10-01,"SHAHEEN, STEFANY",DEM,G2026
2026-10-01,15565.46,support,2026-H-MI-10,MI-10 (2026),H6MI10359,Michael Bouchard,H,MI,10,candidate_id,False,2026-H-MI-10,2026-H-MI-10,C00879510,America PAC,IMGE LLC,DIGITAL MEDIA,2026,SE24.1767,4100220261600396015,2016111,F24,48,N,A,True,True,202610019908503260,https://docquery.fec.gov/cgi-bin/fecimg/?202610019908503260,2026-10-01,2026-10-01,2026-10-01,"BOUCHARD, MICHAEL",REP,G2026
2026-10-01,15565.45,oppose,2026-H-MI-10,MI-10 (2026),H6MI10276,Christina Hines,H,MI,10,candidate_id,False,2026-H-MI-10,2026-H-MI-10,C00879510,America PAC,IMGE LLC,DIGITAL MEDIA,2026,SE24.1768,4100220261600396016,2016111,F24,48,N,A,True,True,202610019908503260,https://docquery.fec.gov/cgi-bin/fecimg/?202610019908503260,2026-10-01,2026-10-01,2026-10-01,"HINES, CHRISTINA",DEM,G2026
2026-10-01,24034.31,support,2026-H-MI-07,MI-07 (2026),H2MI07123,Tom Barrett,H,MI,07,candidate_id,False,2026-H-MI-07,2026-H-MI-07,C00879510,America PAC,IMGE LLC,DIGITAL MEDIA,2026,SE24.1769,4100220261600396017,2016111,F24,48,N,A,True,True,202610019908503261,https://docquery.fec.gov/cgi-bin/fecimg/?202610019908503261,2026-10-01,2026-10-01,2026-10-01,"BARRETT, THOMAS MORE",REP,G2026
2026-10-01,24034.30,oppose,2026-H-MI-07,MI-07 (2026),H6MI07298,William Lawrence,H,MI,07,candidate_id,False,2026-H-MI-07,2026-H-MI-07,C00879510,America PAC,IMGE LLC,DIGITAL MEDIA,2026,SE24.1770,4100220261600396018,2016111,F24,48,N,A,True,True,202610019908503261,https://docquery.fec.gov/cgi-bin/fecimg/?202610019908503261,2026-10-01,2026-10-01,2026-10-01,"LAWRENCE, WILLIAM",DEM,G2026
2026-10-01,24853.54,support,2026-H-MI-08,MI-08 (2026),H6MI08312,Tom Smith,H,MI,08,candidate_id,False,2026-H-MI-08,2026-H-MI-08,C00879510,America PAC,IMGE LLC,DIGITAL MEDIA,2026,SE24.1771,4100220261600396019,2016111,F24,48,N,A,True,True,202610019908503262,https://docquery.fec.gov/cgi-bin/fecimg/?202610019908503262,2026-10-01,2026-10-01,2026-10-01,"SMITH, THOMAS JAMES MR",REP,G2026
2026-10-01,24853.54,oppose,2026-H-MI-08,MI-08 (2026),H4MI08218,Kristen McDonald Rivet,H,MI,08,candidate_id,False,2026-H-MI-08,2026-H-MI-08,C00879510,America PAC,IMGE LLC,DIGITAL MEDIA,2026,SE24.1772,4100220261600396020,2016111,F24,48,N,A,True,True,202610019908503262,https://docquery.fec.gov/cgi-bin/fecimg/?202610019908503262,2026-10-01,2026-10-01,2026-10-01,"MCDONALD RIVET, KRISTEN",DEM,G2026
2026-10-01,23615.97,support,2026-H-MI-04,MI-04 (2026),H0MI02094,Bill Huizenga,H,MI,04,candidate_id,False,2026-H-MI-04,2026-H-MI-04,C00879510,America PAC,IMGE LLC,DIGITAL MEDIA,2026,SE24.1773,4100220261600396021,2016111,F24,48,N,A,True,True,202610019908503263,https://docquery.fec.gov/cgi-bin/fecimg/?202610019908503263,2026-10-01,2026-10-01,2026-10-01,"HUIZENGA, WILLIAM P",REP,G2026
2026-10-01,23615.96,oppose,2026-H-MI-04,MI-04 (2026),H6MI04204,Sean McCann,H,MI,04,candidate_id,False,2026-H-MI-04,2026-H-MI-04,C00879510,America PAC,IMGE LLC,DIGITAL MEDIA,2026,SE24.1774,4100220261600396022,2016111,F24,48,N,A,True,True,202610019908503263,https://docquery.fec.gov/cgi-bin/fecimg/?202610019908503263,2026-10-01,2026-10-01,2026-10-01,"MCCANN, SEAN",DEM,G2026
2026-10-01,36213.01,oppose,2026-H-CO-08,CO-08 (2026),H6CO08013,Manny Rutinel,H,CO,08,candidate_id,False,2026-H-CO-08,2026-H-CO-08,C00879510,America PAC,IMGE LLC,DIGITAL MEDIA,2026,SE24.1775,4100220261600396023,2016111,F24,48,N,A,True,True,202610019908503264,https://docquery.fec.gov/cgi-bin/fecimg/?202610019908503264,2026-10-01,2026-10-01,2026-10-01,"RUTINEL, MANNY",DEM,G2026
2026-10-01,10352.12,oppose,2026-H-WI-03,WI-03 (2026),H4WI03169,Rebecca Cooke,H,WI,03,candidate_id,False,2026-H-WI-03,2026-H-WI-03,C00879510,America PAC,IMGE LLC,DIGITAL MEDIA,2026,SE24.1776,4100220261600396024,2016111,F24,48,N,A,True,True,202610019908503264,https://docquery.fec.gov/cgi-bin/fecimg/?202610019908503264,2026-10-01,2026-10-01,2026-10-01,"COOKE, REBECCA",DEM,G2026
2026-10-01,30041.78,support,2026-H-AZ-06,AZ-06 (2026),H2AZ02360,Juan Ciscomani,H,AZ,06,candidate_id,False,2026-H-AZ-06,2026-H-AZ-06,C00879510,America PAC,IMGE LLC,DIGITAL MEDIA,2026,SE24.1777,4100220261600396025,2016111,F24,48,N,A,True,True,202610019908503265,https://docquery.fec.gov/cgi-bin/fecimg/?202610019908503265,2026-10-01,2026-10-01,2026-10-01,"CISCOMANI, JUAN",REP,G2026
2026-10-01,30041.78,oppose,2026-H-AZ-06,AZ-06 (2026),H6AZ06099,JoAnna Mendoza,H,AZ,06,candidate_id,False,2026-H-AZ-06,2026-H-AZ-06,C00879510,America PAC,IMGE LLC,DIGITAL MEDIA,2026,SE24.1778,4100220261600396026,2016111,F24,48,N,A,True,True,202610019908503265,https://docquery.fec.gov/cgi-bin/fecimg/?202610019908503265,2026-10-01,2026-10-01,2026-10-01,"MENDOZA, JOANNA",DEM,G2026
2026-10-01,32775.83,support,2026-H-NJ-07,NJ-07 (2026),H0NJ07261,"Thomas H. Kean, Jr.",H,NJ,07,candidate_id,False,2026-H-NJ-07,2026-H-NJ-07,C00879510,America PAC,IMGE LLC,DIGITAL MEDIA,2026,SE24.1779,4100220261600396027,2016111,F24,48,N,A,True,True,202610019908503266,https://docquery.fec.gov/cgi-bin/fecimg/?202610019908503266,2026-10-01,2026-10-01,2026-10-01,"KEAN, THOMAS H. JR.",REP,G2026
2026-10-01,32775.83,oppose,2026-H-NJ-07,NJ-07 (2026),H6NJ07201,Rebecca Bennett,H,NJ,07,candidate_id,False,2026-H-NJ-07,2026-H-NJ-07,C00879510,America PAC,IMGE LLC,DIGITAL MEDIA,2026,SE24.1780,4100220261600396028,2016111,F24,48,N,A,True,True,202610019908503266,https://docquery.fec.gov/cgi-bin/fecimg/?202610019908503266,2026-10-01,2026-10-01,2026-10-01,"BENNETT, REBECCA",DEM,G2026
2026-10-01,17698.73,support,2026-H-CA-22,CA-22 (2026),H2CA20094,David G. Valadao,H,CA,22,candidate_id,False,2026-H-CA-22,2026-H-CA-22,C00879510,America PAC,IMGE LLC,DIGITAL MEDIA,2026,SE24.1781,4100220261600396029,2016111,F24,48,N,A,True,True,202610019908503267,https://docquery.fec.gov/cgi-bin/fecimg/?202610019908503267,2026-10-01,2026-10-01,2026-10-01,"VALADAO, DAVID",REP,G2026
2026-10-01,17698.72,oppose,2026-H-CA-22,CA-22 (2026),H6CA22190,Randy Villegas,H,CA,22,candidate_id,False,2026-H-CA-22,2026-H-CA-22,C00879510,America PAC,IMGE LLC,DIGITAL MEDIA,2026,SE24.1782,4100220261600396030,2016111,F24,48,N,A,True,True,202610019908503267,https://docquery.fec.gov/cgi-bin/fecimg/?202610019908503267,2026-10-01,2026-10-01,2026-10-01,"VILLEGAS, RANDY",DEM,G2026
2026-10-01,71799.41,oppose,2026-H-PA-10,PA-10 (2026),H4PA10104,Janelle Stelson,H,PA,10,candidate_id,False,2026-H-PA-10,2026-H-PA-10,C00879510,America PAC,IMGE LLC,DIGITAL MEDIA,2026,SE24.1783,4100220261600396031,2016111,F24,48,N,A,True,True,202610019908503268,https://docquery.fec.gov/cgi-bin/fecimg/?202610019908503268,2026-10-01,2026-10-01,2026-10-01,"STELSON, JANELLE",DEM,G2026
2026-10-01,76723.61,oppose,2026-H-PA-08,PA-08 (2026),H6PA08293,Paige Cognetti,H,PA,08,candidate_id,False,2026-H-PA-08,2026-H-PA-08,C00879510,America PAC,IMGE LLC,DIGITAL MEDIA,2026,SE24.1784,4100220261600396032,2016111,F24,48,N,A,True,True,202610019908503268,https://docquery.fec.gov/cgi-bin/fecimg/?202610019908503268,2026-10-01,2026-10-01,2026-10-01,"COGNETTI, PAIGE",DEM,G2026
2026-10-01,30249.14,support,2026-H-NY-17,NY-17 (2026),H2NY17162,Michael Lawler,H,NY,17,candidate_id,False,2026-H-NY-17,2026-H-NY-17,C00879510,America PAC,IMGE LLC,DIGITAL MEDIA,2026,SE24.1785,4100220261600396033,2016111,F24,48,N,A,True,True,202610019908503269,https://docquery.fec.gov/cgi-bin/fecimg/?202610019908503269,2026-10-01,2026-10-01,2026-10-01,"LAWLER, MICHAEL VINCENT",REP,G2026
2026-10-01,30249.13,oppose,2026-H-NY-17,NY-17 (2026),H6NY17171,Cait Conley,H,NY,17,candidate_id,False,2026-H-NY-17,2026-H-NY-17,C00879510,America PAC,IMGE LLC,DIGITAL MEDIA,2026,SE24.1786,4100220261600396034,2016111,F24,48,N,A,True,True,202610019908503269,https://docquery.fec.gov/cgi-bin/fecimg/?202610019908503269,2026-10-01,2026-10-01,2026-10-01,"CONLEY, CAIT",DEM,G2026
2026-10-01,70476.74,oppose,2026-H-PA-07,PA-07 (2026),H6PA07188,Bob Brooks,H,PA,07,candidate_id,False,2026-H-PA-07,2026-H-PA-07,C00879510,America PAC,IMGE LLC,DIGITAL MEDIA,2026,SE24.1787,4100220261600396035,2016111,F24,48,N,A,True,True,202610019908503270,https://docquery.fec.gov/cgi-bin/fecimg/?202610019908503270,2026-10-01,2026-10-01,2026-10-01,"BROOKS, BOB",DEM,G2026
2026-10-01,8500.00,oppose,2026-H-MI-04,MI-04 (2026),H6MI04204,Sean McCann,H,MI,04,candidate_id,False,2026-H-MI-04,2026-H-MI-04,C00879510,America PAC,IMGE LLC,DIGITAL MEDIA,2026,SE24.1794,4100320261600422032,2016516,F24,48,N,A,True,True,202610029908511768,https://docquery.fec.gov/cgi-bin/fecimg/?202610029908511768,2026-10-02,2026-10-02,2026-10-01,"MCCANN, SEAN",DEM,G2026
2026-10-01,8500.00,oppose,2026-H-MI-08,MI-08 (2026),H4MI08218,Kristen McDonald Rivet,H,MI,08,candidate_id,False,2026-H-MI-08,2026-H-MI-08,C00879510,America PAC,IMGE LLC,DIGITAL MEDIA,2026,SE24.1795,4100320261600422033,2016516,F24,48,N,A,True,True,202610029908511768,https://docquery.fec.gov/cgi-bin/fecimg/?202610029908511768,2026-10-02,2026-10-02,2026-10-01,"MCDONALD RIVET, KRISTEN",DEM,G2026
2026-10-01,8500.00,oppose,2026-H-MI-07,MI-07 (2026),H6MI07298,William Lawrence,H,MI,07,candidate_id,False,2026-H-MI-07,2026-H-MI-07,C00879510,America PAC,IMGE LLC,DIGITAL MEDIA,2026,SE24.1796,4100320261600422034,2016516,F24,48,N,A,True,True,202610029908511769,https://docquery.fec.gov/cgi-bin/fecimg/?202610029908511769,2026-10-02,2026-10-02,2026-10-01,"LAWRENCE, WILLIAM",DEM,G2026
2026-10-01,40000.00,oppose,2026-H-MI-10,MI-10 (2026),H6MI10276,Christina Hines,H,MI,10,candidate_id,False,2026-H-MI-10,2026-H-MI-10,C00879510,America PAC,IMGE LLC,DIGITAL MEDIA,2026,SE24.1797,4100320261600422035,2016516,F24,48,N,A,True,True,202610029908511769,https://docquery.fec.gov/cgi-bin/fecimg/?202610029908511769,2026-10-02,2026-10-02,2026-10-01,"HINES, CHRISTINA",DEM,G2026
2026-10-01,4250.00,support,2026-H-FL-25,FL-25 (2026),H6FL23188,Scott Singer,H,FL,25,candidate_id,False,2026-H-FL-25,2026-H-FL-25,C00879510,America PAC,IMGE LLC,DIGITAL MEDIA,2026,SE24.1798,4100320261600422036,2016516,F24,48,N,A,True,True,202610029908511770,https://docquery.fec.gov/cgi-bin/fecimg/?202610029908511770,2026-10-02,2026-10-02,2026-10-01,"SINGER, SCOTT M.",REP,G2026
2026-10-01,4250.00,oppose,2026-H-FL-25,FL-25 (2026),H2FL22171,Jared Moskowitz,H,FL,25,candidate_id,False,2026-H-FL-25,2026-H-FL-25,C00879510,America PAC,IMGE LLC,DIGITAL MEDIA,2026,SE24.1799,4100320261600422037,2016516,F24,48,N,A,True,True,202610029908511770,https://docquery.fec.gov/cgi-bin/fecimg/?202610029908511770,2026-10-02,2026-10-02,2026-10-01,"MOSKOWITZ, JARED",DEM,G2026
2026-10-01,29911.25,support,2026-H-AZ-01,AZ-01 (2026),H6AZ05190,Jay Feely,H,AZ,01,candidate_id,False,2026-H-AZ-01,2026-H-AZ-01,C00879510,America PAC,IMGE LLC,DIGITAL MEDIA,2026,SE24.1800,4100320261600422038,2016516,F24,48,N,A,True,True,202610029908511771,https://docquery.fec.gov/cgi-bin/fecimg/?202610029908511771,2026-10-02,2026-10-02,2026-10-01,"FEELY, THOMAS JAMES",REP,G2026
2026-10-01,29911.25,oppose,2026-H-AZ-01,AZ-01 (2026),H4AZ01194,Amish Shah,H,AZ,01,candidate_id,False,2026-H-AZ-01,2026-H-AZ-01,C00879510,America PAC,IMGE LLC,DIGITAL MEDIA,2026,SE24.1801,4100320261600422039,2016516,F24,48,N,A,True,True,202610029908511771,https://docquery.fec.gov/cgi-bin/fecimg/?202610029908511771,2026-10-02,2026-10-02,2026-10-01,"SHAH, AMISH DR.",DEM,G2026
2026-10-02,51424.00,support,2026-S-ME,ME Senate (2026),S6ME00159,Susan M. Collins,S,ME,00,candidate_id,False,2026-S-ME,2026-S-ME,C00879510,America PAC,RED MAVERICK MEDIA LLC,PRINTING/POSTAGE,2026,SE24.1362,4091120261598241099,2011470,F24,48,N,A,True,True,202609109904190243,https://docquery.fec.gov/cgi-bin/fecimg/?202609109904190243,2026-09-10,2026-09-10,2026-10-02,"COLLINS, SUSAN M.",REP,G2026
2026-10-02,51424.00,oppose,2026-S-ME,ME Senate (2026),S6ME00464,Troy Jackson,S,ME,00,candidate_id,False,2026-S-ME,2026-S-ME,C00879510,America PAC,RED MAVERICK MEDIA LLC,PRINTING/POSTAGE,2026,SE24.1363,4091120261598241100,2011470,F24,48,N,A,True,True,202609109904190244,https://docquery.fec.gov/cgi-bin/fecimg/?202609109904190244,2026-09-10,2026-09-10,2026-10-02,"JACKSON, TROY DALE",DEM,G2026
2026-10-02,38592.50,support,2026-S-NH,NH Senate (2026),S6NH00208,John Sununu,S,NH,00,candidate_id,False,2026-S-NH,2026-S-NH,C00879510,America PAC,RED MAVERICK MEDIA LLC,PRINTING/POSTAGE,2026,SE24.1364,4091120261598241101,2011470,F24,48,N,A,True,True,202609109904190244,https://docquery.fec.gov/cgi-bin/fecimg/?202609109904190244,2026-09-10,2026-09-10,2026-10-02,"SUNUNU, JOHN E",REP,G2026
2026-10-02,38592.50,oppose,2026-S-NH,NH Senate (2026),S6NH00141,Chris Pappas,S,NH,00,candidate_id,False,2026-S-NH,2026-S-NH,C00879510,America PAC,RED MAVERICK MEDIA LLC,PRINTING/POSTAGE,2026,SE24.1365,4091120261598241102,2011470,F24,48,N,A,True,True,202609109904190245,https://docquery.fec.gov/cgi-bin/fecimg/?202609109904190245,2026-09-10,2026-09-10,2026-10-02,"PAPPAS, CHRIS",DEM,G2026
2026-10-02,40928.00,oppose,2026-H-VA-02,VA-02 (2026),H6VA02198,Elaine Luria,H,VA,02,candidate_id,False,2026-H-VA-02,2026-H-VA-02,C00879510,America PAC,STORYTELLERS GROUP LLC,PRINTING/POSTAGE,2026,SE24.1612,4092520261599630546,2015220,F24,48,N,A,True,True,202609259908418863,https://docquery.fec.gov/cgi-bin/fecimg/?202609259908418863,2026-09-25,2026-09-25,2026-10-02,"LURIA, ELAINE",DEM,G2026
2026-10-02,8463.19,support,2026-S-OH,OH Senate (2026),S6OH00304,Jon Husted,S,OH,00,candidate_id,False,2026-S-OH,2026-S-OH,C00879510,America PAC,RED ZONE STRATEGIC LLC,PRINTING/POSTAGE,2026,SE24.1641,4092920261599843022,2015471,F24,48,N,A,True,True,202609289908481363,https://docquery.fec.gov/cgi-bin/fecimg/?202609289908481363,2026-09-28,2026-09-28,2026-10-02,"HUSTED, JON",REP,G2026
2026-10-02,8463.19,oppose,2026-S-OH,OH Senate (2026),S6OH00163,Sherrod Brown,S,OH,00,candidate_id,False,2026-S-OH,2026-S-OH,C00879510,America PAC,RED ZONE STRATEGIC LLC,PRINTING/POSTAGE,2026,SE24.1642,4092920261599843023,2015471,F24,48,N,A,True,True,202609289908481364,https://docquery.fec.gov/cgi-bin/fecimg/?202609289908481364,2026-09-28,2026-09-28,2026-10-02,"BROWN, SHERROD",DEM,G2026
2026-10-02,8463.19,support,2026-H-OH-09,OH-09 (2026),H4OH09169,Derek Merrin,H,OH,09,candidate_id,False,2026-H-OH-09,2026-H-OH-09,C00879510,America PAC,RED ZONE STRATEGIC LLC,PRINTING/POSTAGE,2026,SE24.1643,4092920261599843024,2015471,F24,48,N,A,True,True,202609289908481364,https://docquery.fec.gov/cgi-bin/fecimg/?202609289908481364,2026-09-28,2026-09-28,2026-10-02,"MERRIN, DEREK",REP,G2026
2026-10-02,8463.18,oppose,2026-H-OH-09,OH-09 (2026),H2OH09031,Marcy Kaptur,H,OH,09,candidate_id,False,2026-H-OH-09,2026-H-OH-09,C00879510,America PAC,RED ZONE STRATEGIC LLC,PRINTING/POSTAGE,2026,SE24.1644,4092920261599843025,2015471,F24,48,N,A,True,True,202609289908481365,https://docquery.fec.gov/cgi-bin/fecimg/?202609289908481365,2026-09-28,2026-09-28,2026-10-02,"KAPTUR, MARCY HON. M.C.",DEM,G2026
2026-10-02,8472.00,support,2026-S-OH,OH Senate (2026),S6OH00304,Jon Husted,S,OH,00,candidate_id,False,2026-S-OH,2026-S-OH,C00879510,America PAC,RED ZONE STRATEGIC LLC,PRINTING/POSTAGE,2026,SE24.1645,4092920261599843026,2015471,F24,48,N,A,True,True,202609289908481365,https://docquery.fec.gov/cgi-bin/fecimg/?202609289908481365,2026-09-28,2026-09-28,2026-10-02,"HUSTED, JON",REP,G2026
2026-10-02,8472.00,oppose,2026-S-OH,OH Senate (2026),S6OH00163,Sherrod Brown,S,OH,00,candidate_id,False,2026-S-OH,2026-S-OH,C00879510,America PAC,RED ZONE STRATEGIC LLC,PRINTING/POSTAGE,2026,SE24.1646,4092920261599843027,2015471,F24,48,N,A,True,True,202609289908481366,https://docquery.fec.gov/cgi-bin/fecimg/?202609289908481366,2026-09-28,2026-09-28,2026-10-02,"BROWN, SHERROD",DEM,G2026
2026-10-02,8472.00,support,2026-H-OH-13,OH-13 (2026),H6OH13307,Carey Coleman,H,OH,13,candidate_id,False,2026-H-OH-13,2026-H-OH-13,C00879510,America PAC,RED ZONE STRATEGIC LLC,PRINTING/POSTAGE,2026,SE24.1647,4092920261599843028,2015471,F24,48,N,A,True,True,202609289908481366,https://docquery.fec.gov/cgi-bin/fecimg/?202609289908481366,2026-09-28,2026-09-28,2026-10-02,"COLEMAN, CAREY",REP,G2026
2026-10-02,8472.00,oppose,2026-H-OH-13,OH-13 (2026),H2OH13264,Emilia Sykes,H,OH,13,candidate_id,False,2026-H-OH-13,2026-H-OH-13,C00879510,America PAC,RED ZONE STRATEGIC LLC,PRINTING/POSTAGE,2026,SE24.1648,4092920261599843029,2015471,F24,48,N,A,True,True,202609289908481367,https://docquery.fec.gov/cgi-bin/fecimg/?202609289908481367,2026-09-28,2026-09-28,2026-10-02,"SYKES, EMILIA",DEM,G2026
2026-10-02,9150.38,support,2026-S-OH,OH Senate (2026),S6OH00304,Jon Husted,S,OH,00,candidate_id,False,2026-S-OH,2026-S-OH,C00879510,America PAC,RED ZONE STRATEGIC LLC,PRINTING/POSTAGE,2026,SE24.1649,4092920261599843030,2015471,F24,48,N,A,True,True,202609289908481367,https://docquery.fec.gov/cgi-bin/fecimg/?202609289908481367,2026-09-28,2026-09-28,2026-10-02,"HUSTED, JON",REP,G2026
2026-10-02,9150.37,oppose,2026-S-OH,OH Senate (2026),S6OH00163,Sherrod Brown,S,OH,00,candidate_id,False,2026-S-OH,2026-S-OH,C00879510,America PAC,RED ZONE STRATEGIC LLC,PRINTING/POSTAGE,2026,SE24.1650,4092920261599843031,2015471,F24,48,N,A,True,True,202609289908481368,https://docquery.fec.gov/cgi-bin/fecimg/?202609289908481368,2026-09-28,2026-09-28,2026-10-02,"BROWN, SHERROD",DEM,G2026
2026-10-02,9150.38,support,2026-H-OH-01,OH-01 (2026),H6OH01138,Eric Conroy,H,OH,01,candidate_id,False,2026-H-OH-01,2026-H-OH-01,C00879510,America PAC,RED ZONE STRATEGIC LLC,PRINTING/POSTAGE,2026,SE24.1651,4092920261599843032,2015471,F24,48,N,A,True,True,202609289908481368,https://docquery.fec.gov/cgi-bin/fecimg/?202609289908481368,2026-09-28,2026-09-28,2026-10-02,"CONROY, ERIC",REP,G2026
2026-10-02,9150.37,oppose,2026-H-OH-01,OH-01 (2026),H2OH01194,Greg Landsman,H,OH,01,candidate_id,False,2026-H-OH-01,2026-H-OH-01,C00879510,America PAC,RED ZONE STRATEGIC LLC,PRINTING/POSTAGE,2026,SE24.1652,4092920261599843033,2015471,F24,48,N,A,True,True,202609289908481369,https://docquery.fec.gov/cgi-bin/fecimg/?202609289908481369,2026-09-28,2026-09-28,2026-10-02,"LANDSMAN, GREG",DEM,G2026
2026-10-02,8799.94,support,2026-S-OH,OH Senate (2026),S6OH00304,Jon Husted,S,OH,00,candidate_id,False,2026-S-OH,2026-S-OH,C00879510,America PAC,RED ZONE STRATEGIC LLC,PRINTING/POSTAGE,2026,SE24.1653,4092920261599843034,2015471,F24,48,N,A,True,True,202609289908481369,https://docquery.fec.gov/cgi-bin/fecimg/?202609289908481369,2026-09-28,2026-09-28,2026-10-02,"HUSTED, JON",REP,G2026
2026-10-02,8799.93,oppose,2026-S-OH,OH Senate (2026),S6OH00163,Sherrod Brown,S,OH,00,candidate_id,False,2026-S-OH,2026-S-OH,C00879510,America PAC,RED ZONE STRATEGIC LLC,PRINTING/POSTAGE,2026,SE24.1654,4092920261599843035,2015471,F24,48,N,A,True,True,202609289908481370,https://docquery.fec.gov/cgi-bin/fecimg/?202609289908481370,2026-09-28,2026-09-28,2026-10-02,"BROWN, SHERROD",DEM,G2026
2026-10-02,8799.94,support,2026-H-OH-05,OH-05 (2026),H8OH05036,Bob Latta,H,OH,05,candidate_id,False,2026-H-OH-05,2026-H-OH-05,C00879510,America PAC,RED ZONE STRATEGIC LLC,PRINTING/POSTAGE,2026,SE24.1655,4092920261599843036,2015471,F24,48,N,A,True,True,202609289908481370,https://docquery.fec.gov/cgi-bin/fecimg/?202609289908481370,2026-09-28,2026-09-28,2026-10-02,"LATTA, ROBERT EDWARD",REP,G2026
2026-10-02,8799.94,oppose,2026-H-OH-05,OH-05 (2026),H6OH05154,Brian Shaver,H,OH,05,candidate_id,False,2026-H-OH-05,2026-H-OH-05,C00879510,America PAC,RED ZONE STRATEGIC LLC,PRINTING/POSTAGE,2026,SE24.1656,4092920261599843037,2015471,F24,48,N,A,True,True,202609289908481371,https://docquery.fec.gov/cgi-bin/fecimg/?202609289908481371,2026-09-28,2026-09-28,2026-10-02,"SHAVER, BRIAN ALAN MR.",DEM,G2026
2026-10-02,17611.13,support,2026-S-OH,OH Senate (2026),S6OH00304,Jon Husted,S,OH,00,candidate_id,False,2026-S-OH,2026-S-OH,C00879510,America PAC,RED ZONE STRATEGIC LLC,PRINTING/POSTAGE,2026,SE24.1657,4092920261599843038,2015471,F24,48,N,A,True,True,202609289908481371,https://docquery.fec.gov/cgi-bin/fecimg/?202609289908481371,2026-09-28,2026-09-28,2026-10-02,"HUSTED, JON",REP,G2026
2026-10-02,8805.56,oppose,2026-S-OH,OH Senate (2026),S6OH00163,Sherrod Brown,S,OH,00,candidate_id,False,2026-S-OH,2026-S-OH,C00879510,America PAC,RED ZONE STRATEGIC LLC,PRINTING/POSTAGE,2026,SE24.1658,4092920261599843039,2015471,F24,48,N,A,True,True,202609289908481372,https://docquery.fec.gov/cgi-bin/fecimg/?202609289908481372,2026-09-28,2026-09-28,2026-10-02,"BROWN, SHERROD",DEM,G2026
2026-10-02,8805.56,oppose,2026-H-OH-07,OH-07 (2026),H6OH07168,Brian Poindexter,H,OH,07,candidate_id,False,2026-H-OH-07,2026-H-OH-07,C00879510,America PAC,RED ZONE STRATEGIC LLC,PRINTING/POSTAGE,2026,SE24.1659,4092920261599843040,2015471,F24,48,N,A,True,True,202609289908481372,https://docquery.fec.gov/cgi-bin/fecimg/?202609289908481372,2026-09-28,2026-09-28,2026-10-02,"POINDEXTER, BRIAN",DEM,G2026
2026-10-02,28992.58,support,2026-H-CO-08,CO-08 (2026),H4CO08034,Gabe Evans,H,CO,08,candidate_id,False,2026-H-CO-08,2026-H-CO-08,C00879510,America PAC,CALIBER CONTACT,PRINTING/POSTAGE,2026,SE24.1706,4100120261600351026,2015792,F24,48,N,A,True,True,202609309908498238,https://docquery.fec.gov/cgi-bin/fecimg/?202609309908498238,2026-09-30,2026-09-30,2026-10-02,"EVANS, TIMOTHY GABRIEL JOSEPH",REP,G2026
2026-10-02,44419.33,support,2026-H-WA-03,WA-03 (2026),H6WA03275,John Braun,H,WA,03,candidate_id,False,2026-H-WA-03,2026-H-WA-03,C00879510,America PAC,CALIBER CONTACT,PRINTING/POSTAGE,2026,SE24.1710,4100120261600351030,2015792,F24,48,N,A,True,True,202609309908498240,https://docquery.fec.gov/cgi-bin/fecimg/?202609309908498240,2026-09-30,2026-09-30,2026-10-02,"BRAUN, JOHN",REP,G2026
2026-10-02,12105.04,oppose,2026-S-MI,MI Senate (2026),S6MI00418,Abdul El-Sayed,S,MI,00,candidate_id,False,2026-S-MI,2026-S-MI,C00879510,America PAC,RED ZONE STRATEGIC LLC,PRINTING/POSTAGE,2026,SE24.1733,4100120261600351053,2015792,F24,48,N,A,True,True,202609309908498251,https://docquery.fec.gov/cgi-bin/fecimg/?202609309908498251,2026-09-30,2026-09-30,2026-10-02,"EL-SAYED, ABDUL",DEM,G2026
2026-10-02,12105.04,oppose,2026-H-MI-07,MI-07 (2026),H6MI07298,William Lawrence,H,MI,07,candidate_id,False,2026-H-MI-07,2026-H-MI-07,C00879510,America PAC,RED ZONE STRATEGIC LLC,PRINTING/POSTAGE,2026,SE24.1734,4100120261600351054,2015792,F24,48,N,A,True,True,202609309908498252,https://docquery.fec.gov/cgi-bin/fecimg/?202609309908498252,2026-09-30,2026-09-30,2026-10-02,"LAWRENCE, WILLIAM",DEM,G2026
2026-10-02,12105.05,support,2026-S-MI,MI Senate (2026),S4MI00595,Mike Rogers,S,MI,00,candidate_id,False,2026-S-MI,2026-S-MI,C00879510,America PAC,RED ZONE STRATEGIC LLC,PRINTING/POSTAGE,2026,SE24.1735,4100120261600351055,2015792,F24,48,N,A,True,True,202609309908498252,https://docquery.fec.gov/cgi-bin/fecimg/?202609309908498252,2026-09-30,2026-09-30,2026-10-02,"ROGERS, MICHAEL J",REP,G2026
2026-10-02,12105.04,support,2026-H-MI-07,MI-07 (2026),H2MI07123,Tom Barrett,H,MI,07,candidate_id,False,2026-H-MI-07,2026-H-MI-07,C00879510,America PAC,RED ZONE STRATEGIC LLC,PRINTING/POSTAGE,2026,SE24.1736,4100120261600351056,2015792,F24,48,N,A,True,True,202609309908498253,https://docquery.fec.gov/cgi-bin/fecimg/?202609309908498253,2026-09-30,2026-09-30,2026-10-02,"BARRETT, THOMAS MORE",REP,G2026
2026-10-02,8186.81,oppose,2026-S-MI,MI Senate (2026),S6MI00418,Abdul El-Sayed,S,MI,00,candidate_id,False,2026-S-MI,2026-S-MI,C00879510,America PAC,RED ZONE STRATEGIC LLC,PRINTING/POSTAGE,2026,SE24.1738,4100120261600351058,2015792,F24,48,N,A,True,True,202609309908498254,https://docquery.fec.gov/cgi-bin/fecimg/?202609309908498254,2026-09-30,2026-09-30,2026-10-02,"EL-SAYED, ABDUL",DEM,G2026
2026-10-02,8186.81,oppose,2026-H-MI-10,MI-10 (2026),H6MI10276,Christina Hines,H,MI,10,candidate_id,False,2026-H-MI-10,2026-H-MI-10,C00879510,America PAC,RED ZONE STRATEGIC LLC,PRINTING/POSTAGE,2026,SE24.1739,4100120261600351059,2015792,F24,48,N,A,True,True,202609309908498254,https://docquery.fec.gov/cgi-bin/fecimg/?202609309908498254,2026-09-30,2026-09-30,2026-10-02,"HINES, CHRISTINA",DEM,G2026
2026-10-02,8186.82,support,2026-S-MI,MI Senate (2026),S4MI00595,Mike Rogers,S,MI,00,candidate_id,False,2026-S-MI,2026-S-MI,C00879510,America PAC,RED ZONE STRATEGIC LLC,PRINTING/POSTAGE,2026,SE24.1740,4100120261600351060,2015792,F24,48,N,A,True,True,202609309908498255,https://docquery.fec.gov/cgi-bin/fecimg/?202609309908498255,2026-09-30,2026-09-30,2026-10-02,"ROGERS, MICHAEL J",REP,G2026
2026-10-02,8186.81,support,2026-H-MI-10,MI-10 (2026),H6MI10359,Michael Bouchard,H,MI,10,candidate_id,False,2026-H-MI-10,2026-H-MI-10,C00879510,America PAC,RED ZONE STRATEGIC LLC,PRINTING/POSTAGE,2026,SE24.1741,4100120261600351061,2015792,F24,48,N,A,True,True,202609309908498255,https://docquery.fec.gov/cgi-bin/fecimg/?202609309908498255,2026-09-30,2026-09-30,2026-10-02,"BOUCHARD, MICHAEL",REP,G2026
2026-10-02,9129.93,oppose,2026-S-MI,MI Senate (2026),S6MI00418,Abdul El-Sayed,S,MI,00,candidate_id,False,2026-S-MI,2026-S-MI,C00879510,America PAC,RED ZONE STRATEGIC LLC,PRINTING/POSTAGE,2026,SE24.1742,4100120261600351062,2015792,F24,48,N,A,True,True,202609309908498256,https://docquery.fec.gov/cgi-bin/fecimg/?202609309908498256,2026-09-30,2026-09-30,2026-10-02,"EL-SAYED, ABDUL",DEM,G2026
2026-10-02,9129.94,support,2026-H-MI-04,MI-04 (2026),H0MI02094,Bill Huizenga,H,MI,04,candidate_id,False,2026-H-MI-04,2026-H-MI-04,C00879510,America PAC,RED ZONE STRATEGIC LLC,PRINTING/POSTAGE,2026,SE24.1743,4100120261600351063,2015792,F24,48,N,A,True,True,202609309908498256,https://docquery.fec.gov/cgi-bin/fecimg/?202609309908498256,2026-09-30,2026-09-30,2026-10-02,"HUIZENGA, WILLIAM P",REP,G2026
2026-10-02,9129.94,support,2026-S-MI,MI Senate (2026),S4MI00595,Mike Rogers,S,MI,00,candidate_id,False,2026-S-MI,2026-S-MI,C00879510,America PAC,RED ZONE STRATEGIC LLC,PRINTING/POSTAGE,2026,SE24.1744,4100120261600351064,2015792,F24,48,N,A,True,True,202609309908498257,https://docquery.fec.gov/cgi-bin/fecimg/?202609309908498257,2026-09-30,2026-09-30,2026-10-02,"ROGERS, MICHAEL J",REP,G2026
2026-10-02,9129.94,oppose,2026-H-MI-04,MI-04 (2026),H6MI04204,Sean McCann,H,MI,04,candidate_id,False,2026-H-MI-04,2026-H-MI-04,C00879510,America PAC,RED ZONE STRATEGIC LLC,PRINTING/POSTAGE,2026,SE24.1745,4100120261600351065,2015792,F24,48,N,A,True,True,202609309908498257,https://docquery.fec.gov/cgi-bin/fecimg/?202609309908498257,2026-09-30,2026-09-30,2026-10-02,"MCCANN, SEAN",DEM,G2026
2026-10-02,13577.45,oppose,2026-S-MI,MI Senate (2026),S6MI00418,Abdul El-Sayed,S,MI,00,candidate_id,False,2026-S-MI,2026-S-MI,C00879510,America PAC,RED ZONE STRATEGIC LLC,PRINTING/POSTAGE,2026,SE24.1746,4100120261600351066,2015792,F24,48,N,A,True,True,202609309908498258,https://docquery.fec.gov/cgi-bin/fecimg/?202609309908498258,2026-09-30,2026-09-30,2026-10-02,"EL-SAYED, ABDUL",DEM,G2026
2026-10-02,13577.45,oppose,2026-H-MI-08,MI-08 (2026),H4MI08218,Kristen McDonald Rivet,H,MI,08,candidate_id,False,2026-H-MI-08,2026-H-MI-08,C00879510,America PAC,RED ZONE STRATEGIC LLC,PRINTING/POSTAGE,2026,SE24.1747,4100120261600351067,2015792,F24,48,N,A,True,True,202609309908498258,https://docquery.fec.gov/cgi-bin/fecimg/?202609309908498258,2026-09-30,2026-09-30,2026-10-02,"MCDONALD RIVET, KRISTEN",DEM,G2026
2026-10-02,13577.46,support,2026-S-MI,MI Senate (2026),S4MI00595,Mike Rogers,S,MI,00,candidate_id,False,2026-S-MI,2026-S-MI,C00879510,America PAC,RED ZONE STRATEGIC LLC,PRINTING/POSTAGE,2026,SE24.1748,4100120261600351068,2015792,F24,48,N,A,True,True,202609309908498259,https://docquery.fec.gov/cgi-bin/fecimg/?202609309908498259,2026-09-30,2026-09-30,2026-10-02,"ROGERS, MICHAEL J",REP,G2026
2026-10-02,13577.45,support,2026-H-MI-08,MI-08 (2026),H6MI08312,Tom Smith,H,MI,08,candidate_id,False,2026-H-MI-08,2026-H-MI-08,C00879510,America PAC,RED ZONE STRATEGIC LLC,PRINTING/POSTAGE,2026,SE24.1749,4100120261600351069,2015792,F24,48,N,A,True,True,202609309908498259,https://docquery.fec.gov/cgi-bin/fecimg/?202609309908498259,2026-09-30,2026-09-30,2026-10-02,"SMITH, THOMAS JAMES MR",REP,G2026
2026-10-02,24059.70,support,2026-H-AZ-06,AZ-06 (2026),H2AZ02360,Juan Ciscomani,H,AZ,06,candidate_id,False,2026-H-AZ-06,2026-H-AZ-06,C00879510,America PAC,CONNECTION STRATEGY LLC,MESSAGE PHONE CALLS,2026,SE24.1816,4100320261600422030,2016516,F24,48,N,A,True,True,202610029908511767,https://docquery.fec.gov/cgi-bin/fecimg/?202610029908511767,2026-10-02,2026-10-02,2026-10-02,"CISCOMANI, JUAN",REP,G2026
2026-10-02,18362.75,support,2026-H-VA-02,VA-02 (2026),H2VA02064,Jen Kiggans,H,VA,02,candidate_id,False,2026-H-VA-02,2026-H-VA-02,C00879510,America PAC,CONNECTION STRATEGY LLC,MESSAGE PHONE CALLS,2026,SE24.1817,4100320261600422031,2016516,F24,48,N,A,True,True,202610029908511767,https://docquery.fec.gov/cgi-bin/fecimg/?202610029908511767,2026-10-02,2026-10-02,2026-10-02,"KIGGANS, JENNIFER",REP,G2026
2026-10-03,1326.51,support,2026-H-TX-34,TX-34 (2026),H6TX34080,Eric Flores,H,TX,34,candidate_id,False,2026-H-TX-34,2026-H-TX-34,C00879510,America PAC,IMGE LLC,TEXTING SERVICE,2026,SE24.1802,4100320261600422040,2016516,F24,48,N,A,True,True,202610029908511772,https://docquery.fec.gov/cgi-bin/fecimg/?202610029908511772,2026-10-02,2026-10-02,2026-10-03,"FLORES, ERIC",REP,G2026
2026-10-03,1326.50,oppose,2026-H-TX-34,TX-34 (2026),H6TX15162,Vicente Gonzalez,H,TX,34,candidate_id,False,2026-H-TX-34,2026-H-TX-34,C00879510,America PAC,IMGE LLC,TEXTING SERVICE,2026,SE24.1803,4100320261600422041,2016516,F24,48,N,A,True,True,202610029908511772,https://docquery.fec.gov/cgi-bin/fecimg/?202610029908511772,2026-10-02,2026-10-02,2026-10-03,"GONZALEZ, VICENTE",DEM,G2026
2026-10-03,1073.95,support,2026-H-TX-28,TX-28 (2026),H6TX28124,Tano Tijerina,H,TX,28,candidate_id,False,2026-H-TX-28,2026-H-TX-28,C00879510,America PAC,IMGE LLC,TEXTING SERVICE,2026,SE24.1804,4100320261600422042,2016516,F24,48,N,A,True,True,202610029908511773,https://docquery.fec.gov/cgi-bin/fecimg/?202610029908511773,2026-10-02,2026-10-02,2026-10-03,"TIJERINA, TANO",REP,G2026
2026-10-03,1073.94,oppose,2026-H-TX-28,TX-28 (2026),H2TX23082,Henry Cuellar,H,TX,28,candidate_id,False,2026-H-TX-28,2026-H-TX-28,C00879510,America PAC,IMGE LLC,TEXTING SERVICE,2026,SE24.1805,4100320261600422043,2016516,F24,48,N,A,True,True,202610029908511773,https://docquery.fec.gov/cgi-bin/fecimg/?202610029908511773,2026-10-02,2026-10-02,2026-10-03,"CUELLAR, HENRY R.",DEM,G2026
2026-10-03,1746.08,support,2026-H-TX-23,TX-23 (2026),H4TX23120,Brandon Herrera,H,TX,23,candidate_id,False,2026-H-TX-23,2026-H-TX-23,C00879510,America PAC,IMGE LLC,TEXTING SERVICE,2026,SE24.1806,4100320261600422044,2016516,F24,48,N,A,True,True,202610029908511774,https://docquery.fec.gov/cgi-bin/fecimg/?202610029908511774,2026-10-02,2026-10-02,2026-10-03,"HERRERA, BRANDON",REP,G2026
2026-10-03,1746.07,oppose,2026-H-TX-23,TX-23 (2026),H6TX23273,Katy Padilla Stout,H,TX,23,candidate_id,False,2026-H-TX-23,2026-H-TX-23,C00879510,America PAC,IMGE LLC,TEXTING SERVICE,2026,SE24.1807,4100320261600422045,2016516,F24,48,N,A,True,True,202610029908511774,https://docquery.fec.gov/cgi-bin/fecimg/?202610029908511774,2026-10-02,2026-10-02,2026-10-03,"STOUT, KATY PADILLA",DEM,G2026
2026-10-03,1317.29,support,2026-H-TX-15,TX-15 (2026),H0TX15124,Monica De La Cruz,H,TX,15,candidate_id,False,2026-H-TX-15,2026-H-TX-15,C00879510,America PAC,IMGE LLC,TEXTING SERVICE,2026,SE24.1808,4100320261600422046,2016516,F24,48,N,A,True,True,202610029908511775,https://docquery.fec.gov/cgi-bin/fecimg/?202610029908511775,2026-10-02,2026-10-02,2026-10-03,"DE LA CRUZ, MONICA",REP,G2026
2026-10-03,1317.28,oppose,2026-H-TX-15,TX-15 (2026),H6TX15246,Bobby Pulido,H,TX,15,candidate_id,False,2026-H-TX-15,2026-H-TX-15,C00879510,America PAC,IMGE LLC,TEXTING SERVICE,2026,SE24.1809,4100320261600422047,2016516,F24,48,N,A,True,True,202610029908511775,https://docquery.fec.gov/cgi-bin/fecimg/?202610029908511775,2026-10-02,2026-10-02,2026-10-03,"PULIDO, BOBBY",DEM,G2026
2026-10-03,1495.10,support,2026-H-TX-35,TX-35 (2026),H6TX35087,Carlos De La Cruz,H,TX,35,candidate_id,False,2026-H-TX-35,2026-H-TX-35,C00879510,America PAC,IMGE LLC,TEXTING SERVICE,2026,SE24.1811,4100320261600422049,2016516,F24,48,N,A,True,True,202610029908511776,https://docquery.fec.gov/cgi-bin/fecimg/?202610029908511776,2026-10-02,2026-10-02,2026-10-03,"DE LA CRUZ, CARLOS JR.",REP,G2026
2026-10-03,1495.09,oppose,2026-H-TX-35,TX-35 (2026),H6TX35095,Johnny Garcia,H,TX,35,candidate_id,False,2026-H-TX-35,2026-H-TX-35,C00879510,America PAC,IMGE LLC,TEXTING SERVICE,2026,SE24.1812,4100320261600422050,2016516,F24,48,N,A,True,True,202610029908511777,https://docquery.fec.gov/cgi-bin/fecimg/?202610029908511777,2026-10-02,2026-10-02,2026-10-03,"GARCIA, JOHNNY",DEM,G2026
2026-10-04,53500.00,oppose,2026-S-TX,TX Senate (2026),S6TX00479,James Talarico,S,TX,00,candidate_id,False,2026-S-TX,2026-S-TX,C00879510,America PAC,FULL REACH MEDIA GROUP LLC,DIGITAL MEDIA,2026,SE24.1664,4092920261599843005,2015471,F24,48,N,A,True,True,202609289908481355,https://docquery.fec.gov/cgi-bin/fecimg/?202609289908481355,2026-09-28,2026-09-28,2026-10-04,"TALARICO, JAMES",DEM,G2026
2026-10-04,53500.00,oppose,2026-H-TX-15,TX-15 (2026),H6TX15246,Bobby Pulido,H,TX,15,candidate_id,False,2026-H-TX-15,2026-H-TX-15,C00879510,America PAC,FULL REACH MEDIA GROUP LLC,DIGITAL MEDIA,2026,SE24.1665,4092920261599843006,2015471,F24,48,N,A,True,True,202609289908481355,https://docquery.fec.gov/cgi-bin/fecimg/?202609289908481355,2026-09-28,2026-09-28,2026-10-04,"PULIDO, BOBBY",DEM,G2026
2026-10-04,43500.00,oppose,2026-H-TX-35,TX-35 (2026),H6TX35095,Johnny Garcia,H,TX,35,candidate_id,False,2026-H-TX-35,2026-H-TX-35,C00879510,America PAC,FULL REACH MEDIA GROUP LLC,DIGITAL MEDIA,2026,SE24.1666,4092920261599843007,2015471,F24,48,N,A,True,True,202609289908481356,https://docquery.fec.gov/cgi-bin/fecimg/?202609289908481356,2026-09-28,2026-09-28,2026-10-04,"GARCIA, JOHNNY",DEM,G2026
2026-10-04,2500.00,support,2026-H-TX-35,TX-35 (2026),H6TX35087,Carlos De La Cruz,H,TX,35,candidate_id,False,2026-H-TX-35,2026-H-TX-35,C00879510,America PAC,FULL REACH MEDIA GROUP LLC,DIGITAL MEDIA,2026,SE24.1667,4092920261599843008,2015471,F24,48,N,A,True,True,202609289908481356,https://docquery.fec.gov/cgi-bin/fecimg/?202609289908481356,2026-09-28,2026-09-28,2026-10-04,"DE LA CRUZ, CARLOS JR.",REP,G2026
2026-10-04,53500.00,oppose,2026-S-AK,AK Senate (2026),S6AK00276,Mary Peltola,S,AK,00,candidate_id,False,2026-S-AK,2026-S-AK,C00879510,America PAC,FULL REACH MEDIA GROUP LLC,DIGITAL MEDIA,2026,SE24.1719,4100120261600351039,2015792,F24,48,N,A,True,True,202609309908498244,https://docquery.fec.gov/cgi-bin/fecimg/?202609309908498244,2026-09-30,2026-09-30,2026-10-04,"PELTOLA, MARY",DEM,G2026
2026-10-04,5594.48,support,2026-H-VA-02,VA-02 (2026),H2VA02064,Jen Kiggans,H,VA,02,candidate_id,False,2026-H-VA-02,2026-H-VA-02,C00879510,America PAC,IMGE LLC,TEXTING SERVICE,2026,SE24.1810,4100320261600422048,2016516,F24,48,N,A,True,True,202610029908511776,https://docquery.fec.gov/cgi-bin/fecimg/?202610029908511776,2026-10-02,2026-10-02,2026-10-04,"KIGGANS, JENNIFER",REP,G2026
2026-10-04,308678.35,oppose,2026-S-OH,OH Senate (2026),S6OH00163,Sherrod Brown,S,OH,00,candidate_id,False,2026-S-OH,2026-S-OH,C00879510,America PAC,IMGE LLC,DIGITAL MEDIA,2026,SE24.1813,4100320261600422051,2016516,F24,48,N,A,True,True,202610029908511777,https://docquery.fec.gov/cgi-bin/fecimg/?202610029908511777,2026-10-02,2026-10-02,2026-10-04,"BROWN, SHERROD",DEM,G2026
2026-10-04,11045.72,oppose,2026-S-AK,AK Senate (2026),S6AK00276,Mary Peltola,S,AK,00,candidate_id,False,2026-S-AK,2026-S-AK,C00879510,America PAC,IMGE LLC,DIGITAL MEDIA,2026,SE24.1814,4100320261600422052,2016516,F24,48,N,A,True,True,202610029908511778,https://docquery.fec.gov/cgi-bin/fecimg/?202610029908511778,2026-10-02,2026-10-02,2026-10-04,"PELTOLA, MARY",DEM,G2026
2026-10-04,558420.67,oppose,2026-S-TX,TX Senate (2026),S6TX00479,James Talarico,S,TX,00,candidate_id,False,2026-S-TX,2026-S-TX,C00879510,America PAC,IMGE LLC,DIGITAL MEDIA,2026,SE24.1815,4100320261600422053,2016516,F24,48,N,A,True,True,202610029908511778,https://docquery.fec.gov/cgi-bin/fecimg/?202610029908511778,2026-10-02,2026-10-02,2026-10-04,"TALARICO, JAMES",DEM,G2026
2026-10-04,558420.67,oppose,2026-S-TX,TX Senate (2026),S6TX00479,James Talarico,S,TX,00,candidate_id,False,2026-S-TX,2026-S-TX,C00879510,America PAC,IMGE LLC,DIGITAL MEDIA,2026,SE24.1818,4100320261600422054,2016516,F24,48,N,A,True,True,202610029908511779,https://docquery.fec.gov/cgi-bin/fecimg/?202610029908511779,2026-10-02,2026-10-02,2026-10-04,"TALARICO, JAMES",DEM,G2026
2026-10-04,189955.91,oppose,2026-S-OH,OH Senate (2026),S6OH00163,Sherrod Brown,S,OH,00,candidate_id,False,2026-S-OH,2026-S-OH,C00879510,America PAC,IMGE LLC,DIGITAL MEDIA,2026,SE24.1819,4100320261600422055,2016516,F24,48,N,A,True,True,202610029908511779,https://docquery.fec.gov/cgi-bin/fecimg/?202610029908511779,2026-10-02,2026-10-02,2026-10-04,"BROWN, SHERROD",DEM,G2026
2026-10-04,61765.33,oppose,2026-S-IA,IA Senate (2026),S6IA00298,Josh Turek,S,IA,00,candidate_id,False,2026-S-IA,2026-S-IA,C00879510,America PAC,IMGE LLC,DIGITAL MEDIA,2026,SE24.1820,4100320261600422056,2016516,F24,48,N,A,True,True,202610029908511780,https://docquery.fec.gov/cgi-bin/fecimg/?202610029908511780,2026-10-02,2026-10-02,2026-10-04,"TUREK, JOSHUA",DEM,G2026
2026-10-04,61765.33,oppose,2026-S-IA,IA Senate (2026),S6IA00298,Josh Turek,S,IA,00,candidate_id,False,2026-S-IA,2026-S-IA,C00879510,America PAC,IMGE LLC,DIGITAL MEDIA,2026,SE24.1821,4100320261600422057,2016516,F24,48,N,A,True,True,202610029908511780,https://docquery.fec.gov/cgi-bin/fecimg/?202610029908511780,2026-10-02,2026-10-02,2026-10-04,"TUREK, JOSHUA",DEM,G2026
2026-10-05,24288.00,support,2026-H-ME-02,ME-02 (2026),H6ME02148,Paul LePage,H,ME,02,candidate_id,False,2026-H-ME-02,2026-H-ME-02,C00879510,America PAC,RED MAVERICK MEDIA LLC,PRINTING/POSTAGE,2026,SE24.1412,4091520261598532036,2011920,F24,48,N,A,True,True,202609149904205611,https://docquery.fec.gov/cgi-bin/fecimg/?202609149904205611,2026-09-14,2026-09-14,2026-10-05,"LEPAGE, PAUL",REP,G2026
2026-10-05,24288.00,oppose,2026-H-ME-02,ME-02 (2026),H6ME02171,Matt Dunlap,H,ME,02,candidate_id,False,2026-H-ME-02,2026-H-ME-02,C00879510,America PAC,RED MAVERICK MEDIA LLC,PRINTING/POSTAGE,2026,SE24.1413,4091520261598532037,2011920,F24,48,N,A,True,True,202609149904205612,https://docquery.fec.gov/cgi-bin/fecimg/?202609149904205612,2026-09-14,2026-09-14,2026-10-05,"DUNLAP, MATT",DEM,G2026
2026-10-05,20384.50,support,2026-S-AK,AK Senate (2026),S4AK00214,Dan Sullivan,S,AK,00,candidate_id,False,2026-S-AK,2026-S-AK,C00879510,America PAC,THE BAKER GROUP LLC,PRINTING/POSTAGE,2026,SE24.1517,4092220261599309040,2014723,F24,48,N,A,True,True,202609219908383847,https://docquery.fec.gov/cgi-bin/fecimg/?202609219908383847,2026-09-21,2026-09-21,2026-10-05,"SULLIVAN, DAN",REP,G2026
2026-10-05,20384.50,oppose,2026-S-AK,AK Senate (2026),S6AK00276,Mary Peltola,S,AK,00,candidate_id,False,2026-S-AK,2026-S-AK,C00879510,America PAC,THE BAKER GROUP LLC,PRINTING/POSTAGE,2026,SE24.1518,4092220261599309041,2014723,F24,48,N,A,True,True,202609219908383848,https://docquery.fec.gov/cgi-bin/fecimg/?202609219908383848,2026-09-21,2026-09-21,2026-10-05,"PELTOLA, MARY",DEM,G2026
2026-10-05,27938.00,oppose,2026-H-TX-15,TX-15 (2026),H6TX15246,Bobby Pulido,H,TX,15,candidate_id,False,2026-H-TX-15,2026-H-TX-15,C00879510,America PAC,STORYTELLERS GROUP LLC,PRINTING/POSTAGE,2026,SE24.1542,4092520261599630110,2015089,F24,48,N,A,True,True,202609249908417865,https://docquery.fec.gov/cgi-bin/fecimg/?202609249908417865,2026-09-24,2026-09-24,2026-10-05,"PULIDO, BOBBY",DEM,G2026
2026-10-05,31470.00,oppose,2026-H-TX-35,TX-35 (2026),H6TX35095,Johnny Garcia,H,TX,35,candidate_id,False,2026-H-TX-35,2026-H-TX-35,C00879510,America PAC,STORYTELLERS GROUP LLC,PRINTING/POSTAGE,2026,SE24.1543,4092520261599630111,2015089,F24,48,N,A,True,True,202609249908417865,https://docquery.fec.gov/cgi-bin/fecimg/?202609249908417865,2026-09-24,2026-09-24,2026-10-05,"GARCIA, JOHNNY",DEM,G2026
2026-10-05,25204.00,oppose,2026-H-TX-34,TX-34 (2026),H6TX15162,Vicente Gonzalez,H,TX,34,candidate_id,False,2026-H-TX-34,2026-H-TX-34,C00879510,America PAC,STORYTELLERS GROUP LLC,PRINTING/POSTAGE,2026,SE24.1544,4092520261599630112,2015089,F24,48,N,A,True,True,202609249908417866,https://docquery.fec.gov/cgi-bin/fecimg/?202609249908417866,2026-09-24,2026-09-24,2026-10-05,"GONZALEZ, VICENTE",DEM,G2026
2026-10-05,37665.00,oppose,2026-H-TX-28,TX-28 (2026),H2TX23082,Henry Cuellar,H,TX,28,candidate_id,False,2026-H-TX-28,2026-H-TX-28,C00879510,America PAC,STORYTELLERS GROUP LLC,PRINTING/POSTAGE,2026,SE24.1545,4092520261599630113,2015089,F24,48,N,A,True,True,202609249908417866,https://docquery.fec.gov/cgi-bin/fecimg/?202609249908417866,2026-09-24,2026-09-24,2026-10-05,"CUELLAR, HENRY R.",DEM,G2026
2026-10-05,41968.00,oppose,2026-H-TX-23,TX-23 (2026),H6TX23273,Katy Padilla Stout,H,TX,23,candidate_id,False,2026-H-TX-23,2026-H-TX-23,C00879510,America PAC,STORYTELLERS GROUP LLC,PRINTING/POSTAGE,2026,SE24.1546,4092520261599630114,2015089,F24,48,N,A,True,True,202609249908417867,https://docquery.fec.gov/cgi-bin/fecimg/?202609249908417867,2026-09-24,2026-09-24,2026-10-05,"STOUT, KATY PADILLA",DEM,G2026
2026-10-05,40282.00,oppose,2026-H-IA-01,IA-01 (2026),H2IA02111,Christina Bohannan,H,IA,01,candidate_id,False,2026-H-IA-01,2026-H-IA-01,C00879510,America PAC,THE BAKER GROUP LLC,PRINTING/POSTAGE,2026,SE24.1636,4092920261599843041,2015471,F24,48,N,A,True,True,202609289908481373,https://docquery.fec.gov/cgi-bin/fecimg/?202609289908481373,2026-09-28,2026-09-28,2026-10-05,"BOHANNAN, CHRISTINA",DEM,G2026
2026-10-05,36037.00,oppose,2026-H-IA-02,IA-02 (2026),H6IA02211,Lindsay James,H,IA,02,candidate_id,False,2026-H-IA-02,2026-H-IA-02,C00879510,America PAC,THE BAKER GROUP LLC,PRINTING/POSTAGE,2026,SE24.1637,4092920261599843042,2015471,F24,48,N,A,True,True,202609289908481373,https://docquery.fec.gov/cgi-bin/fecimg/?202609289908481373,2026-09-28,2026-09-28,2026-10-05,"JAMES, LINDSAY",DEM,G2026
2026-10-05,40152.00,oppose,2026-H-IA-03,IA-03 (2026),H6IA03268,Sarah Trone Garriott,H,IA,03,candidate_id,False,2026-H-IA-03,2026-H-IA-03,C00879510,America PAC,THE BAKER GROUP LLC,PRINTING/POSTAGE,2026,SE24.1638,4092920261599843043,2015471,F24,48,N,A,True,True,202609289908481374,https://docquery.fec.gov/cgi-bin/fecimg/?202609289908481374,2026-09-28,2026-09-28,2026-10-05,"TRONE GARRIOTT, SARAH",DEM,G2026
2026-10-05,10654.16,oppose,2026-H-IA-01,IA-01 (2026),H2IA02111,Christina Bohannan,H,IA,01,candidate_id,False,2026-H-IA-01,2026-H-IA-01,C00879510,America PAC,THE BAKER GROUP LLC,PRINTING/POSTAGE,2026,SE24.1750,4100220261600396042,2016111,F24,48,N,A,True,True,202610019908503273,https://docquery.fec.gov/cgi-bin/fecimg/?202610019908503273,2026-10-01,2026-10-01,2026-10-05,"BOHANNAN, CHRISTINA",DEM,G2026
2026-10-05,9559.87,oppose,2026-H-IA-02,IA-02 (2026),H6IA02211,Lindsay James,H,IA,02,candidate_id,False,2026-H-IA-02,2026-H-IA-02,C00879510,America PAC,THE BAKER GROUP LLC,PRINTING/POSTAGE,2026,SE24.1751,4100220261600396043,2016111,F24,48,N,A,True,True,202610019908503274,https://docquery.fec.gov/cgi-bin/fecimg/?202610019908503274,2026-10-01,2026-10-01,2026-10-05,"JAMES, LINDSAY",DEM,G2026
2026-10-05,10757.54,oppose,2026-H-IA-03,IA-03 (2026),H6IA03268,Sarah Trone Garriott,H,IA,03,candidate_id,False,2026-H-IA-03,2026-H-IA-03,C00879510,America PAC,THE BAKER GROUP LLC,PRINTING/POSTAGE,2026,SE24.1752,4100220261600396044,2016111,F24,48,N,A,True,True,202610019908503274,https://docquery.fec.gov/cgi-bin/fecimg/?202610019908503274,2026-10-01,2026-10-01,2026-10-05,"TRONE GARRIOTT, SARAH",DEM,G2026
2026-10-06,49000.00,oppose,2026-S-IA,IA Senate (2026),S6IA00298,Josh Turek,S,IA,00,candidate_id,False,2026-S-IA,2026-S-IA,C00879510,America PAC,FULL REACH MEDIA GROUP LLC,DIGITAL MEDIA,2026,SE24.1661,4092920261599843002,2015471,F24,48,N,A,True,True,202609289908481353,https://docquery.fec.gov/cgi-bin/fecimg/?202609289908481353,2026-09-28,2026-09-28,2026-10-06,"TUREK, JOSHUA",DEM,G2026
2026-10-06,58500.00,oppose,2026-H-OH-01,OH-01 (2026),H2OH01194,Greg Landsman,H,OH,01,candidate_id,False,2026-H-OH-01,2026-H-OH-01,C00879510,America PAC,FULL REACH MEDIA GROUP LLC,DIGITAL MEDIA,2026,SE24.1662,4092920261599843003,2015471,F24,48,N,A,True,True,202609289908481354,https://docquery.fec.gov/cgi-bin/fecimg/?202609289908481354,2026-09-28,2026-09-28,2026-10-06,"LANDSMAN, GREG",DEM,G2026
2026-10-06,43500.00,oppose,2026-S-OH,OH Senate (2026),S6OH00163,Sherrod Brown,S,OH,00,candidate_id,False,2026-S-OH,2026-S-OH,C00879510,America PAC,FULL REACH MEDIA GROUP LLC,DIGITAL MEDIA,2026,SE24.1663,4092920261599843004,2015471,F24,48,N,A,True,True,202609289908481354,https://docquery.fec.gov/cgi-bin/fecimg/?202609289908481354,2026-09-28,2026-09-28,2026-10-06,"BROWN, SHERROD",DEM,G2026
2026-10-06,23818.00,support,2026-H-WI-03,WI-03 (2026),H0WI03175,Derrick Van Orden,H,WI,03,candidate_id,False,2026-H-WI-03,2026-H-WI-03,C00879510,America PAC,STORYTELLERS GROUP LLC,PRINTING/POSTAGE,2026,SE24.1670,4092920261599843164,2015607,F24,48,N,A,True,True,202609299908492897,https://docquery.fec.gov/cgi-bin/fecimg/?202609299908492897,2026-09-29,2026-09-29,2026-10-06,"VAN ORDEN, DERRICK F. MR.",REP,G2026
2026-10-06,23818.00,oppose,2026-H-WI-03,WI-03 (2026),H4WI03169,Rebecca Cooke,H,WI,03,candidate_id,False,2026-H-WI-03,2026-H-WI-03,C00879510,America PAC,STORYTELLERS GROUP LLC,PRINTING/POSTAGE,2026,SE24.1671,4092920261599843165,2015607,F24,48,N,A,True,True,202609299908492898,https://docquery.fec.gov/cgi-bin/fecimg/?202609299908492898,2026-09-29,2026-09-29,2026-10-06,"COOKE, REBECCA",DEM,G2026
2026-10-06,23920.00,support,2026-H-NJ-07,NJ-07 (2026),H0NJ07261,"Thomas H. Kean, Jr.",H,NJ,07,candidate_id,False,2026-H-NJ-07,2026-H-NJ-07,C00879510,America PAC,STORYTELLERS GROUP LLC,PRINTING/POSTAGE,2026,SE24.1672,4092920261599843166,2015607,F24,48,N,A,True,True,202609299908492898,https://docquery.fec.gov/cgi-bin/fecimg/?202609299908492898,2026-09-29,2026-09-29,2026-10-06,"KEAN, THOMAS H. JR.",REP,G2026
2026-10-06,23920.00,oppose,2026-H-NJ-07,NJ-07 (2026),H6NJ07201,Rebecca Bennett,H,NJ,07,candidate_id,False,2026-H-NJ-07,2026-H-NJ-07,C00879510,America PAC,STORYTELLERS GROUP LLC,PRINTING/POSTAGE,2026,SE24.1673,4092920261599843167,2015607,F24,48,N,A,True,True,202609299908492899,https://docquery.fec.gov/cgi-bin/fecimg/?202609299908492899,2026-09-29,2026-09-29,2026-10-06,"BENNETT, REBECCA",DEM,G2026
2026-10-06,22949.17,support,2026-H-NY-17,NY-17 (2026),H2NY17162,Michael Lawler,H,NY,17,candidate_id,False,2026-H-NY-17,2026-H-NY-17,C00879510,America PAC,STORYTELLERS GROUP LLC,PRINTING/POSTAGE,2026,SE24.1674,4092920261599843168,2015607,F24,48,N,A,True,True,202609299908492899,https://docquery.fec.gov/cgi-bin/fecimg/?202609299908492899,2026-09-29,2026-09-29,2026-10-06,"LAWLER, MICHAEL VINCENT",REP,G2026
2026-10-06,22949.17,oppose,2026-H-NY-17,NY-17 (2026),H6NY17171,Cait Conley,H,NY,17,candidate_id,False,2026-H-NY-17,2026-H-NY-17,C00879510,America PAC,STORYTELLERS GROUP LLC,PRINTING/POSTAGE,2026,SE24.1675,4092920261599843169,2015607,F24,48,N,A,True,True,202609299908492900,https://docquery.fec.gov/cgi-bin/fecimg/?202609299908492900,2026-09-29,2026-09-29,2026-10-06,"CONLEY, CAIT",DEM,G2026
2026-10-06,24559.59,support,2026-H-FL-25,FL-25 (2026),H6FL23188,Scott Singer,H,FL,25,candidate_id,False,2026-H-FL-25,2026-H-FL-25,C00879510,America PAC,STORYTELLERS GROUP LLC,PRINTING/POSTAGE,2026,SE24.1788,4100220261600396036,2016111,F24,48,N,A,True,True,202610019908503270,https://docquery.fec.gov/cgi-bin/fecimg/?202610019908503270,2026-10-01,2026-10-01,2026-10-06,"SINGER, SCOTT M.",REP,G2026
2026-10-06,24559.59,oppose,2026-H-FL-25,FL-25 (2026),H2FL22171,Jared Moskowitz,H,FL,25,candidate_id,False,2026-H-FL-25,2026-H-FL-25,C00879510,America PAC,STORYTELLERS GROUP LLC,PRINTING/POSTAGE,2026,SE24.1789,4100220261600396037,2016111,F24,48,N,A,True,True,202610019908503271,https://docquery.fec.gov/cgi-bin/fecimg/?202610019908503271,2026-10-01,2026-10-01,2026-10-06,"MOSKOWITZ, JARED",DEM,G2026
2026-10-07,189089.00,oppose,2026-S-IA,IA Senate (2026),S6IA00298,Josh Turek,S,IA,00,candidate_id,False,2026-S-IA,2026-S-IA,C00879510,America PAC,THE BAKER GROUP LLC,PRINTING/POSTAGE,2026,SE24.1668,4092920261599843172,2015607,F24,48,N,A,True,True,202609299908492901,https://docquery.fec.gov/cgi-bin/fecimg/?202609299908492901,2026-09-29,2026-09-29,2026-10-07,"TUREK, JOSHUA",DEM,G2026
2026-10-08,1106446.64,oppose,2026-S-TX,TX Senate (2026),S6TX00479,James Talarico,S,TX,00,candidate_id,False,2026-S-TX,2026-S-TX,C00879510,America PAC,STORYTELLERS GROUP LLC,PRINTING/POSTAGE,2026,SE24.1547,4092520261599630115,2015089,F24,48,N,A,True,True,202609249908417867,https://docquery.fec.gov/cgi-bin/fecimg/?202609249908417867,2026-09-24,2026-09-24,2026-10-08,"TALARICO, JAMES",DEM,G2026
2026-10-08,37000.00,oppose,2026-H-WI-03,WI-03 (2026),H4WI03169,Rebecca Cooke,H,WI,03,candidate_id,False,2026-H-WI-03,2026-H-WI-03,C00879510,America PAC,FULL REACH MEDIA GROUP LLC,DIGITAL MEDIA,2026,SE24.1717,4100120261600351037,2015792,F24,48,N,A,True,True,202609309908498243,https://docquery.fec.gov/cgi-bin/fecimg/?202609309908498243,2026-09-30,2026-09-30,2026-10-08,"COOKE, REBECCA",DEM,G2026
2026-10-09,21137.00,support,2026-H-NH-01,NH-01 (2026),H6NH01420,Anthony DiLorenzo,H,NH,01,candidate_id,False,2026-H-NH-01,2026-H-NH-01,C00879510,America PAC,RED MAVERICK MEDIA LLC,PRINTING/POSTAGE,2026,SE24.1410,4091520261598532034,2011920,F24,48,N,A,True,True,202609149904205610,https://docquery.fec.gov/cgi-bin/fecimg/?202609149904205610,2026-09-14,2026-09-14,2026-10-09,"DILORENZO, ANTHONY",REP,G2026
2026-10-09,21137.00,oppose,2026-H-NH-01,NH-01 (2026),H6NH01321,Stefany Shaheen,H,NH,01,candidate_id,False,2026-H-NH-01,2026-H-NH-01,C00879510,America PAC,RED MAVERICK MEDIA LLC,PRINTING/POSTAGE,2026,SE24.1411,4091520261598532035,2011920,F24,48,N,A,True,True,202609149904205611,https://docquery.fec.gov/cgi-bin/fecimg/?202609149904205611,2026-09-14,2026-09-14,2026-10-09,"SHAHEEN, STEFANY",DEM,G2026
2026-10-09,51424.00,support,2026-S-ME,ME Senate (2026),S6ME00159,Susan M. Collins,S,ME,00,candidate_id,False,2026-S-ME,2026-S-ME,C00879510,America PAC,RED MAVERICK MEDIA LLC,PRINTING/POSTAGE,2026,SE24.1439,4091620261598620012,2012126,F24,48,N,A,True,True,202609159904217894,https://docquery.fec.gov/cgi-bin/fecimg/?202609159904217894,2026-09-15,2026-09-15,2026-10-09,"COLLINS, SUSAN M.",REP,G2026
2026-10-09,51424.00,oppose,2026-S-ME,ME Senate (2026),S6ME00464,Troy Jackson,S,ME,00,candidate_id,False,2026-S-ME,2026-S-ME,C00879510,America PAC,RED MAVERICK MEDIA LLC,PRINTING/POSTAGE,2026,SE24.1440,4091620261598620013,2012126,F24,48,N,A,True,True,202609159904217895,https://docquery.fec.gov/cgi-bin/fecimg/?202609159904217895,2026-09-15,2026-09-15,2026-10-09,"JACKSON, TROY DALE",DEM,G2026
2026-10-09,22949.17,support,2026-H-NY-17,NY-17 (2026),H2NY17162,Michael Lawler,H,NY,17,candidate_id,False,2026-H-NY-17,2026-H-NY-17,C00879510,America PAC,STORYTELLERS GROUP LLC,PRINTING/POSTAGE,2026,SE24.1790,4100220261600396038,2016111,F24,48,N,A,True,True,202610019908503271,https://docquery.fec.gov/cgi-bin/fecimg/?202610019908503271,2026-10-01,2026-10-01,2026-10-09,"LAWLER, MICHAEL VINCENT",REP,G2026
2026-10-09,22949.17,oppose,2026-H-NY-17,NY-17 (2026),H6NY17171,Cait Conley,H,NY,17,candidate_id,False,2026-H-NY-17,2026-H-NY-17,C00879510,America PAC,STORYTELLERS GROUP LLC,PRINTING/POSTAGE,2026,SE24.1791,4100220261600396039,2016111,F24,48,N,A,True,True,202610019908503272,https://docquery.fec.gov/cgi-bin/fecimg/?202610019908503272,2026-10-01,2026-10-01,2026-10-09,"CONLEY, CAIT",DEM,G2026
2026-10-09,23920.00,support,2026-H-NJ-07,NJ-07 (2026),H0NJ07261,"Thomas H. Kean, Jr.",H,NJ,07,candidate_id,False,2026-H-NJ-07,2026-H-NJ-07,C00879510,America PAC,STORYTELLERS GROUP LLC,PRINTING/POSTAGE,2026,SE24.1792,4100220261600396040,2016111,F24,48,N,A,True,True,202610019908503272,https://docquery.fec.gov/cgi-bin/fecimg/?202610019908503272,2026-10-01,2026-10-01,2026-10-09,"KEAN, THOMAS H. JR.",REP,G2026
2026-10-09,23920.00,oppose,2026-H-NJ-07,NJ-07 (2026),H6NJ07201,Rebecca Bennett,H,NJ,07,candidate_id,False,2026-H-NJ-07,2026-H-NJ-07,C00879510,America PAC,STORYTELLERS GROUP LLC,PRINTING/POSTAGE,2026,SE24.1793,4100220261600396041,2016111,F24,48,N,A,True,True,202610019908503273,https://docquery.fec.gov/cgi-bin/fecimg/?202610019908503273,2026-10-01,2026-10-01,2026-10-09,"BENNETT, REBECCA",DEM,G2026
2026-10-13,553223.32,support,2026-S-TX,TX Senate (2026),S6TX00388,Ken Paxton,S,TX,00,candidate_id,False,2026-S-TX,2026-S-TX,C00879510,America PAC,STORYTELLERS GROUP LLC,PRINTING/POSTAGE,2026,SE24.1676,4092920261599843170,2015607,F24,48,N,A,True,True,202609299908492900,https://docquery.fec.gov/cgi-bin/fecimg/?202609299908492900,2026-09-29,2026-09-29,2026-10-13,"PAXTON, WARREN KENNETH JR.",REP,G2026
2026-10-13,553223.32,oppose,2026-S-TX,TX Senate (2026),S6TX00479,James Talarico,S,TX,00,candidate_id,False,2026-S-TX,2026-S-TX,C00879510,America PAC,STORYTELLERS GROUP LLC,PRINTING/POSTAGE,2026,SE24.1677,4092920261599843171,2015607,F24,48,N,A,True,True,202609299908492901,https://docquery.fec.gov/cgi-bin/fecimg/?202609299908492901,2026-09-29,2026-09-29,2026-10-13,"TALARICO, JAMES",DEM,G2026
2026-10-15,51423.50,support,2026-S-ME,ME Senate (2026),S6ME00159,Susan M. Collins,S,ME,00,candidate_id,False,2026-S-ME,2026-S-ME,C00879510,America PAC,RED MAVERICK MEDIA LLC,PRINTING/POSTAGE,2026,SE24.1513,4092220261599309028,2014723,F24,48,N,A,True,True,202609219908383841,https://docquery.fec.gov/cgi-bin/fecimg/?202609219908383841,2026-09-21,2026-09-21,2026-10-15,"COLLINS, SUSAN M.",REP,G2026
2026-10-15,51423.50,oppose,2026-S-ME,ME Senate (2026),S6ME00464,Troy Jackson,S,ME,00,candidate_id,False,2026-S-ME,2026-S-ME,C00879510,America PAC,RED MAVERICK MEDIA LLC,PRINTING/POSTAGE,2026,SE24.1514,4092220261599309029,2014723,F24,48,N,A,True,True,202609219908383842,https://docquery.fec.gov/cgi-bin/fecimg/?202609219908383842,2026-09-21,2026-09-21,2026-10-15,"JACKSON, TROY DALE",DEM,G2026
2026-10-16,24288.00,support,2026-H-ME-02,ME-02 (2026),H6ME02148,Paul LePage,H,ME,02,candidate_id,False,2026-H-ME-02,2026-H-ME-02,C00879510,America PAC,RED MAVERICK MEDIA LLC,PRINTING/POSTAGE,2026,SE24.1509,4092220261599309024,2014723,F24,48,N,A,True,True,202609219908383839,https://docquery.fec.gov/cgi-bin/fecimg/?202609219908383839,2026-09-21,2026-09-21,2026-10-16,"LEPAGE, PAUL",REP,G2026
2026-10-16,24288.00,oppose,2026-H-ME-02,ME-02 (2026),H6ME02171,Matt Dunlap,H,ME,02,candidate_id,False,2026-H-ME-02,2026-H-ME-02,C00879510,America PAC,RED MAVERICK MEDIA LLC,PRINTING/POSTAGE,2026,SE24.1510,4092220261599309025,2014723,F24,48,N,A,True,True,202609219908383840,https://docquery.fec.gov/cgi-bin/fecimg/?202609219908383840,2026-09-21,2026-09-21,2026-10-16,"DUNLAP, MATT",DEM,G2026
2026-10-16,21137.00,support,2026-H-NH-01,NH-01 (2026),H6NH01420,Anthony DiLorenzo,H,NH,01,candidate_id,False,2026-H-NH-01,2026-H-NH-01,C00879510,America PAC,RED MAVERICK MEDIA LLC,PRINTING/POSTAGE,2026,SE24.1511,4092220261599309026,2014723,F24,48,N,A,True,True,202609219908383840,https://docquery.fec.gov/cgi-bin/fecimg/?202609219908383840,2026-09-21,2026-09-21,2026-10-16,"DILORENZO, ANTHONY",REP,G2026
2026-10-16,21137.00,oppose,2026-H-NH-01,NH-01 (2026),H6NH01321,Stefany Shaheen,H,NH,01,candidate_id,False,2026-H-NH-01,2026-H-NH-01,C00879510,America PAC,RED MAVERICK MEDIA LLC,PRINTING/POSTAGE,2026,SE24.1512,4092220261599309027,2014723,F24,48,N,A,True,True,202609219908383841,https://docquery.fec.gov/cgi-bin/fecimg/?202609219908383841,2026-09-21,2026-09-21,2026-10-16,"SHAHEEN, STEFANY",DEM,G2026
2026-10-16,29316.00,support,2026-S-NH,NH Senate (2026),S6NH00208,John Sununu,S,NH,00,candidate_id,False,2026-S-NH,2026-S-NH,C00879510,America PAC,RED MAVERICK MEDIA LLC,PRINTING/POSTAGE,2026,SE24.1540,4092520261599630104,2015089,F24,48,N,A,True,True,202609249908417862,https://docquery.fec.gov/cgi-bin/fecimg/?202609249908417862,2026-09-24,2026-09-24,2026-10-16,"SUNUNU, JOHN E",REP,G2026
2026-10-16,29316.00,oppose,2026-S-NH,NH Senate (2026),S6NH00141,Chris Pappas,S,NH,00,candidate_id,False,2026-S-NH,2026-S-NH,C00879510,America PAC,RED MAVERICK MEDIA LLC,PRINTING/POSTAGE,2026,SE24.1541,4092520261599630105,2015089,F24,48,N,A,True,True,202609249908417862,https://docquery.fec.gov/cgi-bin/fecimg/?202609249908417862,2026-09-24,2026-09-24,2026-10-16,"PAPPAS, CHRIS",DEM,G2026
2026-10-27,25288.50,support,2026-H-NH-01,NH-01 (2026),H6NH01420,Anthony DiLorenzo,H,NH,01,candidate_id,False,2026-H-NH-01,2026-H-NH-01,C00879510,America PAC,RED MAVERICK MEDIA LLC,PRINTING/POSTAGE,2026,SE24.1634,4092920261599843018,2015471,F24,48,N,A,True,True,202609289908481361,https://docquery.fec.gov/cgi-bin/fecimg/?202609289908481361,2026-09-28,2026-09-28,2026-10-27,"DILORENZO, ANTHONY",REP,G2026
2026-10-27,8429.50,oppose,2026-H-NH-01,NH-01 (2026),H6NH01321,Stefany Shaheen,H,NH,01,candidate_id,False,2026-H-NH-01,2026-H-NH-01,C00879510,America PAC,RED MAVERICK MEDIA LLC,PRINTING/POSTAGE,2026,SE24.1635,4092920261599843019,2015471,F24,48,N,A,True,True,202609289908481362,https://docquery.fec.gov/cgi-bin/fecimg/?202609289908481362,2026-09-28,2026-09-28,2026-10-27,"SHAHEEN, STEFANY",DEM,G2026
